tree
version=v4
num_class=1
num_tree_per_iteration=1
label_index=0
max_feature_idx=49
objective=binary sigmoid:1
feature_names=subband_ratio_0_300 subband_ratio_300_1k subband_ratio_1k_3k4 subband_ratio_3k4_5k subband_ratio_5k_8k bandedge_drop_300 bandedge_drop_3400 hf_void_frac hf_slope spec_centroid spec_spread spec_flatness spec_rolloff85 spec_rolloff95 spec_crest spec_tilt spec_skew spec_kurtosis srmr_mean srmr_max srmr_band1 srmr_band4 env_decay_slope env_decay_t12 gap_flatness mod_syllable_ratio f0_mean f0_std voiced_frac thd_proxy thd2_ratio thd3_ratio crest_factor_mean crest_factor_std dyn_range_db plateau_frac hbcorr_3k4_4k hbcorr_4k_8k qnoise_flatness noisefloor_var dead_floor_frac gating_drop_rate comfort_noise_score mean_energy_db zcr_mean zcr_std resonance_peak_db flux_mean flux_std silence_frac
feature_infos=[-1.1850804090499878:2.8258976936340332] [-2.3349976539611816:1.8833750486373901] [-0.96547740697860718:4.9569368362426758] [-0.34406790137290955:15.771713256835938] [-0.17899923026561737:12.075447082519531] [-2.4746646881103516:3.7736845016479492] [-2.4662981033325195:2.3385007381439209] [-1.5881704092025757:1.1247460842132568] [-0.087624073028564453:14.089105606079102] [-1.553316593170166:7.1220970153808594] [-1.9036487340927124:6.7015490531921387] [-0.6389433741569519:3.7302911281585693] [-1.2610257863998413:3.4786639213562012] [-1.5731645822525024:3.318819522857666] [-3.0022323131561279:1.0840407609939575] [-1.9159345626831055:2.1074669361114502] [-6.6378602981567383:4.7384557723999023] [-1.5887633562088013:5.1146183013916016] [-3.7069535255432129:0.511333167552948] [-4.9123740196228027:0.35791885852813721] [-2.0962400436401367:0.89697569608688354] [-3.5933692455291748:0.56220179796218872] [-1.4070017337799072:2.0306651592254639] [-1.6134411096572876:2.2230539321899414] [-0.65834873914718628:1.6683342456817627] [-2.0941751003265381:2.1447668075561523] [-3.3589410781860352:3.6125495433807373] [-2.0368924140930176:1.6711413860321045] [-3.9759731292724609:0.75011599063873291] [-1.9970928430557251:1.2039797306060791] [-1.8806029558181763:1.2097550630569458] [-1.4921039342880249:1.3712068796157837] [-2.9628498554229736:5.6453533172607422] [-1.8083564043045044:5.1479578018188477] [-2.4331696033477783:1.3796440362930298] [-1.2393938302993774:6.5482797622680664] [-4.1044778823852539:1.0101934671401978] [-3.6093180179595947:1.0559247732162476] [-0.67320710420608521:1.651829719543457] [-1.0553287267684937:6.7033133506774902] [-3.9224600791931152:0.98659259080886841] [-0.73731446266174316:6.1102561950683594] [-1.5526508092880249:1.0106213092803955] [-1.511103630065918:1.8062399625778198] [-1.7500463724136353:6.8243756294250488] [-1.7351233959197998:4.149134635925293] [-1.1423592567443848:6.1826596260070801] [-4.0038352012634277:1.7102067470550537] [-1.0105146169662476:3.033212423324585] [-0.7711140513420105:3.453991174697876]
tree_sizes=3391 3386 3378 3389 3369 3380 3380 3377 3391 3395 3405 3384 3383 3389 3378 3381 3375 3384 3377 3389 3389 3394 3373 3389 3394 3379 3393 3392 3396 3397 3394 3389 3398 3396 3406 3396 3386 3394 3382 3390 3394 3382 3395 3400 3413 3397 3399 3391 3404 3405 3410 3416 3395 3410 3409 3401 3414 3416 3410 3393 3411 3418 3404 3413 3416 3422 3438 3433 3431 3426 3424 3443 3429 3436 3445 3430 3431 3435 3439 3437 3428 3457 3445 3442 3434 3437 3438 3437 3441 3447 3446 3460 3454 3447 3473 3469 3454 3467 3464 3467 3480 3451 3467 3467 3473 3464 3470 3478 3481 3486 3471 3483 3479 3469 3478 3468 3483 3480 3498 3489 3495 3491 3467 3491 3488 3492 3501 3478 3512 3511 3512 3499 3497 3511 3496 3525 3524 3505 3517 3508 3513 3522 3526 3532 3527 3535 3541 3527 3535 3546 3535 3546 3541 3540 3539 3543 3535 3565 3545 3551 3557 3566 3555 3554 3544 3556 3571 3575 3561 3556 3562 3564 3570 3566 3565 3559 3557 3578 3552 3558 3574 3575 3564 3571 3607 3576 3584 3584 3595 3574 3594

Tree=0
num_leaves=31
num_cat=0
split_feature=42 31 47 21 15 39 2 11 43 6 48 30 12 16 43 0 20 49 2 10 37 48 3 3 5 44 47 45 23 39
split_gain=384.679 208.002 80.0452 62.6038 42.6015 37.5155 34.9033 26.7198 23.5031 19.1975 16.0931 17.6235 15.713 14.8563 12.9325 15.4432 12.7351 11.3855 10.1142 8.7697 7.26687 9.76473 6.38406 5.27887 4.4308 4.21304 4.27218 3.89763 3.34359 3.25976
threshold=0.88679862022399913 1.0941064357757571 0.52804893255233776 -0.10132554173469542 -0.2539385631680488 -0.19127560406923291 -0.80581837892532338 1.5227366089820864 -0.77936205267906178 0.81589388847351085 -0.76043426990509022 0.43696701526641851 -0.60915923118591297 -0.15955306589603421 0.87056484818458568 2.3840988874435429 0.87906870245933544 1.4200972914695742 -0.61884307861328114 -0.76941514015197743 1.0436953306198122 1.9894382953643801 0.81882548332214367 6.6229801177978525 -1.4654603004455564 -1.1117824912071226 -1.5699568986892698 -0.91501882672309864 2.1887995004653935 -0.14476475119590757
decision_type=2 2 2 2 2 2 2 2 2 2 2 2 2 2 2 2 2 2 2 2 2 2 2 2 2 2 2 2 2 2
left_child=1 3 4 5 9 6 -1 13 -2 -3 11 -5 -11 27 15 -15 18 -18 -6 -10 28 -22 -4 -9 -21 -20 -27 -8 -12 -26
right_child=8 2 22 10 16 -7 7 23 19 12 20 -13 -14 14 -16 -17 17 -19 25 24 21 -23 -24 -25 29 26 -28 -29 -30 -31
leaf_value=-0.099999959590071644 -0.099999959590071644 -0.099999959590071644 -0.099999959590071644 -0.099999959590071644 0.010893555258345001 -0.099999959590071644 -0.099999959590071033 -0.099999959590071644 -0.099999959590071644 0.058947410149396855 -0.099999959590071644 0.079405981750499857 -0.099999959590071685 -0.099999959590071574 0.089144090929188735 0.070621510349277661 0.045052875833953648 -0.099999959590071588 -0.099999959590074058 -0.099999959590071644 -0.099999959590071644 0.031877771482745926 0.0074733520276811516 0.0074733520276811473 0.098411041237571495 -0.099999959590074058 0.09157785150662065 0.084146382463205341 -0.049072470703688087 0.068151489153450928
leaf_weight=6.5935429930686942 1.6117549538612355 5.4213575720787039 10.842715144157408 2.6374171972274771 4.6042091846466056 11.428807854652403 0.29304635524749834 4.1026489734649649 0.58609271049499412 6.4244779944419861 90.551323771476746 2.8459310531616211 2.0513244867324811 3.9561257958412188 2.6994078755378723 1.9949694871902464 5.8665627837181082 1.7582781314849851 0.29304635524748945 0.29304635524749656 3.0769867300987235 2.5810621976852417 1.5835774540901173 1.5835774540901182 73.768787384033203 0.29304635524748945 41.753471732139602 14.787570476531982 3.3418555855751029 10.12137061357498
leaf_count=45 11 37 74 18 17 78 2 28 4 15 618 5 14 27 4 4 16 12 2 2 21 8 6 6 90 2 59 24 18 21
internal_value=-0.000997525 -0.0343636 0.0304445 -0.0687463 0.0516339 -0.0210738 0.003975 0.0272797 0.0891441 -0.0265206 -0.0902779 -0.00688588 0.0204788 0.0506056 -0.00162862 -0.042803 0.0715378 0.0116039 0.0812726 0.0927404 -0.0948712 -0.0398406 -0.0863038 -0.0700693 0.0940822 0.0889259 0.0902426 0.0805681 -0.0981873 0.0947602
internal_weight=319.747 233.366 80.8921 152.474 68.4658 47.4397 36.0109 29.4173 86.3811 13.8972 105.035 5.48335 8.4758 23.7311 8.6505 5.9511 54.5686 7.62484 46.9438 84.7693 99.5512 5.65805 12.4263 5.68623 84.1832 42.3396 42.0465 15.0806 93.8932 83.8902
internal_count=1288 1160 254 906 174 218 140 95 128 66 688 23 29 61 35 31 108 28 80 117 665 29 80 34 113 63 61 26 636 111
is_linear=0
shrinkage=1


Tree=1
num_leaves=31
num_cat=0
split_feature=42 31 37 39 43 20 17 44 10 24 15 2 19 20 6 11 30 20 15 2 39 5 16 26 47 47 40 0 6 5
split_gain=347.561 176.749 76.3807 73.1352 33.6295 32.8895 31.3306 28.2311 20.2789 19.5488 18.9412 12.9056 12.0054 9.8946 9.72504 7.86767 7.7306 7.63972 16.7069 7.14883 4.87643 8.05932 4.69108 3.84655 3.90576 3.36845 2.80233 4.26879 2.18748 1.16285
threshold=0.87939563393592846 1.0941064357757571 1.0411947369575503 -0.26255279779434199 0.92544731497764599 0.81887200474739086 -0.62996697425842274 -0.74830713868141163 1.9473831653594973 0.16039285808801654 1.20572966337204 2.6801035404205327 -3.6593271493911739 -1.0976310372352598 0.39972481131553655 -0.60083326697349537 -1.2925649881362913 -1.3980294466018675 0.43996872007846838 -0.5430883765220641 -0.13097611069679257 1.3109471797943117 1.2390635609626772 -1.1223552227020261 -1.5699568986892698 -1.5790823101997373 -1.8644095063209531 0.54156625270843517 -1.6408551335334776 0.54901859164237987
decision_type=2 2 2 2 2 2 2 2 2 2 2 2 2 2 2 2 2 2 2 2 2 2 2 2 2 2 2 2 2 2
left_child=1 2 8 5 13 19 17 -2 11 -10 -7 25 -8 -5 -9 -6 -16 -4 -19 -3 -18 -22 -14 -21 -25 -1 27 -27 -26 -30
right_child=7 3 6 4 15 10 12 14 9 -11 -12 -13 22 -15 16 -17 20 18 -20 23 21 -23 -24 24 28 26 -28 -29 29 -31
leaf_value=-0.039150417442850922 -0.095241873802437121 0.024273636883198852 0.089916591440619476 -0.0022564710294040043 -0.031155466973087111 -0.097165241757938475 0.022855650946407808 -0.095241873802437121 -0.095241873802437121 0.074058961836917611 0.061625232687691822 0.01253204637239881 -0.095980215594083942 -0.096171649297312131 -0.012589432600536313 0.075917023221210134 0.094593412795770715 0.069360655504754842 -0.096278083717762294 -0.095241873802437121 0.0085682032092261346 0.096705951059175108 -0.0078262507978805549 -0.095241873802437121 -0.10479509788464964 -0.095241873802437108 -0.095423627908968356 0.011119220028126837 0.072894522622903052 0.093751552132075172
leaf_weight=2.8956616520881644 2.1923620998859397 5.451143190264701 7.9368088841438293 3.4541896432638195 2.4578661024570465 4.6789052784442893 4.1588484495878211 0.73078736662864585 3.0693069398403159 3.8361167013645172 3.1372221708297729 3.0149379819631568 7.7482068389654142 14.912630289793016 1.8722486346960057 5.6814820170402509 75.000148266553879 4.9789549112319964 2.1927972286939621 0.29231494665145774 4.5980842411518079 5.9498195052146912 1.8741762340068815 0.29231494665145774 0.14621640741825004 2.3385195732116695 101.14529906213284 1.581236809492111 8.669085890054701 29.166576966643333
leaf_count=15 15 18 11 14 12 32 14 5 21 7 7 11 53 102 8 10 90 10 15 2 17 7 8 2 1 16 692 6 16 36
internal_value=-0.000854498 -0.0341027 -0.0664711 0.02654 -0.0410177 0.0610868 0.00638935 0.0819907 -0.0843274 -0.00119149 -0.0334302 -0.0895005 -0.0481299 -0.0785093 0.0863986 0.043584 0.087917 0.0561189 0.0187158 0.07787 0.0901166 0.0582846 -0.0788102 0.0854456 0.0868255 -0.0923499 -0.0938161 -0.0523356 0.0882268 0.0889727
internal_weight=315.454 225.111 146.771 78.3399 26.5062 51.8338 28.8898 90.3435 117.881 6.90542 7.81613 110.976 13.7812 18.3668 88.1511 8.13935 87.4203 15.1086 7.17175 44.0177 85.5481 10.5479 9.62238 38.5665 38.2742 107.961 105.065 3.91976 37.9819 37.8357
internal_count=1273 1131 879 252 138 114 111 142 768 28 39 740 75 116 127 22 122 36 25 75 114 24 61 57 55 729 714 22 53 52
is_linear=0
shrinkage=0.05


Tree=2
num_leaves=31
num_cat=0
split_feature=42 31 39 36 43 48 46 43 20 26 10 18 6 10 16 23 31 30 15 2 21 20 39 21 27 25 13 7 6 5
split_gain=310.788 169.384 61.659 56.9659 33.0646 32.8114 24.8257 24.5586 20.9593 18.288 17.1684 15.1715 14.055 13.7936 8.20937 7.47275 22.1968 7.04158 6.24708 6.2094 7.66391 5.2811 5.1891 7.10952 4.16057 3.94034 2.08202 4.38724 1.98305 1.44352
threshold=0.87939563393592846 1.0941064357757571 -0.26255279779434199 1.0016608238220217 0.92544731497764599 1.3351942300796511 -1.1303544640541074 0.88588929176330578 0.81887200474739086 0.33974093198776251 -0.72836467623710621 0.2771232277154923 0.39972481131553655 -1.2267066836357114 -0.42882446944713587 0.68160492181777965 0.19410157203674319 -1.2925649881362913 0.42185051739215856 -0.5430883765220641 -1.2216161489486692 -1.5226978063583372 -0.1285617649555206 -1.3812686800956724 -1.4155128002166746 -1.6602700948715208 1.4988964200019839 0.61978712677955639 -1.6408551335334776 0.81021389365196239
decision_type=2 2 2 2 2 2 2 2 2 2 2 2 2 2 2 2 2 2 2 2 2 2 2 2 2 2 2 2 2 2
left_child=1 3 8 6 11 -5 7 14 19 -10 -2 -4 -12 -7 -1 26 24 -14 -6 20 -3 -15 -19 -24 -17 -21 -8 -28 -27 -30
right_child=10 2 4 5 18 13 15 -9 9 -11 12 -13 17 21 -16 16 -18 22 -20 25 -22 -23 23 -25 -26 28 27 -29 29 -31
leaf_value=0.0028013372047859097 -0.091584742790873516 0.097027452048485396 0.011866318857154943 -0.093856505145120062 -0.0030852313453087078 -0.093399081078468518 -0.091408666383756138 0.060842783719717089 -0.09294487606452255 0.058037543249244733 -0.091131788052204704 -0.092255519408464812 -0.011955419544707892 0.082650137937255008 -0.091553740244416981 -0.019938701115262799 0.035785328007854021 0.090605241875528181 0.083152806306970556 -0.10066074399120734 -0.014482738361365925 0.021812216535399827 0.08885529587551666 0.0063880380680827993 -0.091708402121859711 -0.099343478183487044 -0.091124630171417087 0.010825145113340514 0.07024199642304059 0.091633622005072773
leaf_weight=3.2907021790742883 1.4524382799863804 2.5495097041130066 4.5930880606174496 5.531985595822337 3.4479503184556943 1.6021462082862896 82.468808963894844 6.2498788386583319 3.7804912477731687 4.2721083164215088 1.1610852479934681 14.680906891822817 1.8729411810636509 9.8951123952865618 7.6979621201753625 2.3026140481233659 4.9918417036533347 76.184770524501801 5.3716311901807785 0.29040783643722434 3.8947113305330268 5.5778864175081191 6.071972981095314 4.5883749276399595 16.414698779582977 0.14651678502559562 3.1929304152727118 1.5761843323707578 11.454703003168104 25.315533638000488
leaf_count=13 10 3 17 38 14 11 568 14 26 10 8 101 8 15 53 11 15 92 8 2 17 19 8 17 113 1 22 6 21 30
internal_value=0.000885425 -0.030033 0.028876 -0.0612069 -0.0307495 0.0119717 -0.0741128 -0.0182903 0.0612738 -0.0128449 0.078947 -0.0674428 0.0817028 0.0462578 -0.0632979 -0.0827863 -0.057895 0.0839647 0.0494387 0.0749468 0.0296337 0.0607186 0.0860334 0.0533601 -0.0828793 0.082795 -0.0895511 -0.0574304 0.0842382 0.0849697
internal_weight=321.922 230.59 79.7976 150.793 28.0936 22.6071 128.186 17.2385 51.704 8.0526 91.3316 19.274 89.8791 17.0751 10.9887 110.947 23.7092 88.7181 8.81958 43.6514 6.44422 15.473 86.8451 10.6603 18.7173 37.2072 87.2379 4.76911 36.9168 36.7702
internal_count=1291 1148 250 898 140 83 815 80 110 36 143 118 133 45 66 735 139 125 22 74 20 34 117 25 124 54 596 28 52 51
is_linear=0
shrinkage=0.05


Tree=3
num_leaves=31
num_cat=0
split_feature=42 31 39 46 21 20 43 39 11 43 2 48 26 16 23 27 11 16 30 46 48 39 21 3 47 25 27 26 0 47
split_gain=298.826 147.515 65.1321 49.0388 50.5008 28.511 21.566 19.1638 25.3105 18.783 15.7786 14.6656 13.0016 10.1803 10.1534 10.6652 10.1269 8.68029 6.4957 6.07945 4.63782 4.38121 7.71387 3.6746 5.63445 2.02674 1.85794 1.81859 0.891596 0.122609
threshold=0.87939563393592846 1.0941064357757571 -0.26255279779434199 -0.44423526525497431 0.26985305547714239 0.81887200474739086 0.92544731497764599 -0.15471060574054715 1.5278774499893191 -0.77936205267906178 2.6801035404205327 -0.74262049794197071 0.33974093198776251 0.10874573141336442 -0.27751887589693064 0.34258374571800237 -0.63874933123588551 1.2390635609626772 -1.2925649881362913 -1.1418157219886778 2.0645774602890019 -0.15861956030130384 -0.78898501396179188 -0.34045849740505213 -1.5699568986892698 -1.7895374894142149 0.40890669822692877 -1.1223552227020261 -0.80195868015289296 -1.479186415672302
decision_type=2 2 2 2 2 2 2 2 2 2 2 2 2 2 2 2 2 2 2 2 2 2 2 2 2 2 2 2 2 2
left_child=1 3 5 4 7 19 11 8 14 -2 17 -4 -7 -8 15 -1 -11 -6 -18 -3 -10 -20 -23 -21 -25 -26 -16 -27 29 -29
right_child=9 2 6 -5 10 12 13 -9 20 16 -12 -13 -14 -15 26 -17 18 -19 21 23 -22 22 -24 24 25 27 -28 28 -30 -31
leaf_value=0.051994721114890743 -0.087543429881086834 -0.014254089466221719 0.013120766182235968 -0.088223657437019487 -0.088243604017955349 -0.089908499457209232 -0.038888498126731751 -0.088332217456192297 -0.090643816447576353 -0.091059603236016293 0.066317459054382008 -0.088996579555192287 0.040018205483171178 0.084046872223562039 0.084892375707699336 -0.091228686161467426 -0.011354403202184537 -0.010999507491552006 0.087455125859121949 -0.098368580592526983 0.010118016014404726 0.083874477873751699 0.0035819672279006052 -0.098744118779855047 -0.10441782211263483 -0.094124849637977459 0.049557064951405799 0.08146357972294381 0.069261133747882869 0.088727337794793915
leaf_weight=3.2485069036483862 1.7226791381835926 1.8612977564334858 4.5810724496841475 76.927095249295235 29.628403753042221 4.1838027089834204 2.7494313418865195 3.8840983659028998 4.1974718719720832 0.8657752126455297 1.9842264354228962 15.121796876192093 3.5672130286693573 4.3457659780979156 11.389986693859102 2.1668117493391037 1.873462215065955 4.1459311544895163 74.411593332886696 0.29273299872875114 1.5688086450099943 8.6958930492401105 4.5598760843276969 0.43896731734275718 0.14626088738441367 0.14595231413841148 5.5244534760713568 7.8215765804052308 9.4302489161491447 22.58329039812088
leaf_count=8 12 8 17 535 206 29 14 27 29 6 4 105 10 6 16 15 8 19 90 2 6 12 17 3 1 1 14 11 17 27
internal_value=0.000308868 -0.0311147 0.0246622 -0.0609065 -0.0298839 0.058112 -0.0383369 0.0157672 0.0301582 0.0760068 -0.0707112 -0.0652535 -0.030113 0.0364087 0.0542741 -0.00531274 0.0791232 -0.0787616 0.0807687 0.0741192 -0.06323 0.0827374 0.0562545 0.078145 0.0794187 0.0813677 0.0733515 0.0820474 0.0826928 0.0868588
internal_weight=314.064 221.935 77.2694 144.666 67.7387 50.4713 26.7981 31.9801 28.096 92.1293 35.7586 19.7029 7.75102 7.0952 22.3298 5.41532 90.4066 33.7743 89.5408 42.7203 5.76628 87.6674 13.2558 40.859 40.5663 40.1273 16.9144 39.9811 39.8351 30.4049
internal_count=1275 1130 251 879 344 109 142 115 88 145 229 122 39 20 53 23 133 225 127 70 35 119 29 62 60 57 30 56 55 38
is_linear=0
shrinkage=0.05


Tree=4
num_leaves=31
num_cat=0
split_feature=42 31 47 36 4 48 46 43 46 43 2 10 10 16 11 36 11 35 31 2 7 13 29 2 3 21 47 6 40 36
split_gain=278.98 142.553 53.7326 47.6426 33.852 26.1856 21.24 20.1232 17.4734 15.979 11.9882 10.5291 7.68226 7.24593 6.4753 25.8721 5.77207 5.61266 7.37064 5.46203 5.20868 4.54489 4.24896 4.20604 4.063 5.41763 2.7658 2.0097 1.99822 4.47462
threshold=0.88129737973213207 1.0941064357757571 0.52804893255233776 1.0016608238220217 -0.17899551242589948 1.3351942300796511 -1.1303544640541074 0.88588929176330578 0.15317334234714511 -0.77936205267906178 -0.53429958224296559 -1.2267066836357114 -0.76941514015197743 -0.42882446944713587 1.519635081291199 0.99872043728828441 -0.45649655163288111 -0.68287792801856984 0.21554592251777652 -0.61884307861328114 0.97622871398925792 1.3906562924385073 0.1375900134444237 0.46331439912319189 -0.32783946394920344 -2.242918729782104 -1.5573325753211973 0.99995222687721264 -1.8644095063209531 0.015049492940306665
decision_type=2 2 2 2 2 2 2 2 2 2 2 2 2 2 2 2 2 2 2 2 2 2 2 2 2 2 2 2 2 2
left_child=1 3 4 6 8 -5 7 13 21 -2 -10 -7 -11 -1 19 -16 -4 18 -8 -6 26 -3 24 -13 -14 -26 -19 -12 29 -28
right_child=9 2 16 5 14 11 17 -9 10 12 27 23 22 -15 15 -17 -18 20 -20 -21 -22 -23 -24 -25 25 -27 28 -29 -30 -31
leaf_value=0.003078243300270957 -0.084397453519105936 -0.091569896795697367 -0.086371631648024916 -0.087598389202221516 0.009974164047459301 -0.085949520333793938 -0.085119687876840724 0.052633328500027346 -0.092168205220206426 -0.086313372712322117 0.026157732142844566 0.021755262345446523 0.080927979282708978 -0.085837783812507978 -0.097019343212052481 0.077566137399325108 0.021507645396871302 -0.033393054598194929 0.03349179246924068 0.080308332687266892 0.010237009859103897 0.0044544373276496014 0.082796318253426149 0.077651749384231972 0.078109603234215452 -0.015568147278315901 -0.085252465000358033 0.075196687158745751 -0.084978018307049472 0.017684419494549873
leaf_weight=3.2648685872554788 1.5566701292991627 6.1775342971086529 10.243398189544676 5.0037332028150585 3.0003493577241889 1.4244907647371299 2.6970465928316107 6.3368317186832419 1.7352880686521519 0.71294313669204612 3.933436304330824 5.4012972265481922 5.9239112883806229 7.683411270380021 2.8991634994745237 7.9167080670595169 1.4106827527284611 2.8499863296747199 2.5463279336690903 34.505364671349525 1.555812045931815 1.5393075942993162 77.498441651463509 8.928946301341055 2.6411686539649963 3.7132936567068082 3.2668085992336264 4.4561149924993515 93.467357993125916 1.5598194003105161
leaf_count=13 11 43 72 35 11 10 19 15 12 5 13 18 8 54 20 12 5 15 8 49 6 6 99 14 4 16 23 7 659 6
internal_value=0.0011626 -0.0289734 0.0256833 -0.0581078 0.0431207 0.0120482 -0.0697372 -0.0182786 -0.0157375 0.074436 0.0274608 0.0436961 0.0771684 -0.0593223 0.0648528 0.030769 -0.0733133 -0.0779774 -0.0275187 0.0746818 -0.0805536 -0.0724156 0.0784667 0.0565835 0.0511388 0.0233681 -0.0819501 0.0522048 -0.083358 -0.0519864
internal_weight=315.851 223.804 77.8173 145.987 66.1633 20.7585 125.228 17.2851 17.8417 92.0464 10.1248 15.7547 90.4898 10.9483 48.3216 10.8159 11.6541 107.943 5.24337 37.5057 102.7 7.71684 89.7768 14.3302 12.2784 6.35446 101.144 8.38955 98.294 4.82663
internal_count=1288 1145 250 895 173 77 818 82 81 143 32 42 132 67 92 32 77 736 27 60 709 49 127 32 28 20 703 20 688 29
is_linear=0
shrinkage=0.05


Tree=5
num_leaves=31
num_cat=0
split_feature=42 31 39 37 17 43 46 26 20 10 26 48 43 39 48 35 29 22 25 2 44 2 46 43 2 26 25 4 42 5
split_gain=241.84 124.157 44.8743 43.4115 27.7175 21.8857 18.594 23.9364 17.5539 17.2401 15.2929 12.6998 10.8204 10.5739 7.94895 7.22673 6.18466 5.95819 5.93781 5.52935 4.61551 4.00568 3.27761 2.09677 4.20669 1.81318 1.78242 1.53773 1.2202 0.32896
threshold=0.87462106347084057 1.0941064357757571 -0.26255279779434199 1.0411947369575503 -0.6629393696784972 0.92544731497764599 -1.1303544640541074 0.47473526000976568 0.81887200474739086 -0.72836467623710621 0.33974093198776251 -0.74262049794197071 0.88588929176330578 -0.45028291642665857 1.4190925359725954 2.1064214706420903 0.1375900134444237 -0.62481114268302906 0.63869404792785656 3.3320112228393559 -1.1706720590591428 -0.5430883765220641 0.98465868830680858 1.1415938735008242 -0.42692142724990839 0.59257903695106517 -1.6602700948715208 -0.17899862676858899 0.89384356141090404 0.78052407503128063
decision_type=2 2 2 2 2 2 2 2 2 2 2 2 2 2 2 2 2 2 2 2 2 2 2 2 2 2 2 2 2 2
left_child=1 3 8 6 14 11 7 -1 20 -2 -10 -4 -9 -11 -5 18 17 -15 -6 23 -3 -22 -7 -8 -25 -16 -23 -28 -18 -29
right_child=9 2 5 4 15 22 19 12 10 13 -12 -13 -14 16 25 -17 28 -19 -20 -21 21 26 -24 24 -26 -27 27 29 -30 -31
leaf_value=-0.085203059816853444 -0.083720109559522873 -0.096985478517123747 0.012703949215977046 -0.03120899996509896 -0.085430022682786835 4.7063879528258539e-07 -0.082203178570948915 -0.035778187754783322 -0.085183471572264524 -0.081617422473513265 0.051488791966875072 -0.083640553652410105 0.082709138593265522 -0.014083612313742361 0.049213725161173699 0.019424269943096477 0.062150134643895918 0.062364833712009876 0.024603412258119177 0.019214587020985899 0.03053067910092876 -0.099241082747711692 0.066178151541427366 -0.08235900843824856 0.019536102831082185 0.089630411586333947 0.042677795798814644 0.069860862545857147 0.08165525764194792 0.082215736354745661
leaf_weight=7.4939094036817542 1.8261754512786854 0.42983920872211356 4.5526172369718596 2.5134852975606945 9.1851612925529462 3.0838365107774726 92.08402281999588 3.0806425809860212 3.9611104577779752 1.1127229928970326 4.2351094186306 13.754307523369789 5.1445073187351227 3.5002962201833716 6.2539946138858777 2.8116906732320777 9.1804112643003446 9.3748290836811048 1.4149486273527134 1.4083371907472599 6.0801751762628546 0.14651460945606132 4.7573374360799789 2.9336781352758408 1.5470798611640919 4.9883894324302673 3.2042360305786053 7.1458254903555014 63.334142774343491 21.898736894130707
leaf_count=53 13 3 17 13 65 12 660 17 28 8 10 98 7 15 15 10 17 18 5 5 18 1 9 21 6 6 8 12 79 27
internal_value=-0.00130109 -0.0300187 0.0227807 -0.0574753 -0.000692386 -0.029744 -0.0710441 -0.0205627 0.0519394 0.0683107 -0.0145629 -0.0596813 0.038331 0.0715203 0.0491754 -0.0518395 0.0735158 0.0415812 -0.0707423 -0.0791434 0.0659495 0.0677698 0.0401513 -0.0805779 -0.0471775 0.0671471 0.0747591 0.0755496 0.0791859 0.0791761
internal_weight=302.438 214.109 73.2496 140.86 27.1677 26.1481 113.692 15.7191 47.1015 88.3286 8.19622 18.3069 8.22515 86.5024 13.7559 13.4118 85.3897 12.8751 10.6001 97.9731 38.9053 38.4755 7.84117 96.5648 4.48076 11.2424 32.3953 32.2488 72.5146 29.0446
internal_count=1276 1126 243 883 114 136 769 77 107 150 38 115 24 137 34 80 129 33 70 692 69 66 21 687 27 21 48 47 96 39
is_linear=0
shrinkage=0.05


Tree=6
num_leaves=31
num_cat=0
split_feature=42 39 29 5 40 17 21 44 20 15 30 43 36 48 48 9 29 43 30 11 26 45 37 39 32 39 4 22 25 11
split_gain=238.163 106.985 62.1153 29.1955 28.2361 28.2021 23.164 22.4795 16.1282 14.2824 12.4759 10.7986 11.6505 11.476 8.45316 7.59457 5.93634 14.9459 5.5297 4.4325 4.37596 5.16301 4.18854 3.94617 3.35887 1.77326 1.59469 1.10046 4.05126 0.217104
threshold=0.88679862022399913 -0.27854721248149866 0.93491452932357799 1.714001536369324 -0.40119558572769159 -0.66726353764533985 0.55320230126380932 2.464346289634705 0.81887200474739086 1.20572966337204 -1.2925649881362913 0.77143299579620372 1.0039024949073794 1.3351942300796511 1.3351942300796511 -1.0259265303611753 1.203634560108185 0.92544731497764599 1.1992961764335635 -0.63874933123588551 -0.044610053300857537 0.083320770412683501 1.0418377518653872 -0.45028291642665857 -0.18642117828130719 -0.1202682927250862 -0.17896795272827146 -0.92961961030960072 0.94571739435195934 1.5165188908576968
decision_type=2 2 2 2 2 2 2 2 2 2 2 2 2 2 2 2 2 2 2 2 2 2 2 2 2 2 2 2 2 2
left_child=1 2 5 16 -5 6 14 11 15 22 -2 12 -7 -14 -1 -4 27 18 -18 -12 21 -17 -10 -21 -25 -26 -22 28 -3 -28
right_child=10 3 8 4 -6 7 -8 -9 9 -11 19 -13 13 -15 -16 20 17 -19 -20 23 26 -23 -24 24 25 -27 29 -29 -30 -31
leaf_value=-0.011057035054873167 -0.03459649229993305 -0.07966367304246523 -0.086241286590569746 0.073673506949371304 -0.082645233484164457 -0.080899963043035247 -0.084015644711141466 0.07152713612568494 -0.083237717593796876 0.067263655275591624 -0.087346872345253526 0.044333680693803008 -0.080949286636225859 0.035300133969003597 0.074193300245948265 -0.012851929970732139 0.022334415660194739 0.031717816863322416 -0.081732069411098604 -0.079139393739356328 0.045031876469969728 0.068959884462584248 0.012415604987619271 -0.093898141784039213 0.079772625841356762 0.056755446534031723 0.081598658504598298 -0.080197560715355928 0.012949626221406024 0.072214202760195426
leaf_weight=3.9047092199325588 2.6814009696245185 5.3378389030694953 0.83707568049430747 7.190049022436142 4.8290618658065778 28.673503205180168 3.9047725647687903 3.5992282330989829 4.3156176060438138 3.7274551540613174 0.41850371658801933 2.3782940655946723 3.7267098128795606 4.933414414525032 11.38957220315933 3.4875422716140703 1.4122273325920112 4.5798016041517249 13.281550914049149 0.40902766585349937 4.0913780033588401 4.3138137012720108 1.5575017333030698 0.28804013133048911 73.186092436313629 9.4479495137929899 18.491072595119487 67.900339066982269 1.5162381231784818 9.2438714653253538
leaf_count=18 14 39 6 12 35 208 28 6 31 7 3 7 27 15 18 15 5 13 96 3 10 7 6 2 92 19 23 495 6 14
internal_value=0.00130463 -0.0264737 0.00747408 -0.0625113 0.0108675 -0.0257644 0.024678 -0.0481245 0.0489747 -0.00928721 0.0715684 -0.058969 -0.0655497 -0.0147255 0.0524284 0.0627978 -0.071891 -0.0471488 -0.0717302 0.0749675 0.065946 0.0323865 -0.0578713 0.0757827 0.0765468 0.077141 0.0741722 -0.0782701 -0.059176 0.0784709
internal_weight=305.054 218.623 112.576 106.047 12.0191 62.5102 19.1991 43.3111 50.0653 9.60057 86.431 39.7119 37.3336 8.66012 15.2943 40.4648 94.028 19.2736 14.6938 83.7496 39.6277 7.80136 5.87312 83.3311 82.9221 82.634 31.8263 74.7544 6.85408 27.7349
internal_count=1280 1147 446 701 47 327 64 263 119 44 133 257 250 42 36 75 654 114 101 119 69 22 37 116 113 111 47 540 45 37
is_linear=0
shrinkage=0.05


Tree=7
num_leaves=31
num_cat=0
split_feature=42 31 47 37 4 48 18 46 26 20 5 25 44 43 35 6 11 36 22 2 11 47 5 17 42 36 1 20 35 36
split_gain=214.204 107.811 44.3738 42.5437 29.5928 21.4773 15.1119 14.8886 21.1027 14.6581 14.1577 12.7489 10.4465 9.96241 8.3092 6.02259 5.22973 20.9943 5.10415 4.74425 3.98774 3.52825 3.1489 2.77528 2.54069 2.67089 4.21522 0.581932 1.48636 0.262243
threshold=0.88129737973213207 1.0941064357757571 0.52804893255233776 1.0411947369575503 -0.17899551242589948 1.3351942300796511 0.44630447030067449 -1.1303544640541074 0.47473526000976568 -1.150906980037689 0.092076938599348082 0.44954825937747961 -0.92753231525421131 0.88588929176330578 -0.72151306271553028 0.39972481131553655 1.5172848105430605 0.99872043728828441 0.26371690630912786 -0.61884307861328114 -0.63874933123588551 -1.5790823101997373 -1.4654603004455564 -0.675724297761917 0.89617446064949047 -1.3298637270927427 0.5168367624282838 -0.88067832589149464 -0.2294909060001373 -0.1379771679639816
decision_type=2 2 2 2 2 2 2 2 2 2 2 2 2 2 2 2 2 2 2 2 2 2 2 2 2 2 2 2 2 2
left_child=1 3 4 7 9 -5 23 8 -1 -3 -11 -8 -2 -10 -9 -14 19 -18 -4 -6 -17 -16 -22 -7 25 -24 -27 -21 -29 -26
right_child=12 2 18 5 16 6 11 14 13 10 -12 -13 15 -15 21 20 17 -19 -20 27 22 -23 24 -25 29 26 -28 28 -30 -31
leaf_value=-0.080410190369997817 -0.078071550019748831 0.045110728868493932 -0.079921880400734821 -0.079274574006227699 0.0077612410788879607 0.075256203405535863 -0.083008843958781997 0.0015600400281648432 -0.034694889051589177 0.035711633432472877 -0.085427584096892939 0.06966928548156226 -0.078965595439298611 0.078660550225730264 -0.013838767173497366 -0.084353220397215462 -0.091997979856949297 0.070406601540235855 0.02305268383111304 0.079206184572211388 -0.092561411621968084 -0.077487228006788172 0.079637880086138105 0.030999314160382936 0.077308677674590667 -0.0098829153126925966 0.062937194459562182 0.082703138958711189 0.049144794353449109 0.067795075567358698
leaf_weight=7.6724167615175238 1.214422434568404 6.2737645059824017 10.299845322966574 5.9825180321931866 2.9679554998874655 8.3287499696016294 4.4225989878177616 3.5891443938016883 3.1521860212087613 3.4189410656690589 8.188732907176016 1.9791513979434965 0.67634594440460105 5.0332799106836319 2.2306365370750418 0.41185477375984092 2.6959012597799283 7.5994443148374557 1.3625798523426045 19.713071465492245 0.29102963209152122 91.103411048650742 5.56061166524887 6.1638532131910369 60.1773625165224 3.2267803996801359 5.1734142005443573 6.4900361895561218 6.7121603935956973 8.2348347306251579
leaf_count=56 9 16 76 44 11 12 32 16 18 10 59 4 5 7 11 3 19 12 5 25 2 680 7 19 78 13 9 8 15 13
internal_value=0.000294338 -0.0262269 0.0218149 -0.0522751 0.0381462 0.00425552 0.028172 -0.0657469 -0.0208341 -0.0164659 -0.0497471 -0.0358072 0.0675225 0.0350079 -0.0730952 0.0696336 0.0592933 0.0278799 -0.0678908 0.0683062 0.0708434 -0.0759661 0.0716166 0.0564333 0.0721967 0.0527581 0.0349647 0.0737655 0.0656417 0.0761635
internal_weight=300.347 215.38 75.7224 139.658 64.06 26.8769 20.8944 112.781 15.8579 17.8814 11.6077 6.40175 84.9667 8.18547 96.9232 83.7522 46.1786 10.2953 11.6624 35.8832 83.0759 93.334 82.664 14.4926 82.373 13.9608 8.40019 32.9153 13.2022 68.4122
internal_count=1294 1155 256 899 175 111 67 788 81 85 69 36 139 25 707 130 90 31 81 59 125 691 122 31 120 29 22 48 23 91
is_linear=0
shrinkage=0.05


Tree=8
num_leaves=31
num_cat=0
split_feature=42 31 37 47 48 2 3 43 48 20 7 46 22 23 36 39 31 5 12 0 3 2 46 47 16 30 31 17 43 34
split_gain=192.687 106.085 43.8996 41.4466 19.8899 16.9036 12.0854 11.4465 10.8521 10.0448 10.0876 9.86617 16.1189 8.92213 6.90292 6.63457 13.1943 5.06646 4.86505 4.00735 4.8142 3.55803 3.47594 3.43935 2.18232 1.47288 1.36529 0.067278 0.0501677 0.0486779
threshold=0.88129737973213207 1.0941064357757571 1.0411947369575503 0.52804893255233776 1.3351942300796511 -0.5430883765220641 -0.33060191571712488 -0.77936205267906178 1.7605182528495791 0.81887200474739086 -0.80597922205924977 -1.1303544640541074 -0.75636914372444142 -0.071992371231317506 1.0039024949073794 -0.15861956030130384 0.67171961069107067 0.68208512663841259 1.0000000180025095e-35 -1.056894779205322 -0.26714579761028284 -0.60456243157386769 0.17905679345130923 -1.5790823101997373 -0.17217129468917844 -0.86066702008247364 -1.3671034574508665 -0.50060832500457753 0.86458793282508861 -0.49198237061500544
decision_type=2 2 2 2 2 2 2 2 2 2 2 2 2 2 2 2 2 2 2 2 2 2 2 2 2 2 2 2 2 2
left_child=1 2 11 5 -4 8 -6 -2 21 19 -11 12 -1 14 -8 25 -17 -14 28 29 -21 27 -12 -13 -22 -9 -15 -3 -5 -7
right_child=7 3 4 18 6 9 13 15 -10 10 22 23 17 26 -16 16 -18 -19 -20 20 24 -23 -24 -25 -26 -27 -28 -29 -30 -31
leaf_value=0.059776289302355581 -0.07539569434846613 -0.081773098805767899 -0.077829264298135276 -0.076296817941320524 -0.080321344654240678 0.079344129904902194 -0.080137053801431365 0.050180205448991468 0.039114998990607885 0.061889896128366456 -0.08001656383211532 -0.012506544050393807 -0.078681283124713897 0.081937504060209915 0.047369896761326261 -0.05353246470268324 0.066945344597177006 0.025454884588805939 0.023277136799823558 8.2195924776961587e-05 0.033999162377717988 0.003180928551216048 0.012569087708286825 -0.075521283926949456 0.071232997631667558 0.075007582808636342 0.04897343559652767 -0.094573164035522461 -0.086501693252216835 0.074206786392603308
leaf_weight=3.7623892575502387 1.4398005455732334 2.8777484595775604 5.4819227904081371 8.6831721812486631 2.1859163790941265 7.0992977619171151 2.1777902394533237 6.6139474958181372 4.4480918943881989 3.6310820132493973 3.0867595076560956 2.2187906354665747 7.8080650418996793 6.4253346323967042 2.0707582980394363 3.2645406275987607 7.4785940796136856 1.3734478056430814 1.352543219923972 4.666859924793239 6.2465443462133399 1.4762386381626109 1.5094639360904691 89.935856446623802 10.636124134063737 61.713548243045807 6.1453134864568577 1.595853731036186 1.3982784301042546 13.155502215027802
leaf_count=8 11 21 41 66 16 9 16 15 12 7 23 11 58 8 5 18 12 5 5 19 17 6 6 687 16 82 15 11 10 18
internal_value=-0.00106477 -0.0271951 -0.0542154 0.0215282 0.00607559 0.0380453 0.0302775 0.0643173 -0.0199621 0.0501008 -0.000400133 -0.0682627 -0.0273863 0.0446515 -0.0179897 0.0668614 0.0303355 -0.0631037 -0.065766 0.0600397 0.0450313 -0.064128 -0.0496101 -0.0740041 0.0574566 0.0726043 0.0658226 -0.0863392 -0.0777122 0.0760074
internal_weight=281.96 201.449 129.586 71.8636 24.487 60.4296 19.0051 80.5104 10.3979 50.0316 8.22731 105.099 12.9439 16.8192 4.24855 79.0706 10.7431 9.18151 11.434 41.8043 21.5495 5.94984 4.59622 92.1546 16.8827 68.3275 12.5706 4.4736 10.0815 20.2548
internal_count=1254 1116 870 246 101 165 60 138 50 115 36 769 71 44 21 127 30 63 81 79 52 38 29 698 33 97 23 32 76 27
is_linear=0
shrinkage=0.05


Tree=9
num_leaves=31
num_cat=0
split_feature=42 31 47 4 46 23 39 30 11 38 5 24 11 36 43 26 22 43 37 39 42 36 47 5 5 17 17 44 2 26
split_gain=181.799 93.241 36.8636 32.8527 27.9908 29.6535 19.201 19.077 15.8592 15.3748 9.54819 8.66247 6.50856 17.6953 6.40926 5.92425 4.63757 4.53806 17.3992 3.27439 4.23277 3.17121 3.54882 2.58976 2.58912 2.22667 1.84761 1.58208 0.981423 0.374731
threshold=0.88129737973213207 1.0941064357757571 0.52804893255233776 -0.17899551242589948 -0.44423526525497431 -0.071992371231317506 -0.18380060046911237 -1.2925649881362913 1.5204567313194277 -0.66957324743270863 1.1302197575569155 -0.6572488248348235 1.519635081291199 0.99872043728828441 -0.58908888697624195 -1.0837889313697813 0.2371458634734154 0.46939179301261907 1.0411947369575503 -0.1202682927250862 0.90758979320526134 1.0039024949073794 -1.5312263965606687 0.35287131369113928 -0.38137273490428919 -0.7015688121318816 -0.74427685141563404 -1.1706720590591428 -0.61884307861328114 0.035909280180931098
decision_type=2 2 2 2 2 2 2 2 2 2 2 2 2 2 2 2 2 2 2 2 2 2 2 2 2 2 2 2 2 2
left_child=1 4 3 9 5 10 8 -2 17 11 21 -3 24 -14 -9 -16 -4 18 -7 -17 -21 22 -1 -10 -5 -6 -26 -28 -29 -30
right_child=7 2 16 12 25 6 -8 14 23 -11 -12 -13 13 -15 15 19 -18 -19 -20 20 -22 -23 -24 -25 26 -27 27 28 29 -31
leaf_value=-0.0064959223958355322 -0.088235764992512025 -0.042970312746348285 -0.075711931160400106 -0.083420388693503378 -0.030100891754194222 -0.076268970657082269 -0.07526929093177305 -0.076575130876047171 -0.081046712072714647 -0.080279829796933544 0.043266727485283311 0.066737703234250767 -0.087866324638479099 0.064934234768925833 -0.079575584926106932 0.072697548505715068 0.023506894201882306 0.08232891856626387 0.063610238435093128 0.0099781496161230124 0.076271659450901252 -0.00074895957692644954 -0.074504003087349044 0.00054918417329097888 -0.10863356762434931 -0.074090600613601079 -0.094384981165940726 0.03848745877954364 0.061574160270229009 0.075380916527314809
leaf_weight=2.0647968649864223 2.0512924045324317 3.0350891798734665 9.5847492665052396 0.28048004209994459 3.0050876289606085 2.8832728564739325 5.3265380114316931 0.77848337590694328 3.0526530891656867 7.2266860827803594 2.1494715660810462 4.4191049039363861 2.6687784343957883 6.5327501147985458 0.67793627083301444 68.736637771129608 1.3427035808563221 6.7765933573245993 9.7097318321466428 5.0482815057039243 4.6034713387489319 1.7702291458845127 27.025632932782177 1.4270308017730711 0.14559771120547438 67.332754954695702 0.14600461721419478 2.2312994599342266 6.0553473979234971 26.084034517407417
leaf_count=10 15 17 74 2 18 22 41 6 23 54 6 8 19 11 5 95 5 10 18 17 6 8 210 6 1 526 1 6 11 35
internal_value=-0.000529682 -0.0259765 0.0208151 0.0364813 -0.0506048 -0.026166 0.0105599 0.0623218 0.0297292 -0.0283127 -0.0586261 0.0220684 0.0580296 0.0206165 0.0661898 0.0675955 -0.0635205 0.0493373 0.0315837 0.0688683 0.0415973 -0.065723 -0.0696769 -0.0550538 0.0678817 -0.0722112 0.069106 0.0698557 0.0705534 0.0727796
internal_weight=284.173 202.276 69.7526 58.8252 132.524 62.186 29.1758 81.8961 23.8493 14.6809 33.0101 7.45419 44.1443 9.20153 79.8448 79.0663 10.9275 19.3696 12.593 78.3884 9.65175 30.8607 29.0904 4.47968 34.9428 70.3378 34.6623 34.5167 34.3707 32.1394
internal_count=1286 1142 244 165 898 354 120 144 79 79 234 25 86 30 129 123 79 50 40 118 23 228 220 29 56 544 54 53 52 46
is_linear=0
shrinkage=0.05


Tree=10
num_leaves=31
num_cat=0
split_feature=42 39 29 46 20 49 2 36 29 43 4 38 36 36 36 36 37 44 39 12 2 16 17 46 11 30 10 20 27 29
split_gain=162.723 81.8162 58.4679 26.7097 19.3316 16.4156 14.7609 11.9629 13.9374 10.7867 9.46839 15.0576 12.0326 8.0555 10.8101 8.61757 7.61914 6.35527 5.25808 9.24374 4.66231 3.53161 2.44701 2.35358 2.18905 1.09001 0.48361 0.140303 0.0782161 0.0651658
threshold=0.88129737973213207 -0.086133878678083406 1.0109030008316042 -0.36298361420631403 -1.6198186874389646 -0.71492916345596302 -0.61884307861328114 -1.5439995527267454 1.203634560108185 -0.77936205267906178 -0.17899046838283536 -0.66957324743270863 0.99988356232643139 0.99150449037551891 0.99345716834068309 1.0039024949073794 1.0423344969749453 -1.1117824912071226 -0.15861956030130384 -0.76115763187408436 1.1597268581390383 -1.2451862692832945 -0.67324626445770253 3.0274802446365361 1.5204567313194277 -0.84016877412796009 -0.90017354488372792 0.309930369257927 0.97304069995880138 0.76063027977943432
decision_type=2 2 2 2 2 2 2 2 2 2 2 2 2 2 2 2 2 2 2 2 2 2 2 2 2 2 2 2 2 2
left_child=1 2 3 4 20 -6 16 8 -3 -2 11 -8 27 -7 -15 -16 -4 -12 25 -20 -1 -19 -5 29 26 -11 -23 -13 -28 -9
right_child=9 7 6 22 5 13 10 23 -10 18 17 12 -14 14 15 -17 -18 21 19 -21 -22 24 -24 -25 -26 -27 28 -29 -30 -31
leaf_value=0.0069458019672749005 -0.071725816958886301 -0.072877164868991123 -0.081775284165077664 -0.018928212456900642 0.047444807819323614 -0.073362194152828727 0.077226438850754017 -0.072111740673938288 0.068214635443770821 0.050128502822262826 -0.080070672697404532 -0.091281902583473212 0.079374923415799187 0.072045662571539423 -0.07513559403065681 0.017735607599926175 0.037966114774851789 -0.081709973582453424 -0.046739801168597467 0.057030560870550341 0.071239281303730459 0.054133492849367464 -0.073482718662284771 -0.018036264891861848 0.041053612372002501 0.071968824542770579 0.075943711927066393 -0.073150491043605811 0.070446430342234648 -0.075753888613530482
leaf_weight=4.3668632358312589 1.484864406287669 3.5141602605581275 3.4990765899419776 2.251754708588126 6.1975318640470531 11.859512582421305 4.6549842357635498 46.46774297952652 3.4872253835201263 6.3078708797693244 0.78543643653392692 1.5562436133623103 1.5867367982864378 2.7284166961908332 6.5252334848046285 4.0470033288002014 2.1415744125843048 0.41348075866699119 2.7266047298908225 10.079149410128592 7.9588222056627274 3.630373820662494 23.582455851137638 2.0040512904524794 7.5010580271482459 60.558929860591888 15.145147025585183 3.3935480937361717 11.297007143497465 16.693312048912048
leaf_count=18 12 28 26 12 17 94 6 374 6 14 6 11 2 5 51 15 6 3 15 19 12 8 187 11 19 84 20 27 17 130
internal_value=0.00220361 -0.0223117 0.00214168 -0.0284265 -0.00459254 -0.0254461 0.0403584 -0.064709 -0.00260266 0.0617988 0.0490142 0.00850094 -0.0404419 -0.0434008 -0.0166857 -0.0395849 -0.0363133 0.0607081 0.0642874 0.0349357 0.0484608 0.063619 -0.0687277 -0.0713817 0.0652182 0.0699085 0.0712457 -0.0788511 0.0735951 -0.0730744
internal_weight=278.446 197.289 125.122 69.5176 43.6834 31.3577 55.6047 72.1665 7.00139 81.1574 49.964 11.1915 6.53653 25.1602 13.3007 10.5722 5.64065 38.7725 79.6726 12.8058 12.3257 37.9871 25.8342 65.1651 37.5736 66.8668 30.0725 4.94979 26.4422 63.1611
internal_count=1255 1111 562 411 212 182 151 549 34 144 119 46 40 165 71 66 32 73 132 34 30 67 199 515 64 98 45 38 37 504
is_linear=0
shrinkage=0.05


Tree=11
num_leaves=31
num_cat=0
split_feature=42 31 47 46 20 4 21 11 38 46 17 43 48 27 11 17 20 45 3 5 44 13 47 44 9 12 6 42 6 45
split_gain=157.946 83.5741 31.7136 27.8847 28.9004 23.0831 15.648 11.277 15.5643 9.90742 15.1658 9.23027 7.36794 4.58639 7.58451 5.26046 4.16188 5.4332 4.12233 3.50936 3.43628 3.3882 3.0442 2.4815 1.4896 2.75071 0.789783 0.688324 0.364702 0.716287
threshold=0.88391566276550304 1.0941064357757571 0.52804893255233776 -0.44423526525497431 -1.6198186874389646 -0.17899551242589948 0.26985305547714239 1.5176883935928347 -0.57756215333938588 0.15317334234714511 -0.59599113464355458 -0.77936205267906178 -0.7179795205593108 -0.79013115167617787 -0.63607597351074208 -0.75761714577674855 0.81887200474739086 -0.098294578492641435 0.92936286330223095 0.029830447398126129 0.56101518869400036 1.3784834742546084 -1.5699568986892698 -0.65812149643897999 -1.0155893564224241 -0.70676466822624195 -1.3648973107337949 0.89384356141090404 -0.42294923961162562 -0.01950049493461847
decision_type=2 2 2 2 2 2 2 2 2 2 2 2 2 2 2 2 2 2 2 2 2 2 2 2 2 2 2 2 2 2
left_child=1 3 5 4 20 9 7 8 -6 21 -11 -2 -8 14 -13 -15 19 -18 -4 -7 -1 -3 -21 -10 -24 -26 -27 -17 29 -28
right_child=11 2 18 -5 6 16 12 -9 23 10 -12 13 -14 15 -16 27 17 -19 -20 22 -22 -23 24 -25 25 26 28 -29 -30 -31
leaf_value=0.017496719124360665 -0.070252097769918823 -0.079835935074213493 -0.072081616923619807 -0.070976380121929514 -0.07272167332258693 -0.0127704715102284 0.010542105309705804 -0.075957009257778013 0.014380181733255832 0.063155914610682956 -0.07797640260388275 -0.027792039176747125 -0.071769667240197649 -0.10575760267066857 0.075074451503476705 0.053100311874107659 0.055153237709390804 -0.039282867831011273 0.02281242701497227 -0.098058010022910619 0.073692019425557823 0.0068132978198682213 -0.094534915922651439 0.063424749650393006 -0.088980389046907998 0.041363928497722358 0.049696081234951506 0.069744956113491394 0.074499705415707884 0.071792937614586938
leaf_weight=4.8102803379297239 1.322582259774207 5.4888703897595397 9.0855128765106183 64.983623757958412 3.7289523854851749 1.5777732506394375 3.0327647924423244 4.3454682230949393 4.082361251115799 5.9575102552771568 2.797261640429495 3.4959003254771233 26.253730736672878 0.43807597458362479 3.6763394474983206 6.9106013998389235 3.6826946139335632 2.5972092896699897 1.3094146698713292 0.28927814960478926 6.2613886147737503 1.4200611263513563 0.14603349566458845 7.0041884258389455 0.28579509258269453 2.8042316734790687 5.7811587303876797 61.382735311985016 15.540220797061961 10.030885577201841
leaf_count=18 11 42 74 536 30 7 14 34 16 11 21 17 214 3 5 14 8 14 5 2 9 6 1 14 2 7 12 89 21 14
internal_value=0.000256926 -0.0238917 0.0203374 -0.0483304 -0.0236054 0.0346602 -0.0402611 -0.00513024 0.0156436 -0.017263 0.0180623 0.0607007 -0.0632459 0.0629825 0.0249352 0.0669528 0.0536915 0.0160969 -0.0601281 0.0601676 0.049277 -0.0620261 0.0634672 0.0453652 0.0648181 0.0654937 0.0667862 0.0680607 0.0690601 0.0637139
internal_weight=270.523 193.297 68.7939 124.503 59.5191 58.399 48.4475 19.161 14.8155 15.6637 8.75477 77.2262 29.2865 75.9037 7.17224 68.7314 42.7353 6.2799 10.3949 36.4554 11.0717 6.90893 34.8776 11.0865 34.5883 34.4423 34.1565 68.2933 31.3523 15.812
internal_count=1271 1132 247 885 349 168 322 94 60 80 32 139 228 128 22 106 88 22 79 66 27 48 59 30 57 56 54 103 47 26
is_linear=0
shrinkage=0.05


Tree=12
num_leaves=31
num_cat=0
split_feature=42 0 36 47 48 48 47 48 43 22 43 31 1 45 27 43 31 18 10 16 16 6 32 3 30 1 4 44 6 26
split_gain=136.031 70.6633 33.7289 24.4602 16.9179 16.1902 11.3225 12.2127 8.42508 7.92423 9.06305 7.79843 7.50558 8.43055 7.03131 7.55408 7.01566 7.21894 5.59093 3.87045 6.88695 5.60441 3.41953 4.52612 3.41469 3.10662 3.00298 2.91853 2.4457 2.28635
threshold=0.88129737973213207 -0.98770427703857411 1.002510726451874 0.46183438599109655 1.3351942300796511 -0.8227180242538451 -1.5534432530403135 1.3666469454765322 -0.77936205267906178 -0.87599989771842945 1.0931082367897036 0.52605187892913829 1.5161705017089846 -0.99279493093490589 1.5855442285537722 0.78096914291381847 1.0941064357757571 -0.8358766734600066 -0.76941514015197743 -0.15955306589603421 -0.17468987405300138 -1.4013819694519041 -1.2635728716850279 -0.30627298355102534 -1.2925649881362913 -1.9578748345375059 -0.065996065735816942 2.6576768159866337 -1.4708710312843321 -1.0837889313697813
decision_type=2 2 2 2 2 2 2 2 2 2 2 2 2 2 2 2 2 2 2 2 2 2 2 2 2 2 2 2 2 2
left_child=1 3 5 12 -4 -3 7 -7 -2 10 11 -8 13 -1 15 -14 27 -18 -10 20 21 -19 23 -6 -20 -15 -5 -11 -27 -26
right_child=8 2 4 26 22 6 9 -9 18 16 -12 -13 14 25 -16 -17 17 19 24 -21 -22 -23 -24 -25 29 28 -28 -29 -30 -31
leaf_value=-0.074947222853978382 -0.068824890382342532 0.04711813403056031 -0.071995654855376109 -0.070652769466294368 0.044586814305167422 -0.077459620778200289 -0.0697516399878918 0.057742887291732381 -0.074112552233893264 -0.069474356377672852 0.054974753367780488 0.014030965813441716 -0.081193092696617244 -0.0997009171744314 0.074710153539827365 0.04977576339438284 0.037711379163044546 0.013120896960774281 -0.0080065387813106192 -0.076661036269152633 0.064081749889188036 -0.076783857578144543 0.065460527373878627 -0.040062557505245372 -0.080301992445886997 -0.084887546053060758 0.016555753695212245 -0.0098309053283362532 0.065324367031112676 0.064282301079219506
leaf_weight=1.1582799479365338 1.2808822244405735 4.2521065622568122 3.9197494462132481 5.6173790618777275 5.280404500663284 2.625014401972293 8.2692707851529104 4.5921577662229538 0.76262020319700141 76.59679488837719 3.0173107162117949 4.182024583220481 3.0429522693157187 0.2926245927810659 2.173056423664093 1.7252056598663328 2.9588787853717831 2.6026426479220426 1.7004983574151982 6.6036022230982754 1.7087424397468565 5.1902665123343468 8.5610343217849696 2.2528662532567987 0.27451339364051719 0.27341246604919689 1.197578266263007 2.1074937507510176 30.442640051245693 69.06477116048336
leaf_count=9 11 11 32 47 15 20 70 10 6 651 8 18 23 2 3 4 8 10 7 52 3 41 14 12 2 2 5 12 52 112
internal_value=0.00028218 -0.0219514 -0.0390991 0.0320874 0.0211544 -0.0487692 -0.0521541 0.00856732 0.0582802 -0.0560242 -0.0227714 -0.0416115 0.0473202 0.0574954 0.000166556 -0.0338062 -0.0612853 -0.0340711 0.0605476 -0.0472591 -0.0268249 -0.0467579 0.043841 0.019272 0.0619932 0.0624426 -0.0553278 -0.0678773 0.0639873 0.0637099
internal_weight=263.727 190.643 144.72 45.9231 20.0141 124.706 120.454 7.21717 73.0833 113.237 15.4686 12.4513 39.1082 32.167 6.94121 4.76816 97.7684 19.0641 71.8024 16.1053 9.50165 7.79291 16.0943 7.53327 71.0398 31.0087 6.81496 78.7043 30.7161 69.3393
internal_count=1272 1134 987 147 73 914 903 30 138 873 96 88 95 65 30 27 777 114 127 106 54 51 41 27 121 56 52 663 54 114
is_linear=0
shrinkage=0.05


Tree=13
num_leaves=31
num_cat=0
split_feature=31 39 40 37 20 17 7 30 39 15 36 47 4 21 46 29 11 20 46 47 4 6 46 2 25 3 0 23 35 31
split_gain=122.226 56.462 39.5208 35.4752 30.9767 18.4055 15.1063 13.5794 10.64 9.39645 9.22518 8.13389 8.65422 7.83062 5.90952 5.9388 3.93183 3.3716 7.16663 2.78139 2.39992 1.84253 1.78079 1.71629 1.33935 1.04881 0.7364 0.297672 0.279402 0.258903
threshold=1.3166425824165346 -0.19127560406923291 0.18751855939626697 1.0411947369575503 0.87906870245933544 -0.62996697425842274 -0.9247930347919463 -1.421151280403137 0.16161283105611804 -1.2725561261177061 -0.3473029732704162 0.41466145217418676 -0.17790443450212476 -0.71251890063285817 -0.40250895917415613 -1.2028769850730894 -0.63868549466133107 -0.14946135878562924 -1.0498974919319151 -1.5790823101997373 -0.17896558344364163 -1.429795980453491 -0.11584666371345519 -0.74210757017135609 -1.0241779088973997 -0.34045849740505213 -0.58238038420677174 1.4352020621299746 -0.60873407125473011 1.1762130856513979
decision_type=2 2 2 2 2 2 2 2 2 2 2 2 2 2 2 2 2 2 2 2 2 2 2 2 2 2 2 2 2 2
left_child=1 2 7 19 8 20 -6 -1 16 13 -10 27 22 -3 15 -7 -2 21 -19 -4 -5 -18 -13 -23 -20 -25 28 -9 -27 -21
right_child=4 9 3 5 6 14 -8 11 10 -11 -12 12 -14 -15 -16 -17 17 18 24 29 -22 23 -24 25 -26 26 -28 -29 -30 -31
leaf_value=-0.077312816040079752 -0.07721289990538556 0.063646541175707935 -0.0096688580970206023 0.025854716601438388 0.03881473602896425 0.028763122455446585 -0.071319982193354198 0.063934336021179497 0.041679266513876878 -0.068656720642954763 -0.079705001960530847 -0.07653325757609479 0.065280753708869294 -0.056380214658611517 -0.071948360029812669 -0.073761666615533891 -0.1146375501915651 -0.04523766749576047 0.072148370074950369 -0.068197409537097936 0.067371041532022044 0.018376525839401633 -0.0038291086579487921 -0.075546750012978836 0.03742644244998735 0.057310852742288358 0.051308616079055194 0.07608899838537049 0.069017009579569549 -0.09250512171582119
leaf_weight=2.1326365098357227 0.52995779365301032 2.5580277740955353 2.114591725170615 5.5282811746001235 5.0826456472277632 4.8777018859982491 8.0364271253347379 13.801974900066858 3.8207454532384872 59.751410953700542 2.6515555009245864 2.1673298999667172 3.1850933358073226 2.8987520635128012 5.1077204868197423 1.9882208928465841 0.14413432776927848 2.2332857698202124 4.9881489872932425 25.57838407158852 9.3994610607624072 1.9735685512423504 1.3775680065155027 0.13117177784442802 6.2662687823176375 5.6439037173986355 7.5721126198768678 7.9322268962860099 52.632258296012878 1.1444520205259312
leaf_count=17 4 5 11 19 15 17 68 24 10 522 21 17 6 18 42 16 1 13 7 224 16 7 7 1 18 11 16 11 78 8
internal_value=0.000653005 -0.0278035 -0.00127972 -0.0263435 0.0430536 0.0149559 -0.0286511 0.0443795 0.0536725 -0.0629209 -0.00804913 0.0534971 0.00546473 -0.000114105 -0.0312226 -0.000925811 0.0585374 0.0594192 0.0365802 -0.0648703 0.051996 0.0639429 -0.04828 0.0643217 0.0528158 0.065696 0.0659773 0.0683704 0.0678833 -0.0692384
internal_weight=253.25 151.544 86.3356 55.7388 101.706 26.9014 13.1191 30.5968 88.5871 65.2082 6.4723 28.4642 6.72999 5.45678 11.9736 6.86592 82.1148 81.5849 13.4877 28.8374 14.9277 68.0971 3.5449 67.953 11.2544 65.9794 65.8483 21.7342 58.2762 26.7228
internal_count=1250 980 435 353 270 110 83 82 187 545 31 65 30 23 75 33 156 152 38 243 35 114 24 113 25 106 105 35 89 232
is_linear=0
shrinkage=0.05


Tree=14
num_leaves=31
num_cat=0
split_feature=42 31 47 37 4 46 26 17 18 44 21 23 2 25 29 22 2 22 13 20 34 45 47 40 14 37 6 20 17 9
split_gain=127.897 57.6951 25.8871 23.8631 22.7737 10.9593 13.2824 10.8319 8.90678 8.63774 6.16181 4.8075 4.75644 4.63653 4.55081 4.90676 3.86145 3.83264 3.27264 2.85639 2.81718 2.32677 1.76455 1.66902 3.93091 1.45826 1.18986 0.746149 0.715322 1.96176
threshold=0.87462106347084057 1.0941064357757571 0.52804893255233776 1.0411947369575503 -0.17899551242589948 -1.1303544640541074 0.47473526000976568 -0.62996697425842274 0.30137422680854803 -0.92753231525421131 -2.6373654603958125 -0.071992371231317506 -0.61884307861328114 0.62221854925155651 0.26371927559375768 -0.58026844263076771 3.26540219783783 0.26371690630912786 1.3906562924385073 0.87906870245933544 -0.67344087362289418 -0.87437021732330311 -1.5406283140182493 -1.8644095063209531 0.68911471962928783 1.0440590381622317 1.1452090144157412 0.1501027196645737 0.19398889690637591 0.43875113129615789
decision_type=2 2 2 2 2 2 2 2 2 2 2 2 2 2 2 2 2 2 2 2 2 2 2 2 2 2 2 2 2 2
left_child=1 3 4 5 8 6 -1 11 -3 -2 -9 -5 -6 -12 15 -11 22 -4 -10 21 -8 -14 -7 24 -24 -13 -17 -16 -23 -30
right_child=9 2 17 7 12 16 20 10 18 14 13 25 19 -15 27 26 -18 -19 -20 -21 -22 28 23 -25 -26 -27 -28 -29 29 -31
leaf_value=-0.068881253773195997 -0.068461725102181112 0.022725263585670896 -0.069260105170031838 -0.029108671936541142 0.00057999364353000891 -0.024532388506994126 0.072187058826705092 0.020519379028278318 -0.073508456745228393 -0.013228585328542201 -0.072020828020873937 0.074418726610124608 -0.082148047710197791 0.0300455528025051 0.065880590681645937 0.030281870213865848 0.028372577237890835 0.023796552804631568 0.015401092380059225 0.022868129152525656 0.0078102729553753795 0.068919739100921473 -0.067737829888947734 -0.066694338259562072 0.03819242603215578 0.034650568065701916 0.066351976676035859 0.048063496421458851 0.023216716515152672 0.067974752587295947
leaf_weight=5.6468093842267972 1.3712003380060185 5.5703989714384079 8.679811127483843 2.3023181632161149 4.4386048614978781 2.818051502108573 2.8705555200576782 3.8730932623147956 6.7018938660621625 4.1580299884080878 7.006988584995268 3.9944912791252136 0.27876643836497805 1.322713181376457 54.900488749146461 3.8183019012212736 1.1652277708053578 1.2681362554430951 1.2240359708666799 5.6501303836703292 4.1653163433074951 18.710384443402301 2.7076071947813025 68.455953679978848 1.2944723591208456 5.4507297724485397 5.6985235512256622 6.5804546996951094 3.7013047784566862 7.2311549782752991
leaf_count=49 12 19 76 13 18 17 4 15 55 19 59 6 2 5 87 12 4 5 5 19 19 28 24 624 5 15 9 15 11 11
internal_value=0.00191456 -0.0214895 0.0166682 -0.0429027 0.0304384 -0.0548099 -0.0117649 0.00140643 -0.0257259 0.055902 -0.0315857 0.0356771 0.0493839 -0.0558132 0.058171 0.0320829 -0.0619517 -0.0573975 -0.0597778 0.0554735 0.0340753 0.0616305 -0.0633498 -0.0648595 -0.0334747 0.051469 0.0518801 0.0639736 0.0629826 0.0528214
internal_weight=253.056 176.529 63.4546 113.074 53.5067 89.124 12.6827 23.9503 13.4963 76.527 12.2028 11.7475 40.0103 8.3297 75.1558 13.6749 76.4413 9.94795 7.92593 35.5717 7.03587 29.9216 75.2761 72.458 4.00208 9.44522 9.51683 61.4809 29.6428 10.9325
internal_count=1262 1108 249 859 168 746 72 113 79 154 79 34 89 64 142 40 674 81 60 71 23 52 670 653 29 21 21 102 50 22
is_linear=0
shrinkage=0.05


Tree=15
num_leaves=31
num_cat=0
split_feature=42 31 36 47 4 48 20 21 21 31 6 25 2 10 16 10 38 39 9 16 2 22 0 6 28 2 43 12 26 16
split_gain=115.068 61.6103 26.0273 23.1538 20.046 14.2947 10.9976 12.7868 8.64229 13.7739 8.05691 7.68457 6.08819 6.03174 5.83207 4.64088 4.33702 4.0682 5.86357 3.9557 3.57025 3.39913 7.49418 2.69217 2.56162 4.91151 2.48363 1.83618 1.68679 1.05809
threshold=0.88129737973213207 1.0941064357757571 1.0016608238220217 0.52804893255233776 -0.17899551242589948 1.3351942300796511 -1.6456886529922483 -1.7156569957733152 0.26985305547714239 0.19410157203674319 0.45085039734840399 1.4828012585639956 -0.60456243157386769 -1.2267066836357114 -0.066325671970844255 -0.76941514015197743 -0.40137326717376703 -0.13097611069679257 0.10416602715849878 -1.2451862692832945 3.4047938585281377 -0.70727381110191334 1.1199078559875491 -1.6408551335334776 -2.7944507598876949 -0.78800195455551136 1.1415938735008242 1.5937325954437258 -0.024377115070819851 -0.39589492976665491
decision_type=2 2 2 2 2 2 2 2 2 2 2 2 2 2 2 2 2 2 2 2 2 2 2 2 2 2 2 2 2 2
left_child=1 2 8 4 6 -4 -3 -8 9 11 -2 27 14 -7 -6 -12 -5 -17 -19 -14 26 -11 -23 -21 -15 -26 -10 -1 -25 -30
right_child=10 3 5 16 12 13 7 -9 20 21 15 -13 19 24 -16 17 -18 18 -20 23 -22 22 -24 28 25 -27 -28 -29 29 -31
leaf_value=-0.067048902810841846 -0.067084984046694177 0.052344749094338505 -0.070569810042788603 -0.068358868188415287 0.033598656089495735 -0.071989588695916748 0.052730380883314137 -0.073973635390251244 -0.066142101311616699 0.066742260099454387 -0.069972209055433915 0.041818507805398183 -0.079513898800894586 0.064050921759597243 -0.085175277672960639 0.063535675762821667 0.037143707398225312 -0.016997394675071793 0.064224941347966191 -0.094131205655547778 0.020707234243987686 -0.066601198972367215 0.074739750101828387 0.034919228644415316 0.074252697756350572 -0.016066313455488753 -0.017315239140303858 -0.014428246194927477 0.045028712743341762 0.068645777876133893
leaf_weight=15.662239097058782 1.3244924321770657 3.9910838156938544 4.1879196390509632 8.0245776101946813 3.1920945048332214 1.2273583859205253 2.5975262373685828 8.5309944301843625 64.946085169911385 3.3716904670000076 0.70751568675041099 2.0067074522376052 0.5342615619301786 7.2323271557688713 1.5283750444650639 58.79051399230957 1.1086889654397953 4.0671836435794813 4.8979485481977463 0.29012173414229536 1.2616395279765118 2.0615554302930827 1.7205451428890226 6.110087513923637 2.5223701372742653 3.7326396256685221 2.7132122144103041 1.8540974482893933 5.9625469446182207 23.178328931331656
leaf_count=143 12 9 36 72 9 10 6 70 606 7 6 6 4 12 11 99 4 17 8 2 5 19 3 17 4 18 18 11 14 35
internal_value=0.000575639 -0.0206008 -0.0426768 0.018258 0.0303142 0.010933 -0.0188621 -0.0443994 -0.0532771 -0.0291131 0.0550581 -0.0508614 0.0485398 0.0341294 -0.0048575 0.0574211 -0.0555519 0.0587513 0.0273771 0.0555268 -0.0626301 0.0302393 -0.00230268 0.0575568 0.0437863 0.0203554 -0.0641841 -0.061479 0.0588052 0.0638135
internal_weight=249.337 179.549 114.5 65.0487 55.9154 18.9026 15.1196 11.1285 95.5978 26.6768 69.7877 19.523 40.7958 14.7147 4.72047 68.4632 9.13327 67.7556 8.96513 36.0753 68.9209 7.15379 3.7821 35.5411 13.4873 6.25501 67.6593 17.5163 35.251 29.1409
internal_count=1293 1151 898 253 177 80 85 76 818 189 142 160 92 44 20 130 76 124 25 72 629 29 22 68 34 22 624 154 66 49
is_linear=0
shrinkage=0.05


Tree=16
num_leaves=31
num_cat=0
split_feature=39 40 36 15 48 47 31 30 2 42 16 25 20 5 39 42 5 46 6 15 6 44 26 48 7 11 42 31 11 29
split_gain=115.142 66.316 37.8538 19.7895 19.6051 12.8945 15.0081 11.792 9.17662 8.78503 11.4446 5.96053 4.6947 5.3188 2.79082 6.3123 9.54137 2.71486 4.21577 2.63904 2.29542 2.09278 4.42388 1.77869 4.16908 0.745689 0.709654 0.192557 0.180733 0.153682
threshold=-0.028842920437455174 0.011687966063618662 0.99150449037551891 -1.1080324649810789 1.3351942300796511 -1.448173403739929 1.3674087524414065 0.23402108252048495 -0.79574707150459278 0.88679862022399913 1.2994211912155154 -1.5233168601989744 -1.2785055637359617 0.11615373566746713 -0.26005721092224116 0.89384356141090404 1.714001536369324 1.6483359932899477 -0.75076419115066517 -0.81002491712570179 -0.27168601751327509 -0.79591244459152211 2.2917944192886357 -0.80701717734336842 0.81781020760536205 1.5204567313194277 0.87462106347084057 1.1588751673698428 1.5149450898170473 0.56509137153625499
decision_type=2 2 2 2 2 2 2 2 2 2 2 2 2 2 2 2 2 2 2 2 2 2 2 2 2 2 2 2 2 2
left_child=1 7 3 -3 -4 8 -7 9 20 10 -1 -5 13 -2 29 16 19 26 -19 -16 -6 22 -10 -11 -25 28 -14 -13 -23 -9
right_child=12 2 4 11 5 6 -8 14 21 23 -12 27 17 -15 15 -17 -18 18 -20 -21 -22 25 -24 24 -26 -27 -28 -29 -30 -31
leaf_value=-0.068010752249015705 -0.070745699039676244 0.053708089088656888 -0.069741746195810653 0.01599937836045098 -0.074680777313659671 -0.070992972370726423 0.050229093930811312 0.05668422378605209 -0.010671959574791716 0.070560431564879331 0.057775522579236419 -0.065158568430633598 -0.06575963048359515 0.034122468391144627 -0.084572826509007062 0.066152597285267248 0.063035063240570802 0.019419422247361772 -0.066618842024503078 0.0066969456441581983 0.011328978622771806 0.061191297403542913 0.073581545372097254 -0.0071420304398568868 0.069512780484965897 0.047607106283372731 -0.10111183112463225 -0.074420525365958112 0.071877751788163524 0.065403307134080227
leaf_weight=5.2538847327232379 2.156334586441516 4.1971946880221358 5.5659549534320822 2.3037800639867774 1.7169666215777399 5.8909382224082929 4.5066084265708923 5.6024488359689704 3.3439972326159468 4.0136691927909851 2.7573714777827263 23.271398045122627 47.674767635762691 2.7525205686688423 2.306670576334001 10.638476252555845 3.5452544391155243 2.4389443844556808 3.4204639419913283 1.2061555460095421 1.4150337204337073 7.1140740215778484 2.9171072244644165 3.7686006873846036 3.3510390520095825 7.0345056727528563 1.463126279413699 7.3949262574315062 8.9139711260795575 51.610198438167572
leaf_count=47 20 11 49 10 14 52 10 12 18 6 7 224 457 9 19 17 6 11 32 6 7 13 4 17 5 16 11 62 13 85
internal_value=0.00123413 0.0212524 -0.0105942 -0.0485476 0.0185394 0.0300057 -0.0184517 0.0502319 0.0455296 0.0152116 -0.0247167 -0.0615651 -0.0587944 -0.0119434 0.0591821 0.0418293 0.0051673 -0.0629762 -0.0308059 -0.0532347 -0.0358217 0.0542186 0.0285825 0.043943 0.0289375 0.0611783 -0.0668123 -0.067392 0.0671346 0.0645495
internal_weight=239.546 179.64 85.5865 37.1673 48.4192 42.8532 10.3975 94.0538 32.4557 19.1446 8.01126 32.9701 59.9062 4.90886 74.9092 17.6966 7.05808 54.9973 5.85941 3.51283 3.132 29.3237 6.2611 11.1333 7.11964 23.0626 49.1379 30.6663 16.028 57.2126
internal_count=1270 730 503 307 196 147 62 227 85 82 54 296 540 29 145 48 31 511 43 25 21 64 22 28 22 42 468 286 26 97
is_linear=0
shrinkage=0.05


Tree=17
num_leaves=31
num_cat=0
split_feature=31 39 40 20 16 47 39 7 40 9 19 47 43 15 4 39 45 2 48 48 44 6 15 24 2 21 30 2 15 28
split_gain=101.217 35.5122 36.152 35.3417 16.3065 14.0522 13.9253 7.21206 6.8492 6.8007 5.81325 4.88567 10.5421 4.80445 7.57488 11.5235 4.71971 3.53916 3.44636 5.99063 2.71232 2.63086 2.29604 2.19742 2.05704 1.18924 1.73259 0.961733 0.568534 0.42812
threshold=1.0328896045684817 -0.14153389632701871 0.18751855939626697 0.87906870245933544 -0.35156913101673121 -1.448173403739929 0.16161283105611804 -0.9247930347919463 -0.64632987976074208 -0.87823101878166188 -3.7524623870849605 0.4043287336826325 0.85646235942840587 -1.1298629641532896 -0.17899551242589948 -0.32101134955883021 0.44943165779113775 1.5940232872962954 1.9894382953643801 2.0508021116256718 -1.1706720590591428 1.7245252132415774 0.55391308665275585 -0.65227341651916493 -0.61884307861328114 -1.7641591429710386 0.10771434009075166 -0.73107933998107899 -1.3080614805221555 -0.14205380529165265
decision_type=2 2 2 2 2 2 2 2 2 2 2 2 2 2 2 2 2 2 2 2 2 2 2 2 2 2 2 2 2 2
left_child=1 2 9 6 5 22 13 16 -8 -1 -6 27 -13 -2 15 23 -5 -9 -12 -20 -16 25 -4 -15 -22 26 -3 -11 -27 -26
right_child=3 21 4 7 10 -7 8 17 -10 11 18 12 -14 14 20 -17 -18 -19 19 -21 24 -23 -24 -25 29 28 -28 -29 -30 -31
leaf_value=-0.066740383157110186 0.064385984875797941 -0.066926985630592448 0.062410114773796099 0.071906105671633497 0.022973340700041742 -0.067730364857724309 0.026482416314248892 -0.067654928283859855 -0.069475919377103165 0.035871131596735925 -0.066085562009099555 -0.069583642888013011 0.064088971294612218 0.066489274683330643 -0.076399030732491102 -0.071002979329564481 -0.028220881604444154 0.024621083891620765 0.041245706148308366 -0.06618020268960205 0.019994806270376489 0.00034749128207486944 0.014046548766444381 0.013563605976639132 0.053386872268252589 -0.09247172660863813 0.013546334458168033 0.064185492016284235 -0.064243738167710424 0.066616569045662391
leaf_weight=1.4199580550193811 45.072222113609314 1.5105765014886849 6.0015794634819013 2.1321482062339774 2.3576335310935965 4.0285805612802497 4.0135512799024582 9.4159291759133321 3.4649995043873778 3.7584905922412934 25.660081766545776 2.5867440700530997 3.4317466095089912 3.792799711227417 0.39238733798265357 3.4054714739322609 2.6270596161484718 1.1680112332105625 2.2041809186339369 3.155815415084362 3.4889869913458815 1.6652100905776013 4.1516477912664413 4.061135970056057 10.657500788569452 1.8551097288727749 1.2003467902541158 14.84195241332054 46.37783969938755 14.347554981708535
leaf_count=13 77 14 11 3 9 38 14 89 31 10 248 23 6 6 3 29 17 5 8 30 12 10 17 15 22 14 6 27 465 23
internal_value=0.000283042 -0.0301264 -0.00770243 0.0358061 -0.0336319 0.0112834 0.0474406 -0.0344844 -0.0179775 0.0396573 -0.0527159 0.0457941 0.00663655 0.0531815 0.0406021 0.0058143 0.0166365 -0.0574716 -0.0584686 -0.0220037 0.0541617 -0.0614968 0.0426343 0.0391223 0.0559597 -0.0635183 -0.0312949 0.0584642 -0.0653294 0.0609779
internal_weight=234.247 126.207 73.5984 108.04 47.5595 14.1818 92.6966 15.3431 7.47855 26.0389 33.3777 24.6189 6.01849 85.2181 40.1458 11.2594 4.75921 10.5839 31.0201 5.36 28.8864 52.6091 10.1532 7.85394 28.494 50.9439 2.71092 18.6004 48.2329 25.0051
internal_count=1295 949 440 346 361 66 232 114 45 79 295 66 29 187 110 50 20 94 286 38 60 509 28 21 57 499 20 37 479 45
is_linear=0
shrinkage=0.05


Tree=18
num_leaves=31
num_cat=0
split_feature=42 0 37 47 21 6 29 2 48 6 43 29 36 43 49 37 30 20 26 21 1 0 10 31 2 3 45 42 21 29
split_gain=91.0175 51.1604 21.383 20.2319 13.989 13.9493 10.6243 7.84359 7.50865 7.14016 6.7997 6.65734 7.71286 7.13626 5.18471 8.64087 4.18185 3.36531 7.02085 3.11815 2.66244 2.30768 2.28242 2.10873 3.14756 1.74397 1.573 1.5658 1.75533 0.56179
threshold=0.88129737973213207 -0.98770427703857411 1.0455961823463442 0.50536203384399425 -0.20584410429000852 -0.29514621198177332 0.10467856004834176 -0.74210757017135609 1.9894382953643801 0.39972481131553655 1.0931082367897036 1.0471106171607973 0.99612027406692516 0.98245212435722362 -0.71492916345596302 1.0329363346099856 -1.2925649881362913 -1.0976310372352598 0.39565655589103704 0.33727525174617773 0.55735492706298839 -1.0986341834068296 -0.76941514015197743 -1.3794156312942503 -0.57281047105789173 -0.22215678542852399 -0.62687024474143971 0.89384356141090404 -0.93848803639411915 0.56509137153625499
decision_type=2 2 2 2 2 2 2 2 2 2 2 2 2 2 2 2 2 2 2 2 2 2 2 2 2 2 2 2 2 2
left_child=1 3 4 7 6 8 10 21 -4 -2 -3 23 13 19 20 -16 -11 26 25 -13 -8 -1 -18 24 -6 -19 -9 28 -24 -29
right_child=9 2 5 -5 11 -7 14 17 -10 16 -12 12 -14 -15 15 -17 22 18 -20 -21 -22 -23 27 -25 -26 -27 -28 29 -30 -31
leaf_value=-0.074628454305397315 -0.064102175015346832 -0.06508047090024828 -0.070321790592082128 -0.064551994594462092 -0.063612400403285127 0.057065204894641487 0.0079302110390860013 0.028467205915893853 0.048791187408600813 -0.018838808577579864 0.039895870920450945 0.017394963159302661 0.056745790241955411 0.031062272457938595 -0.071747715570183265 0.035807352803004996 -0.069892464978932922 -0.073628787818331723 0.050762674973041003 -0.067678950003679739 0.067522380211541388 0.012171664359605995 0.061390021047096989 -0.063914973447318182 0.041280761264298513 0.0048355061543543963 0.065444131078336035 0.048153939217754987 0.015788101269069682 0.063143071693893271
leaf_weight=1.6533472090959551 1.29740960150957 9.8358396291732806 4.8043646588921574 5.0904027521610251 1.7464669644832613 9.4595797806978208 3.1524244174361229 3.3833315744996062 1.825908228754997 1.8860905542969693 1.8295032680034626 1.2095942348241813 2.4036892503499976 2.7962856367230406 3.5343279317021352 3.9593545347452164 0.35335567593574424 1.677737854421139 7.6825245469808578 9.8309736549854279 4.6229225471615791 1.4263110682368267 4.0570449233055115 59.431543722748756 1.2111639901995648 1.2253979966044442 19.185314878821373 7.3279625177383414 4.3976501375436765 42.541282713413239
leaf_count=14 13 97 44 51 18 19 16 12 5 9 6 6 5 9 33 12 3 14 18 93 9 7 7 609 5 6 32 16 14 76
internal_value=0.000321746 -0.0192775 -0.0356047 0.0287878 -0.0437886 0.018089 -0.0126896 0.0419009 -0.0375193 0.0519579 -0.0486168 -0.0544414 -0.0259259 -0.0402873 0.0147583 -0.01492 0.0544441 0.048991 0.0257311 -0.0583583 0.0433614 -0.0344279 0.0567997 -0.0618643 -0.0206582 -0.0405094 0.0599008 0.0575673 0.0376705 0.0609405
internal_weight=224.839 162.978 121.654 41.3244 105.564 16.0899 26.9344 36.234 6.63027 61.8608 11.6653 78.6297 16.2405 13.8369 15.269 7.49368 60.5634 33.1543 10.5857 11.0406 7.77535 3.07966 58.6773 62.3892 2.95763 2.90314 22.5686 58.3239 8.4547 49.8692
internal_count=1278 1140 986 154 918 68 173 103 49 138 103 745 113 108 70 45 125 82 38 99 25 21 116 632 23 20 44 113 21 92
is_linear=0
shrinkage=0.05


Tree=19
num_leaves=31
num_cat=0
split_feature=42 29 21 47 42 2 6 30 4 20 21 30 2 43 15 2 36 39 40 6 16 44 37 28 30 17 5 3 39 6
split_gain=85.0986 47.0426 20.551 19.7443 15.0546 13.2303 13.007 13.1922 8.06853 8.80967 7.45512 5.75937 5.41336 4.28692 4.12078 3.62611 3.72202 3.44956 2.31901 2.31568 2.27032 2.14913 1.99041 3.00902 1.90615 1.27869 1.31154 0.938461 0.459957 0.168586
threshold=0.88129737973213207 1.203634560108185 0.52255672216415416 0.52804893255233776 0.22077227383852008 -0.59515973925590504 -0.29514621198177332 0.27287293970584875 -0.17899551242589948 -1.0312927365303037 -1.2216161489486692 -1.2925649881362913 1.1597268581390383 -0.58908888697624195 1.1454390287399294 3.569633007049561 1.0039024949073794 -0.092016257345676408 -1.8644095063209531 -1.6408551335334776 -1.2451862692832945 -1.0712298750877378 1.0455961823463442 0.48487645387649542 1.1992961764335635 -0.75254040956497181 0.029830447398126129 -0.29808115959167475 -0.20365498214960095 -1.2525730133056638
decision_type=2 2 2 2 2 2 2 2 2 2 2 2 2 2 2 2 2 2 2 2 2 2 2 2 2 2 2 2 2 2
left_child=1 2 4 5 6 10 7 12 9 -7 -3 -2 -1 -13 -5 16 18 28 -4 -10 -21 -22 23 -8 -11 -23 -27 -28 -15 -29
right_child=11 3 15 14 -6 8 22 -9 19 24 -12 13 -14 17 -16 -17 -18 -19 -20 20 21 25 -24 -25 -26 26 27 29 -30 -31
leaf_value=-0.067003646221689084 -0.025246367325195508 0.047128631232293883 -0.014357516059375556 -0.063949145010912561 -0.063331179234078466 0.047974158381920977 -0.024244815985660029 0.042379532634111629 -0.088769001772746325 0.0049529983434814092 -0.072183586585073942 -0.066652072470470433 0.026071007390345215 0.062254672249911658 0.040482337723711827 0.039482852052998701 0.021948534961520882 0.020174133944945931 -0.063148688462772745 -0.071464701640955836 -0.069916166181389863 -0.091514332364872775 0.057913267233783094 0.056133352764219824 -0.068726906712208546 0.0084028299623046306 0.035560621670485577 0.054734103345934294 0.04834059350002564 0.06463024908784186
leaf_weight=9.8513245731592196 2.3471050411462775 1.8569122552871702 2.5477487817406645 7.6728766262531263 10.419575370848177 4.6533331796526909 2.2524010092020061 5.3743458539247504 0.28762635588645125 1.1834798455238322 4.4392431154847136 0.71924993395805259 1.8566574379801739 44.192049041390419 1.0772395730018614 0.94864024221897025 1.384952813386916 5.9558847844600669 55.199036337435246 0.35807413607834959 0.33988226205110095 0.14526338875293632 8.5533638000488263 2.4104065671563148 3.3986054956912994 1.3204489722848212 3.6522344350814846 5.4130981713533464 6.861705742776393 20.996049046516415
leaf_count=95 14 5 19 79 109 12 15 16 2 6 39 7 6 82 4 3 6 18 586 3 3 1 16 6 32 6 11 11 16 36
internal_value=0.000896734 -0.0184058 -0.0389115 0.0179875 -0.0114874 0.0305687 0.0063416 -0.022474 0.0407582 -0.000484453 -0.0369951 0.0515317 -0.0522438 0.0546533 -0.0510924 -0.0574975 -0.0590534 0.0561837 -0.0609961 0.0524735 0.0537341 0.0551409 0.0435866 0.0173061 -0.0496966 0.0564891 0.0571742 0.0593165 0.0603846 0.0626018
internal_weight=217.669 157.593 100.798 56.7944 40.7181 48.0443 30.2985 17.0823 41.7481 9.23542 6.29616 60.076 11.708 57.7289 8.75012 60.0804 59.1317 57.0096 57.7468 32.5127 32.2251 31.867 13.2162 4.66281 4.58209 31.5271 31.3818 30.0614 51.0538 26.4091
internal_count=1264 1127 877 250 263 167 154 117 123 50 44 137 101 123 83 614 611 116 605 73 71 68 37 21 38 65 64 58 98 47
is_linear=0
shrinkage=0.05


Tree=20
num_leaves=31
num_cat=0
split_feature=42 39 31 49 21 46 36 31 42 42 11 23 29 43 11 36 44 16 48 39 36 36 46 6 6 13 20 39 23 4
split_gain=84.4404 41.9136 27.2258 17.3883 13.7134 9.5677 9.27941 11.9001 8.04471 11.2318 7.62278 5.87061 5.71448 5.24747 3.33935 3.32318 3.09496 6.52025 2.8904 2.66027 2.2013 1.96961 1.90826 4.16838 1.821 1.51328 2.63384 1.34761 1.07132 1.17564
threshold=0.88679862022399913 -0.11596874147653578 0.62456980347633373 1.4200972914695742 -0.10132554173469542 -0.21482390910387036 -1.5439995527267454 1.3674087524414065 0.69113206863403331 0.87462106347084057 1.5278774499893191 -0.27751887589693064 -1.3254765868186948 0.97392529249191295 -0.63874933123588551 1.0039024949073794 -1.1706720590591428 -0.62579879164695729 1.9289427995681765 -0.45028291642665857 0.70829454064369213 1.0033509135246279 1.6483359932899477 -0.81544962525367726 -1.3273242115974424 1.4441190361976626 -1.0000000180025095e-35 -0.092016257345676408 1.0000000180025095e-35 -0.17897261679172513
decision_type=2 2 2 2 2 2 2 2 2 2 2 2 2 2 2 2 2 2 2 2 2 2 2 2 2 2 2 2 2 2
left_child=1 2 4 8 5 10 7 -3 16 20 11 21 -2 15 -14 -6 -4 -18 -12 -16 -10 -1 -8 -24 -19 26 -13 -21 29 -26
right_child=12 6 3 -5 13 -7 22 -9 9 -11 18 25 14 -15 19 -17 17 24 -20 27 -22 -23 23 -25 28 -27 -28 -29 -30 -31
leaf_value=-0.066103049210607112 -0.014653727157153414 -0.063461965879765589 -0.069450587766386324 -0.07431677456856714 -0.062699646467451839 -0.064186108329369648 -0.06308591387097745 0.069428598238648914 -0.065378308312918784 0.064403955703433338 -0.068243166642413297 -0.0043289241063737471 -0.074606957207597455 0.057763514184113851 -0.062420081936145899 0.014787460755601944 -0.069252901407149361 0.0087441309050406753 0.025686965637051803 0.06039797187760703 0.01562175163879209 0.018070738797031718 0.022655877691579257 -0.065364032454919327 0.011717547103836563 0.063629171827219874 0.060174756415475594 0.035652699635782964 0.065241405104304637 0.052737682113504242
leaf_weight=1.7301203459501313 3.0736786872148505 3.3814943954348555 0.55098216980695625 3.8001124039292327 20.913611926138408 4.5756598785519591 45.599262587726116 3.3570590615272522 4.4157075807452184 3.5385512709617615 3.1191837638616553 3.0409133806824711 0.48963514715433021 1.0316077023744572 0.46588233113288779 1.481709599494933 1.1089342981576908 2.0822934582829395 1.1106277629733083 48.15399793535471 1.0354722514748571 1.1615519970655439 2.1457081735134125 3.6047933772206298 2.0603467896580652 6.4564716145396233 3.2999168708920452 6.2117547839879981 17.436010897159576 11.474588222801698
leaf_count=17 16 36 5 32 227 47 499 5 45 6 30 16 4 3 5 7 10 8 5 94 5 5 10 37 8 11 7 16 30 26
internal_value=0.00052859 -0.0189379 0.00144614 0.0282708 -0.0251444 0.00101343 -0.0524237 0.00274237 0.0371912 -0.00496332 0.0159908 0.0320513 0.0517034 -0.0524941 0.0553903 -0.057573 0.048108 0.050004 -0.0435798 0.0565511 -0.049992 -0.0322914 -0.059663 -0.0325208 0.0540051 0.0465901 0.0292403 0.0575706 0.0570482 0.0464934
internal_weight=211.908 153.513 95.4244 47.503 47.9214 24.4944 58.0883 6.73855 43.7029 8.98973 19.9188 15.689 58.3949 23.4269 55.3213 22.3953 34.7132 34.1622 4.22981 54.8316 5.45118 2.89167 51.3498 5.7505 33.0532 12.7973 6.34083 54.3658 30.9709 13.5349
internal_count=1272 1137 550 175 375 138 587 41 143 56 91 56 135 237 119 234 87 82 35 115 50 22 546 47 72 34 23 110 64 34
is_linear=0
shrinkage=0.05


Tree=21
num_leaves=31
num_cat=0
split_feature=31 39 40 20 37 39 48 18 7 40 25 30 11 47 45 2 43 2 6 43 42 39 43 6 10 42 27 5 43 3
split_gain=75.5896 34.8182 22.9993 20.8586 16.9737 13.2729 10.5246 10.216 9.06791 6.07827 5.70937 4.94133 3.69745 3.66116 3.44119 3.21988 3.08654 2.288 3.72291 2.19396 1.54374 1.3331 3.14306 1.09976 0.883193 0.657337 0.569378 0.459527 1.59881 0.122244
threshold=1.0328896045684817 -0.19127560406923291 0.079277347773313536 0.81887200474739086 1.0368213057518008 0.16161283105611804 1.3351942300796511 0.44630447030067449 -0.9247930347919463 -0.64632987976074208 0.44954825937747961 -1.421151280403137 -0.63868549466133107 -1.5699568986892698 -0.36178678274154658 1.5940232872962954 0.33224651217460638 -0.51001539826393116 -0.32058873772621149 0.68991535902023327 0.90196019411087047 -0.33314226567745203 1.0083755850791933 -1.6408551335334776 -1.0837201476097105 0.88679862022399913 -0.60330408811569203 0.45374646782875067 0.59998029470443737 -0.25744406878948206
decision_type=2 2 2 2 2 2 2 2 2 2 2 2 2 2 2 2 2 2 2 2 2 2 2 2 2 2 2 2 2 2
left_child=1 2 11 5 -4 12 -6 14 19 -7 -9 -1 -2 -14 -8 -10 -13 18 -15 -5 25 -20 -23 -19 -25 -3 -18 28 -26 -29
right_child=3 20 4 8 6 9 7 10 15 -11 -12 16 13 17 -16 -17 26 23 21 -21 -22 22 -24 24 27 -27 -28 29 -30 -31
leaf_value=-0.024984215379440223 -0.067894293813932347 -0.061156249688895208 -0.061377830826412488 -0.0044018525157303694 -0.065584467164702134 0.023373639510993929 0.0043511823829122777 -0.067023404554009527 -0.064774053215728128 -0.068873862187771528 0.030109497030535917 0.0019462826628045002 -0.079243687785613373 -0.012538796979754414 0.059371181625123504 0.031233003397851795 0.041364258487076061 -0.082567494524569573 0.06260089492582957 0.057224882292180312 0.0051999341717980721 -0.01269097041740147 0.064615556696079657 -0.073599017289985955 0.020413537241362054 -0.094101356793494739 0.06313028047227591 0.056244858156610567 0.064177759063838408 0.061855770852789038
leaf_weight=2.6347651630640057 0.65357714891433616 43.142980121076107 18.252018682658672 2.8318883478641501 4.6576422080397633 3.7142703980207443 4.0674075409770021 4.3123680800199482 7.6737421229481679 3.4391429871320716 2.3303863927721977 3.0104570090770748 0.53073934465646644 3.1895552352070817 9.4320567995309847 0.98547325283288945 4.0994667857885387 0.13999176025389815 6.9074204787611952 2.9472557753324509 0.8630821704864492 2.4228544980287454 2.8749218583106995 0.12766921520232344 3.3511082604527669 1.5691377967596043 11.249575078487391 14.105311810970294 5.531777411699295 31.13368982076646
leaf_count=18 6 500 209 16 47 14 19 43 83 34 10 15 4 15 18 4 14 1 13 6 3 16 5 1 12 12 21 30 10 60
internal_value=0.00046359 -0.0276292 -0.00385845 0.0337345 -0.024782 0.0439386 0.00215157 0.0178147 -0.0214768 -0.0209761 -0.0329476 0.0390484 0.0504818 0.0515821 0.0427936 -0.0538478 0.0482377 0.0525771 0.0355598 0.0270266 -0.0610339 0.0481293 0.0292606 0.0573937 0.0577549 -0.0623124 0.0573169 0.0580648 0.0476675 0.0601063
internal_weight=202.182 109.621 64.0461 92.5604 43.0519 78.122 24.7999 20.1422 14.4384 7.15341 6.64275 20.9943 70.9686 70.315 13.4995 8.65922 18.3595 69.7843 15.3948 5.77914 45.5752 12.2052 5.29778 54.3895 54.2496 44.7121 15.349 54.1219 8.88289 45.239
internal_count=1259 929 414 330 346 221 137 90 109 48 53 68 173 167 37 87 50 163 49 22 515 34 21 114 113 512 35 112 22 90
is_linear=0
shrinkage=0.05


Tree=22
num_leaves=31
num_cat=0
split_feature=42 31 47 37 4 48 22 46 2 46 30 48 5 20 14 2 39 9 11 33 15 13 12 20 15 16 35 35 6 27
split_gain=68.9938 35.9596 15.9836 15.842 13.9922 8.83968 7.69663 8.3736 7.54476 6.19981 6.00096 5.86099 5.77646 8.85978 3.72465 3.47755 3.28951 3.02204 2.9384 2.73547 2.61695 2.43734 4.41194 1.92544 5.05464 3.39373 0.658545 1.02649 0.437697 0.272584
threshold=0.88679862022399913 0.95096120238304149 0.61375397443771373 1.0411947369575503 -0.17899551242589948 1.3351942300796511 -0.87599989771842945 -0.35416376590728754 -0.61884307861328114 -0.42778447270393366 -1.2925649881362913 2.0645774602890019 0.21580152958631518 -1.6456886529922483 0.45771385729312902 3.569633007049561 -0.11596874147653578 -0.20201700925827024 1.5172848105430605 0.99789348244667064 1.6494933962821963 1.4988964200019839 1.526130795478821 -1.6198186874389646 0.37588447332382208 -0.0066957673989236346 -0.12969275563955304 0.23977113515138629 0.612992823123932 -0.79013115167617787
decision_type=2 2 2 2 2 2 2 2 2 2 2 2 2 2 2 2 2 2 2 2 2 2 2 2 2 2 2 2 2 2
left_child=1 3 4 6 12 -5 7 14 11 23 -2 -6 17 -14 -1 21 28 -3 26 -11 -20 -8 -23 -7 -25 -26 -10 -28 -12 -30
right_child=10 2 -4 5 8 9 15 -9 18 19 16 -13 13 -15 -16 -17 -18 -19 20 -21 -22 22 -24 24 25 -27 27 -29 29 -31
leaf_value=-0.026848308208684165 -0.026723642926943559 -0.026609247622163396 -0.062717398532881219 -0.064765602520707274 -0.074665717140393675 0.056060442127820145 -0.060738419065617499 -0.060800021542956807 0.061835295820580422 -0.06972733493004335 0.029953870384967843 0.046950324569619069 0.055839133604783799 -0.067194910547661496 0.054543185912392156 0.039804229320023081 0.015840011719040942 0.047910521838593227 -0.019058910275705832 0.025203210297462239 0.050866000243479259 0.042131394649352491 -0.061378681469128032 0.062359509128702875 -0.073173714498125347 0.035639364269221631 0.028751973148703619 0.061896418189320394 0.045288804181593173 0.059841812485547631
leaf_weight=2.1187152341008186 2.4609160348772994 2.1283820420503616 6.1289638429880133 3.9329989328980473 2.3675634339451781 6.0595218762755394 52.71915353089571 4.747381277382372 16.139138117432601 2.3796259984374024 1.3722539916634549 1.7034537419676778 1.8311192840337716 7.2830232530832308 4.1763020679354668 0.9280589371919622 5.2407553046941748 3.7709515467286101 2.7488423585891715 1.1141591668128965 2.6070989444851875 1.6656387671828259 2.695240281522274 2.9575662314891815 1.7989494800567629 1.1909475922584531 4.7198117673397046 4.6251780092716217 3.5063128098845473 39.079606801271439
leaf_count=17 15 16 69 41 20 12 629 56 31 22 6 4 4 74 13 3 17 10 15 5 6 6 31 5 16 5 15 9 9 81
internal_value=-0.000122961 -0.0178491 0.0134851 -0.0376989 0.02284 0.00218038 -0.0489226 -0.0106622 0.0401987 0.0191665 0.0494726 -0.0237774 -0.0175243 -0.0424762 0.0271492 -0.0562058 0.0532839 0.021025 0.0486438 -0.0394542 0.0149783 -0.0577668 -0.021843 0.036224 0.0160137 -0.0298309 0.0557192 0.0451564 0.057748 0.0586436
internal_weight=196.198 144.538 56.0535 88.4843 49.9246 19.4338 69.0505 11.0424 34.9111 15.5008 51.6598 4.07102 15.0135 9.11414 6.29502 58.0081 49.1989 5.89933 30.8401 3.49379 5.35594 57.08 4.36088 12.007 5.94746 2.9899 25.4841 9.34499 43.9582 42.5859
internal_count=1262 1134 273 861 204 106 755 86 100 65 128 24 104 78 30 669 113 26 76 27 21 666 37 38 26 21 55 24 96 90
is_linear=0
shrinkage=0.05


Tree=23
num_leaves=31
num_cat=0
split_feature=31 42 42 4 47 21 43 46 11 18 2 48 36 38 7 11 37 44 2 43 14 20 11 17 31 20 16 12 47 48
split_gain=73.3287 24.0853 20.3454 19.8864 15.2753 13.9588 9.58885 7.81025 6.21134 5.26377 4.83887 5.33913 4.5484 4.52139 4.80443 3.71721 8.6288 3.08742 7.81813 3.00304 2.84855 2.53834 2.08398 1.4679 0.842454 0.427342 0.30087 0.176815 0.0748035 0.0505953
threshold=0.62456980347633373 0.87462106347084057 0.88679862022399913 -0.17899551242589948 0.6271328628063203 -0.33924272656440729 0.99551600217819225 -0.18545582145452497 1.5278774499893191 0.30137422680854803 -0.61884307861328114 1.8615551590919497 1.0039024949073794 -0.57756215333938588 0.81781020760536205 1.5172848105430605 1.0418377518653872 -0.65812149643897999 -0.78800195455551136 0.045617626979947097 -0.20552331209182736 -1.6727423071861265 -0.37981738150119776 -0.75761714577674855 1.3674087524414065 -0.36766338348388666 -0.2410314008593559 -0.36705622076988215 0.28196538984775549 1.897849500179291
decision_type=2 2 2 2 2 2 2 2 2 2 2 2 2 2 2 2 2 2 2 2 2 2 2 2 2 2 2 2 2 2
left_child=2 3 5 9 10 7 19 8 13 20 11 -5 -7 14 -1 23 -17 18 -15 -4 -2 -11 -6 -12 -25 28 -21 -26 -3 -29
right_child=1 25 6 4 22 12 -8 -9 -10 21 15 -13 -14 17 -16 16 -18 -19 -20 26 -22 -23 -24 24 27 -27 -28 29 -30 -31
leaf_value=-0.061927203669579767 0.045821138893497121 0.053512390530808529 -0.0096651740616184329 -0.07052078392960591 -0.062550810018891831 -0.060149875995500868 -0.065849192629781117 -0.061779997496637921 -0.065242746162606488 0.023960095077208331 -0.10433293653401142 0.035812846205031716 0.009804181695341049 0.060212334296138703 0.065183183186339075 -0.075554176558143782 0.046093104014794585 0.050525649669045242 -0.074518544230023798 0.045616376058332422 -0.029778519756682477 -0.06296671584629919 0.018821366230366034 0.034358214497752053 0.051239317041957666 0.0451341033009722 0.063634155814834933 0.063319359426766642 0.060575697187594604 0.057226423785950858
leaf_weight=2.9616179317236013 2.317046582698822 4.2264491170644751 2.2290950939059249 2.0315375924110404 4.8325762376189232 49.977648660540581 2.4853290766477576 5.8272791877388945 2.7280662283301345 0.91136096417903978 0.14627046883106132 2.8180558755993843 2.4369670599699012 2.323993042111403 0.99252916872501362 1.9905232042074192 5.4464966282248497 7.7294305115938142 2.0062596946954727 4.4659822136163694 2.695609226822854 10.697515890002249 0.9398561641573896 4.3212435096502366 5.9825012907385871 5.7495276331901541 4.8149219751358032 10.549532473087305 33.139703512191772 5.032564416527749
leaf_count=34 6 10 14 19 55 621 16 67 29 4 1 8 14 5 3 17 15 19 19 11 19 122 5 14 14 16 9 20 69 11
internal_value=0.000532034 0.0292476 -0.0322391 0.00895364 0.0265235 -0.0423206 0.0232159 -0.011223 0.00449629 -0.0376531 0.0379461 -0.00873125 -0.0568974 0.0163768 -0.0300213 0.0447095 0.0135341 0.0315899 -0.00221015 0.0424475 0.00516661 -0.0561425 -0.049302 0.0536159 0.0545084 0.0578242 0.054964 0.0585462 0.0597768 0.0613515
internal_weight=194.807 103.828 90.9791 60.7127 44.0912 76.9838 13.9953 24.5692 18.7419 16.6215 38.3187 4.84959 52.4146 16.0138 3.95415 33.4691 7.43702 12.0597 4.33025 11.51 5.01266 11.6089 5.77243 26.0321 25.8858 43.1157 9.2809 21.5646 37.3662 15.5821
internal_count=1286 425 861 330 179 811 50 176 109 151 119 27 635 80 37 92 32 43 24 34 25 126 60 60 59 95 20 45 79 31
is_linear=0
shrinkage=0.05


Tree=24
num_leaves=31
num_cat=0
split_feature=39 40 37 21 49 30 11 21 31 35 2 16 26 31 43 47 5 43 39 42 4 17 18 25 26 45 42 4 5 46
split_gain=62.361 41.5987 30.1704 15.0865 12.0257 11.8541 9.19319 8.58397 7.62984 6.99774 4.75145 4.35607 4.1632 3.95183 6.9417 2.17284 4.49598 2.05944 2.07623 2.77803 8.12505 1.94896 3.46615 1.76668 1.59387 1.41957 0.888737 0.783368 0.267658 0.239251
threshold=-0.11596874147653578 0.18751855939626697 1.0411947369575503 -0.85045707225799549 1.4200972914695742 -1.2539589405059812 -0.63795158267021168 -0.070004474371671663 0.42117622494697576 -0.38295368850231165 -0.86647498607635487 0.87107175588607799 -1.1223552227020261 1.3674087524414065 0.92544731497764599 -1.4171867370605467 1.1484894156455996 -0.58908888697624195 -0.27618822455406183 0.89384356141090404 -0.17898440361022946 -0.61729449033737172 -1.3420715332031248 0.96915736794471752 0.95597153902053844 -0.91501882672309864 0.88679862022399913 -0.17897646874189374 0.48951530456542974 -0.49805817008018488
decision_type=2 2 2 2 2 2 2 2 2 2 2 2 2 2 2 2 2 2 2 2 2 2 2 2 2 2 2 2 2 2
left_child=1 5 7 6 9 11 -2 8 -3 -4 -11 -1 -7 26 -15 25 -17 -14 -19 20 23 -10 -23 -20 28 -12 -5 -27 -8 -29
right_child=3 2 4 13 -6 12 24 -9 21 10 15 -13 17 14 -16 16 -18 18 19 -21 -22 22 -24 -25 -26 27 -28 29 -30 -31
leaf_value=-0.073538293824790796 0.051860281908121308 -0.060923397157515796 -0.063427524335737395 -0.059402601380159237 -0.068275923456757717 -0.063936468991800929 -0.059684613620278729 -0.061968890397202298 0.059736043450328451 -0.063656004115726 0.013025646793344534 0.043407032512269628 -0.068669914364563336 -0.061947060754513561 0.022736181862144499 -0.041285921652637739 0.063486801834204687 0.059373134455117986 -0.077627146679422443 0.0600486514238611 0.058648487445246325 0.048735458346639116 -0.044496036317830896 0.006378719440275727 0.00081629798107722955 0.039078118529736465 -0.098435829352189419 0.065822344484324904 -0.095551134571678853 0.052986128220513219
leaf_weight=2.6510163173079486 6.1597241833806038 4.0428860411047953 1.7113611921668077 35.841000616550446 3.1266770660877219 0.75809867680072685 1.8159030228853215 20.819573819637299 2.6234885528683662 1.0505945086479211 2.2643175795674422 1.1381547451019285 0.34078565239906211 5.6091233044862729 4.2562904208898544 2.0467060208320573 2.0489945709705353 49.979892194271088 1.9032677039504053 7.0581472814083099 4.3756934404373151 2.0902682766318326 1.9059329554438589 0.93249910324811924 1.157216854393482 5.7996939271688577 1.5201429724693287 9.0812371522188275 0.72898323833942402 6.0475485026836191
leaf_count=25 17 49 19 468 30 8 23 253 6 11 10 5 3 67 16 17 4 112 20 15 9 6 14 6 7 18 11 16 6 16
internal_value=0.00193828 0.020606 -0.00822293 -0.0418129 0.0250475 0.0475676 0.0144348 -0.0432846 -0.0068019 0.0347575 0.0406868 -0.0384114 0.052553 -0.0535585 -0.0254117 0.044704 0.0111297 0.0539202 0.0545705 0.037749 0.0159234 0.0262521 0.00426999 -0.0500031 -0.0478355 0.050633 -0.0609908 0.0547018 -0.0699586 0.0606912
internal_weight=190.885 133.797 64.6593 57.0884 33.1771 69.1376 9.86183 31.4821 10.6626 30.0505 28.3391 3.78917 65.3484 47.2266 9.86541 27.2885 4.0957 64.5903 64.2495 14.2696 7.21146 6.61969 3.9962 2.83577 3.7021 23.1928 37.3611 20.9285 2.54489 15.1288
internal_count=1287 672 469 615 141 203 53 328 75 111 92 30 173 562 83 81 21 165 162 50 35 26 20 26 36 60 479 50 29 32
is_linear=0
shrinkage=0.05


Tree=25
num_leaves=31
num_cat=0
split_feature=39 40 36 48 21 15 29 49 20 26 33 20 42 3 35 46 6 42 29 47 27 27 5 2 42 0 46 42 39 5
split_gain=59.9964 41.2573 26.0604 13.2715 11.7327 9.38657 8.48135 8.11934 6.57172 6.09964 4.53843 4.51015 5.8536 3.95172 3.47707 2.92406 5.69197 2.8722 2.13925 4.38936 2.21827 1.85127 1.607 1.5405 1.52882 0.802419 0.574521 0.562525 0.348796 0.895938
threshold=-0.086133878678083406 0.18751855939626697 0.9899924397468568 1.3351942300796511 -0.85045707225799549 -1.2172050476074217 0.1375900134444237 1.4425713419914248 0.81887200474739086 0.33974093198776251 -0.64782479405403126 -0.23248621821403501 0.89778181910514843 -0.33890748023986811 0.25931815803051 1.6483359932899477 -0.96845149993896473 0.84830018877983104 0.93491452932357799 -1.4829669594764707 1.4801526665687563 1.6644518971443178 1.4178965091705324 -0.60456243157386769 0.89617446064949047 -0.78881838917732228 -0.75482773780822743 0.88679862022399913 -0.24573899805545804 1.59227991104126
decision_type=2 2 2 2 2 2 2 2 2 2 2 2 2 2 2 2 2 2 2 2 2 2 2 2 2 2 2 2 2 2
left_child=1 6 17 -4 5 -2 10 8 13 -10 11 12 -1 -5 -12 27 -17 22 19 25 -21 -7 -3 24 -8 -15 -20 -6 -25 -30
right_child=4 2 3 7 15 21 23 -9 9 -11 14 -13 -14 18 -16 16 -18 -19 26 20 -22 -23 -24 28 -26 -27 -28 -29 29 -31
leaf_value=-0.063745570450426781 0.056493671267536419 -0.061478101700343894 -0.063537377929051508 -0.063716617868523312 -0.059283211845812346 -0.063661648447115735 0.0018840281820240549 -0.06839912249295918 -0.068518637127590237 0.027134354244125844 -0.069842487787331195 0.063468212379455255 0.067783544946012728 0.062902621186209914 0.024215891677879593 0.036275639924184526 -0.06528748303559917 0.005949506879635893 0.039610822859240467 -0.067437496472415856 0.027209764217649285 0.014853328373235171 -0.0045245078175948318 0.059627976067337433 0.058809501107654476 0.032610613314008004 0.062801360548328147 -0.094712218854408739 0.02972417222713877 0.060999611899931333
leaf_weight=2.1378023922443385 4.6824216619133949 19.580405823886402 4.8569739013910285 0.86548351496457954 36.206050932407379 3.3180545866489393 2.5921378433704367 2.2110768407583228 2.893852934241294 3.9301683008670807 2.5493399128317824 4.5776652991771689 1.3997720032930372 3.7325194776058188 1.5987361893057821 2.4153315797448158 3.2168463394045821 1.9250086471438397 3.4858654513955125 1.5229501053690957 1.0430699363350866 0.97031877934932698 1.3221858665347088 40.091241307556629 2.1641943454742432 5.276927448809146 11.420560561120508 1.1561526656150807 3.7032550498843175 5.9997800588607788
leaf_count=23 10 247 54 9 486 40 15 23 30 18 26 9 3 7 8 10 39 12 10 16 6 6 9 91 5 17 22 8 16 12
internal_value=0.000989415 0.0190365 -0.00963155 0.014094 -0.0444645 0.00754747 0.046526 0.0244577 0.030466 -0.0134291 0.00895393 0.0307005 -0.0117012 0.0414192 -0.0335909 -0.0553169 -0.0217326 -0.0524933 0.0448552 0.0287286 -0.028964 -0.0458963 -0.0578755 0.0549724 0.0277859 0.0451603 0.0573783 -0.0603795 0.0575693 0.049063
internal_weight=182.846 130.881 64.067 41.2394 51.9652 8.9708 66.8139 36.3825 34.1714 6.82402 12.2633 8.11524 3.53757 27.3474 4.14808 42.9944 5.63218 22.8276 26.4819 11.5755 2.56602 4.28837 20.9026 54.5506 4.75633 9.00945 14.9064 37.3622 49.7943 9.70304
internal_count=1287 688 480 212 599 56 208 158 135 48 69 35 26 87 34 543 49 268 78 46 22 46 256 139 20 24 32 494 119 28
is_linear=0
shrinkage=0.05


Tree=26
num_leaves=31
num_cat=0
split_feature=39 40 36 21 48 15 30 15 20 31 2 26 2 46 30 43 25 31 33 11 42 43 29 11 39 17 9 42 9 36
split_gain=54.69 35.2724 26.1679 12.643 12.4094 9.66769 9.51826 7.42546 6.84884 6.60905 4.56567 4.45693 4.06125 3.46424 5.79896 3.27406 3.18619 3.39583 2.77972 4.45031 2.38427 1.9007 1.67612 1.41217 0.75528 1.81227 0.522834 0.452459 0.449515 0.176444
threshold=-0.11596874147653578 0.18751855939626697 0.9899924397468568 -0.85045707225799549 1.3351942300796511 -1.1769195199012754 -1.421151280403137 0.42639307677745825 -1.714368939399719 1.3166425824165346 -0.77436831593513478 -1.1223552227020261 -0.83066952228546131 1.3476175069808962 1.0105526447296145 -0.58908888697624195 -1.0976535677909849 1.3674087524414065 -0.41208729147911066 -0.10273672640323638 0.88129737973213207 0.99551600217819225 0.29628919064998632 -0.63874933123588551 -0.27618822455406183 -0.70675253868103016 0.03106461372226477 0.88679862022399913 0.365001991391182 0.37604509294033056
decision_type=2 2 2 2 2 2 2 2 2 2 2 2 2 2 2 2 2 2 2 2 2 2 2 2 2 2 2 2 2 2
left_child=1 6 16 5 -4 -2 -1 22 -9 10 12 -8 -10 27 -15 -13 17 -3 23 20 -20 -7 -6 -17 29 -26 -27 -5 -12 -25
right_child=3 2 4 13 7 21 11 8 9 -11 28 15 -14 14 -16 18 -18 -19 19 -21 -22 -23 -24 24 25 26 -28 -29 -30 -31
leaf_value=-0.06848205509550935 0.055118319660063447 -0.059580287213827146 -0.062676480872713089 -0.058818771307713104 0.025160044887200739 -0.062132330747178999 -0.062375718784295292 0.047596375048199045 -0.060590015517646645 0.029076104149990841 -0.062529150632582312 -0.065167335345322458 0.058740700014489236 -0.064765532422685804 0.023943391708486559 -0.068621825828448446 -0.060767914200528329 0.031293807160375678 -0.060910401455518542 0.068275470710903646 0.028003286901802035 0.019371745183981014 0.062413238003783768 0.057380892104494569 -0.0084053984934941255 0.037424414037750535 0.059795910888462339 -0.089635989073554745 -0.10505070938163055 0.067905365535520776
leaf_weight=1.7772600352764119 5.3588949218392372 1.9592330008745218 4.3981517478823653 32.879750765860081 4.1134151667356482 3.4466280192136747 0.88830653578042884 6.890204392373561 1.2197230532765391 5.5488438159227362 4.7870507016778037 0.60678616911172767 1.7163029983639688 3.835403859615325 3.5451290383934975 0.23066504299639845 17.469649583101273 2.1629588380455971 1.7401713207364085 2.4206576645374289 1.3304183185100553 0.90264565497636784 11.352581374347208 39.344665266573422 1.4322239980101574 4.1948250532150393 6.919834703207016 1.2358240708708752 0.71427490562200535 4.4308958649635306
leaf_count=19 12 26 51 459 17 42 10 19 15 18 57 6 5 48 19 2 228 8 21 4 4 5 22 97 8 14 15 9 6 8
internal_value=0.00245641 0.0199678 -0.0069373 -0.0411983 0.0166473 0.0101679 0.0456435 0.0262471 0.00679408 -0.0133069 -0.0411802 0.0488357 0.00916674 -0.0532156 -0.0221555 0.0504125 -0.0514379 -0.0118977 0.0515429 0.0175794 -0.0223861 -0.045217 0.0525052 0.0548407 0.0553464 0.0445312 0.0513526 -0.0599351 -0.06805 0.0584462
internal_weight=178.853 127.649 62.3324 51.2043 40.7405 9.70817 65.3167 36.3424 20.8764 13.9862 8.43735 63.5394 2.93603 41.4961 7.38053 62.6511 21.5918 4.12219 62.0444 5.49125 3.07059 4.34927 15.466 56.5531 56.3224 12.5469 11.1147 34.1156 5.50133 43.7756
internal_count=1274 680 472 594 210 59 208 159 120 101 83 189 20 535 67 179 262 34 173 29 25 47 39 144 142 37 29 468 63 105
is_linear=0
shrinkage=0.05


Tree=27
num_leaves=31
num_cat=0
split_feature=42 31 46 47 23 30 4 25 27 6 20 15 20 4 42 24 26 4 4 6 18 18 15 32 12 27 26 45 32 32
split_gain=49.5317 27.4782 16.2336 11.8152 11.4865 8.27824 7.97555 5.50159 5.06811 4.65963 6.0424 4.99556 4.25661 3.73529 3.63611 3.43336 3.2571 5.39883 5.09484 2.96725 2.35777 4.22863 2.22319 2.18546 1.70338 1.61553 1.53201 1.3809 3.80904 1.19317
threshold=0.88129737973213207 1.0941064357757571 -0.44423526525497431 0.52804893255233776 -0.071992371231317506 -1.2925649881362913 -0.17899551242589948 1.3931732773780825 0.28769575059413915 -0.29514621198177332 -1.726208448410034 0.31045019626617437 -1.0312927365303037 -0.17899896949529645 0.85420247912406932 -0.43109753727912897 -0.024377115070819851 -0.17893701791763303 -0.078236032277345643 0.39972481131553655 0.49404011666774755 -0.13972360640764234 1.3678189516067507 -0.18642117828130719 1.526130795478821 1.6366708874702456 -1.0837889313697813 0.30613631010055548 -1.1006429195404051 0.41049359738826757
decision_type=2 2 2 2 2 2 2 2 2 2 2 2 2 2 2 2 2 2 2 2 2 2 2 2 2 2 2 2 2 2
left_child=1 2 4 6 7 -2 8 20 12 10 -6 14 -3 -14 -11 -5 17 -8 -19 -7 21 -1 -9 -21 -4 -10 -25 -18 -29 -12
right_child=5 3 24 15 9 19 16 22 25 11 29 -13 13 -15 -16 -17 27 18 -20 23 -22 -23 -24 26 -26 -27 -28 28 -30 -31
leaf_value=-0.06744299860595164 -0.074636923032927904 0.058931450062267167 -0.058344697282693953 -0.05991653373196057 0.040226009167680987 -0.060867841008254479 0.062856273189334427 -0.01952285295394398 -0.065884693435326866 -0.058962425967945237 -0.062440696603532568 0.051080184576946623 0.039612649998096931 -0.061827852462264903 0.059712155856627737 0.047862828252697311 0.057999350203485303 -0.08124003525019026 0.036012267518224193 -0.071157279102077128 -0.058652240839274221 0.041050522310810689 0.062606405600591442 -0.063650881717198751 -0.0050836617289090232 0.0057301990811710777 0.0530742258028871 -0.025202765270032196 0.053511710186314801 0.0021861845008283864
leaf_weight=1.7902686446905138 1.3772059157490719 3.2989782467484474 36.218419961631298 5.7746937982738018 3.0080344006419191 0.59742831438779731 2.6848001182079315 1.6440707668662065 3.5631572976708412 2.0912322700023647 3.8459770455956477 9.9050475582480413 1.5685850456357004 2.1532011553645116 0.93359965085983265 0.84732265770435233 14.695632427930837 2.1178050041198735 1.6469369307160366 0.36129491776227851 13.33707208186388 1.8022364601492924 1.651898108422756 0.28293275088071723 1.5660921894013871 1.0109182298183439 43.584015935659409 2.1196499690413475 5.5902547389268866 0.8770650029182433
leaf_count=20 13 7 523 77 11 7 5 17 38 29 46 25 6 26 3 3 32 17 6 3 188 8 4 3 13 6 112 12 14 7
internal_value=0.00183647 -0.0144306 -0.0325105 0.0157862 -0.0106763 0.0461079 0.0259218 -0.0374618 -0.0091026 0.0155447 -0.0151631 0.0339056 0.0175795 -0.0190747 -0.0223341 -0.0461256 0.0399956 0.00868525 -0.0299464 0.0498176 -0.048968 -0.0130155 0.0216393 0.0513127 -0.0561371 -0.0500571 0.0523214 0.0490084 0.0318711 -0.0504395
internal_weight=171.946 125.743 78.671 47.0719 40.8865 46.2029 40.4499 20.2255 11.5948 20.661 7.73108 12.9299 7.02076 3.72179 3.02483 6.62202 28.8551 6.44954 3.76474 44.8257 16.9296 3.59251 3.29597 44.2282 37.7845 4.57408 43.8669 22.4055 7.7099 4.72304
internal_count=1281 1143 894 249 358 138 169 237 83 121 64 57 39 32 32 80 86 28 23 125 216 28 21 118 536 44 115 58 26 53
is_linear=0
shrinkage=0.05


Tree=28
num_leaves=31
num_cat=0
split_feature=39 40 37 48 21 15 21 10 17 30 46 6 33 45 29 29 22 2 5 39 16 11 26 3 26 36 15 9 37 26
split_gain=51.1215 36.0423 22.4347 11.751 9.33678 7.96917 5.76127 5.05169 4.99536 4.49501 7.13666 5.67008 3.95685 6.29578 3.72526 2.42253 5.22408 1.82928 1.5605 1.53741 2.59645 1.20399 1.02132 0.869116 1.26636 0.706715 0.423891 0.295666 0.284226 0.250003
threshold=-0.11596874147653578 0.18751855939626697 1.040782153606415 1.3351942300796511 -0.85045707225799549 -1.2172050476074217 -0.070004474371671663 -0.76941514015197743 -0.51423293352127064 0.67275184392929088 -0.84777459502220143 -0.17083534598350522 -0.37121780216693873 0.57335579395294201 0.32487341761589056 1.203634560108185 -0.58844628930091847 0.13767100125551227 -1.422717213630676 -0.28903104364871973 -0.3613989502191543 -0.60083326697349537 -0.53537195920944203 -0.19964152574539182 0.055234069004654891 1.0042031407356264 -1.2942132353782652 -0.16172924637794492 1.0500686168670657 -0.70654067397117604
decision_type=2 2 2 2 2 2 2 2 2 2 2 2 2 2 2 2 2 2 2 2 2 2 2 2 2 2 2 2 2 2
left_child=1 7 6 -4 5 -2 8 -1 14 10 25 28 18 -14 -3 26 21 -7 -9 29 -21 -17 -22 24 -11 -5 -6 -24 -12 -20
right_child=4 2 3 9 15 17 -8 12 -10 23 11 -13 13 -15 -16 16 -18 -19 19 20 22 -23 27 -25 -26 -27 -28 -29 -30 -31
leaf_value=-0.060700744661008388 0.051168628925399577 -0.058764446918300739 -0.061778772555133123 0.028814264535410486 -0.0841793882225811 -0.063815401728348084 -0.059271162266703051 -0.081412523986033547 -0.062053220020826777 0.003309791756062495 -0.064198982908433205 0.022852600250360445 -0.065743606146711764 0.048777439399050222 0.036909187481140485 -0.012322726283965182 -0.060229339472016676 0.018226557529348011 0.06950336740969866 -0.017352538424919985 0.0077174806240726439 0.046208390640170058 0.041842351327538434 0.061393434809859718 0.050130731655502553 0.061508105795458803 -0.057759833327505977 0.058614306337217426 -0.096683008026609785 0.056517694892881359
leaf_weight=1.0811501592397679 4.5000705346465111 1.2969702333211897 3.8731767721474197 3.2377522438764599 1.6045608744025219 3.1157411374151693 17.48229268938303 0.21733029931783576 3.0741713494062441 1.9881990700960157 2.4156827107071908 2.83263255655765 1.9034496992826451 3.2478240802884102 4.7208803445100784 1.6989616528153422 5.4428900405764562 0.86891350895166386 4.1321286857128134 1.8016205504536618 1.471367809921502 1.8195460364222524 4.3116483092308018 7.7451255321502686 5.2778456956148148 3.3768618702888489 28.225321948528293 6.7280212938785562 0.93364480137825001 35.977445378899574
leaf_count=13 11 18 48 14 15 40 250 2 39 10 26 12 22 11 17 14 75 5 8 12 9 6 14 16 15 7 432 16 8 94
internal_value=0.00205188 0.0195103 -0.00860298 0.0198151 -0.0419404 0.00557089 -0.042482 0.0464151 -0.0101995 0.0311799 0.00940712 -0.0292171 0.048352 0.00646071 0.0162896 -0.0523324 -0.0295355 -0.0459249 0.0523014 0.0528354 0.0387671 0.0179458 0.0468485 0.0497405 0.0373192 0.045505 -0.059181 0.0520639 -0.0732541 0.0578555
internal_weight=166.403 119.127 58.2552 31.6809 47.276 8.48473 26.5743 60.872 9.09202 27.8077 12.7966 6.18196 59.7908 5.15127 6.01785 38.7913 8.9614 3.98465 54.6396 54.4222 14.3127 3.51851 12.511 15.0112 7.26604 6.61461 29.8299 11.0397 3.34933 40.1096
internal_count=1279 681 480 156 598 56 324 201 74 108 67 46 188 33 35 542 95 45 155 153 51 20 39 41 25 21 447 30 34 102
is_linear=0
shrinkage=0.05


Tree=29
num_leaves=31
num_cat=0
split_feature=42 39 43 37 48 31 49 24 21 31 15 43 46 31 20 7 20 5 33 36 43 26 43 0 12 29 33 18 29 31
split_gain=45.8263 28.6194 14.7328 15.6875 10.6313 8.75462 9.19237 5.9433 5.42103 6.07302 4.58629 4.058 3.36148 4.22963 2.60081 6.79859 2.21663 1.60321 1.45298 2.14377 1.45207 3.58686 1.41442 1.19098 0.955255 1.96354 0.339296 0.249207 0.162376 0.0803097
threshold=0.88679862022399913 -0.28903104364871973 0.43563264608383184 1.040782153606415 1.3351942300796511 1.3674087524414065 -0.75987708568572987 -0.6572488248348235 -0.22049245238304135 0.42117622494697576 0.39040160179138189 -0.77936205267906178 -0.40872338414192194 1.3166425824165346 -1.5226978063583372 -0.42973530292510981 0.60624644160270702 -0.297801524400711 -0.66439133882522572 -1.6230207681655882 1.0931082367897036 0.47473526000976568 0.28307281434535986 0.7899998426437379 -0.77700853347778309 0.72795885801315319 0.91305848956108104 -1.1473476886749265 0.56509137153625499 1.1588751673698428
decision_type=2 2 2 2 2 2 2 2 2 2 2 2 2 2 2 2 2 2 2 2 2 2 2 2 2 2 2 2 2 2
left_child=1 2 3 8 -5 20 7 -7 9 -1 26 -2 14 -14 -12 -16 24 -4 -9 -20 -3 -22 29 -18 25 -13 -6 -8 -26 -10
right_child=11 5 17 4 10 6 27 18 22 -11 12 16 13 -15 15 -17 23 -19 19 -21 21 -23 -24 -25 28 -27 -28 -29 -30 -31
leaf_value=-0.059569842443665734 -0.058867781421611191 -0.057562041239448025 0.014230133276892 -0.060675552691892169 0.042886158182482655 -0.06930203170780834 -0.09285949874704208 0.053661159167184447 -0.057501582109845455 0.029540168979830292 0.051997358482205373 0.0022745445406481628 -0.063971563100413617 0.043564886353429012 0.043372085766094172 -0.072014210436729273 0.040503217990458085 0.060635020108643259 0.053717992664533747 -0.025113780040880593 -0.059023370556115978 0.04065200016459633 0.016041369954021192 -0.0066036540177223969 0.067592209099289854 0.057663993256531799 0.061423604279772115 -0.059024434823905882 0.056255742700999013 -0.066364186599714228
leaf_weight=3.0998907648026925 0.89129111915826698 34.553127266466618 2.2125224098563203 3.6648353897035149 3.7796934098005313 1.5998576059937466 0.61707804352044959 4.8345551528036586 9.4396116584539396 4.9896312355995178 5.2708969861269015 2.5624902918934778 2.6351112201809839 1.4002944678068159 3.6578064300119895 1.9609734416007976 2.9742815196514121 11.722929958254095 1.6011483594775189 1.8692041710019114 2.7243043668568125 1.3497347272932527 0.64360373094678003 2.4445476979017258 3.6303371191024842 4.2599115073680878 7.1151095330715179 4.6086446493864059 24.313050001859665 3.5053543671965608
leaf_count=42 12 544 16 48 10 15 5 13 147 18 12 12 29 4 12 19 9 27 4 17 38 6 5 11 7 11 15 67 66 37
internal_value=0.00112874 -0.0146054 0.00769053 -0.00472344 0.0190166 -0.0416048 -0.00936533 0.0189426 -0.0370127 -0.00460663 0.030328 0.0466565 0.0123237 -0.0266562 0.0267686 0.00310187 0.0489971 0.0532673 0.0359421 0.0112576 -0.0542332 -0.0260008 -0.0563046 0.0192523 0.0536333 0.0368597 0.0549925 -0.0630198 0.0577285 -0.0599015
internal_weight=159.932 118.856 65.0983 51.1628 29.4847 53.7577 15.1305 9.90477 21.6781 8.08952 25.8199 41.0759 14.9251 4.03541 10.8897 5.61878 40.1846 13.9355 8.30491 3.47035 38.6272 4.07404 13.5886 5.41883 34.7658 6.8224 10.8948 5.22572 27.9434 12.945
internal_count=1278 1150 441 398 149 709 121 49 249 60 101 128 76 33 43 31 116 43 34 21 588 44 189 20 96 23 25 72 73 184
is_linear=0
shrinkage=0.05


Tree=30
num_leaves=31
num_cat=0
split_feature=39 40 37 48 21 15 44 47 3 19 17 36 31 5 39 42 4 28 26 26 46 5 46 0 25 48 29 32 42 42
split_gain=42.8796 27.1217 21.0596 10.8746 10.5319 8.01339 5.61508 4.77392 4.46415 3.79365 3.36909 3.28658 4.6143 3.11448 2.56121 3.18212 7.70758 2.16352 4.95153 2.78038 1.91198 1.77726 1.64714 1.42912 1.40687 1.14315 1.05505 0.9432 0.898825 0.661357
threshold=-0.11596874147653578 0.18751855939626697 1.0368213057518008 1.3351942300796511 -0.85045707225799549 -1.2172050476074217 -0.74830713868141163 -1.3752998709678648 -0.334779143333435 0.2687187939882279 -0.77048379182815541 -1.6230207681655882 1.3674087524414065 -1.422717213630676 -0.28903104364871973 0.89617446064949047 -0.17898440361022946 -0.72075867652893055 -0.024377115070819851 -0.90597000718116749 -0.21675183624029157 2.4169819355010991 3.0274802446365361 -0.61752620339393605 0.97790375351905834 1.5379956364631655 1.203634560108185 0.81987568736076366 0.89659190177917492 0.88129737973213207
decision_type=2 2 2 2 2 2 2 2 2 2 2 2 2 2 2 2 2 2 2 2 2 2 2 2 2 2 2 2 2 2
left_child=1 6 9 -4 5 -2 -1 8 -5 23 -10 12 -6 -8 27 16 24 -12 19 -19 -9 -7 29 -3 -16 -25 -20 -15 -11 -13
right_child=4 2 3 7 11 21 13 20 10 28 17 22 -14 14 15 -17 -18 18 26 -21 -22 -23 -24 25 -26 -27 -28 -29 -30 -31
leaf_value=-0.05936034553948747 0.051715412066048072 0.045802327222654413 -0.060318319401494361 -0.039266904942284485 -0.059052054294188354 -0.062023372948193836 -0.069822448855414762 -0.066644682127616914 -0.15077107891360983 -0.058645164616721784 0.053181503569727707 -0.057190659166865304 0.055271833751565559 0.057170585676950471 -0.074562095573175349 0.055157437872982232 0.049663689265174248 0.019343188951606669 0.020069169270203753 -0.072528483201042618 0.020387360753066061 0.020260911105297489 0.010459513050979724 -0.058392813074328732 0.0028217369402047093 0.021052007303627707 0.056481426424740383 0.031180807305503433 -0.0065437666023653671 -0.088457830432672482
leaf_weight=1.2878375910222519 4.8781677484512329 1.2377140522003176 4.0310654267668715 1.9907812178134943 1.9175873175263396 3.0668194815516459 0.57060882449149986 1.7850758917629721 0.23342956602574005 16.347172390669588 14.317424222826967 29.749921768903736 1.6353047713637352 33.309999629855156 2.239687986671925 6.3259901776909828 4.3255143836140615 1.604469381272793 3.026931285858133 1.6919797807931978 0.97613148763776081 0.83487641066312779 0.87807292491197486 1.0363117344677473 0.79612413048744191 0.8041834570467471 5.803709402680397 3.8995901346206656 0.87193591892719169 1.7931510172784317
leaf_count=17 12 3 54 20 29 43 6 21 2 250 35 487 4 91 27 17 13 8 15 16 6 4 7 15 6 5 14 15 7 14
internal_value=0.00107889 0.018063 -0.00625143 0.0169965 -0.0401021 0.00899528 0.0437615 0.0269125 0.0329601 -0.0468674 0.0383499 -0.0520849 -0.00643171 0.0463419 0.0476442 0.0291509 0.00680198 0.0400193 0.0244798 -0.0278121 -0.0358774 -0.0444164 -0.0570878 0.0042579 -0.0542686 -0.0236803 0.0440002 0.0544468 -0.0560069 -0.0589681
internal_weight=153.268 108.514 55.7583 35.461 44.7539 8.77986 52.7554 31.4299 28.6687 20.2973 26.6779 35.974 3.55289 51.4675 50.8969 13.6873 7.36133 26.4445 12.1271 3.29645 2.76121 3.9017 32.4211 3.07821 3.03581 1.8405 8.83064 37.2096 17.2191 31.5431
internal_count=1263 663 471 191 600 59 192 137 110 280 90 541 33 175 169 63 46 88 53 24 27 47 508 23 33 20 29 106 257 501
is_linear=0
shrinkage=0.05


Tree=31
num_leaves=31
num_cat=0
split_feature=39 49 37 49 44 31 46 48 20 26 7 3 29 33 43 28 21 42 7 26 17 0 21 43 39 39 42 4 42 28
split_gain=43.4268 26.7372 22.2346 9.86469 8.1344 6.74945 6.4573 5.84391 5.07102 4.7088 3.85078 3.74072 2.71765 4.11077 2.69033 2.64314 2.34618 3.39342 1.81928 1.51525 1.50105 2.00706 3.78554 1.34869 1.08409 0.806301 1.40737 0.77768 0.533929 0.400579
threshold=-0.086133878678083406 -0.71492916345596302 1.0329363346099856 1.4425713419914248 -0.66746622323989857 1.3674087524414065 0.36825507879257208 1.3351942300796511 0.81887200474739086 0.33974093198776251 0.79800793528556835 -0.33890748023986811 0.1674572750926018 -0.57052376866340626 0.92544731497764599 0.72600331902503978 -1.5485115051269529 0.88870978355407726 0.75840330123901378 1.5091900825500491 -0.61729449033737172 -0.78881838917732228 -2.1441878080368038 0.3028912246227265 -0.33314226567745203 -0.26830688118934626 0.89384356141090404 -0.17591012269258496 0.88679862022399913 -0.43140606582164759
decision_type=2 2 2 2 2 2 2 2 2 2 2 2 2 2 2 2 2 2 2 2 2 2 2 2 2 2 2 2 2 2
left_child=1 4 19 7 10 16 -7 -4 11 -10 -1 -9 13 24 18 -15 17 -2 -8 -3 29 -22 -23 -14 -6 -25 27 -27 -18 -13
right_child=5 2 3 -5 12 6 14 8 9 -11 -12 20 23 15 -16 -17 28 -19 -20 -21 21 22 -24 25 -26 26 -28 -29 -30 -31
leaf_value=-0.059848952656574132 -0.057836024505737049 -0.058986809351104709 -0.059238838394039539 -0.06302275830685132 0.063575939659401656 -0.0603252759624908 -0.068270488108403318 -0.060473488504383201 -0.065725191950463127 0.025435583849484841 0.037915584171086314 0.05845858045770478 0.001808162825684773 -0.067036192712469064 0.042675786262788791 0.027923907025544339 -0.056633754332678532 0.05616098964799298 0.025831948263693269 0.001336133635582904 0.049089098472606535 0.042882325597142362 -0.061715764059349636 0.057262291845037616 0.023165309220002123 -0.0011531592038581803 0.057230455549558204 0.042377166112419179 -0.088382130915419271 0.040061419201747023
leaf_weight=2.7847314663231364 1.5286872759461432 16.008187435567383 1.9895091690123106 3.6678588017821303 3.5014190971851349 3.7395625188946706 1.1373018547892573 0.89490820840001717 2.4190850220620623 3.4181299693882465 1.5779651366174219 10.456913322210319 1.3032106794416893 1.7024477235972864 4.663747139275074 1.2865626513957977 27.247924655675892 1.1393788382411001 0.9365832358598708 1.1134285070002068 4.2918196395039558 2.0254870355129246 1.5097770802676596 32.226026810705655 3.1551429815590382 2.2468168586492538 5.5688756704330444 1.8883519992232374 1.3919313177466381 4.1265095360577115
leaf_count=38 23 246 29 47 8 54 15 11 30 16 8 24 9 21 14 6 472 3 5 11 11 5 20 91 16 14 15 6 10 15
internal_value=0.000973104 0.0175654 -0.00841649 0.0145341 0.0411326 -0.0423742 -0.00763672 0.0236715 0.0293316 -0.0123437 -0.024488 0.0397699 0.0465466 0.0225488 0.0216068 -0.0261624 -0.0539991 -0.0091544 -0.0257731 -0.055064 0.0437729 0.0261096 -0.00178755 0.0519006 0.0444217 0.0534575 0.0408223 0.0187252 -0.0581768 0.0532529
internal_weight=150.948 109.163 51.9216 34.8 57.2416 41.7851 10.4772 31.1321 29.1426 5.83721 4.3627 23.3054 52.8789 9.64557 6.73763 2.98901 31.3079 2.66807 2.07389 17.1216 22.4105 7.82708 3.53526 43.2333 6.65656 41.9301 9.70404 4.13517 28.6399 14.5834
internal_count=1293 697 465 208 232 596 88 161 132 46 46 86 186 51 34 27 508 26 20 257 75 36 25 135 24 126 35 20 482 39
is_linear=0
shrinkage=0.05


Tree=32
num_leaves=31
num_cat=0
split_feature=39 40 36 31 36 31 15 22 48 0 3 42 10 36 24 39 42 4 33 26 26 22 32 9 22 43 43 42 18 26
split_gain=39.018 27.9355 17.3479 8.90096 8.8285 7.06318 6.54449 5.93929 4.85806 4.04479 4.37704 3.86618 2.80958 2.4627 2.33444 1.89533 2.83369 6.25167 1.84803 1.49884 1.2241 1.14407 0.861459 2.35206 0.629683 1.19198 0.231279 0.581073 0.197466 0.146889
threshold=-0.11596874147653578 0.18751855939626697 0.9899924397468568 1.3166425824165346 -1.5439995527267454 1.0328896045684817 0.42639307677745825 1.5143139958381655 1.3351942300796511 1.1497461199760439 -0.32783946394920344 0.88679862022399913 -0.76941514015197743 1.0085023641586306 -0.65660735964775074 -0.28903104364871973 0.89384356141090404 -0.17898440361022946 0.8109826147556306 1.5091900825500491 -0.024377115070819851 -0.086176730692386613 -0.10007409751415251 -0.37103834748268122 -1.007670998573303 0.92544731497764599 0.46939179301261907 0.89384356141090404 -1.6291054487228391 0.71026554703712474
decision_type=2 2 2 2 2 2 2 2 2 2 2 2 2 2 2 2 2 2 2 2 2 2 2 2 2 2 2 2 2 2
left_child=1 9 14 6 5 -2 18 8 -8 12 -11 22 -1 -10 -3 26 17 21 -4 -16 -5 -17 23 -6 25 -24 27 -14 -26 -22
right_child=4 2 3 20 11 -7 7 -9 13 10 -12 -13 15 -15 19 16 -18 -19 -20 -21 29 -23 24 -25 28 -27 -28 -29 -30 -31
leaf_value=-0.059370140087266689 -0.057235112793050602 0.010524828745066495 -0.0061841105727409428 0.020415334583806549 -0.058282357591260658 0.053377909552453889 -0.05814455357050366 -0.062700088358874792 -0.0054459365320703272 0.045173734140700139 -0.070430979410143854 0.0027890616203749721 0.029729945052254028 0.06085395451711742 -0.058502913158290974 -0.066606128650394988 0.056944054153835515 0.049767042914029794 0.048653037297675228 0.0019649768574949702 0.060508462401343804 0.0049584015391010662 -0.05719007664583528 0.049676154825669443 -0.085884826451591623 0.023534575919297817 0.05699747771224023 0.06058528082325533 -0.056899016894674914 0.047840675397934559
leaf_weight=0.60446507483720679 2.1902197264134875 1.525987762957812 2.2094611637294319 3.4531553983688363 1.590106997638941 4.2314162403345108 2.3417623639106733 6.2908542230725288 2.8091169930994511 1.7302852347493174 1.5542842932045449 3.3905196264386168 2.8371266275644293 2.7934761345386505 14.587997846305369 2.0251611992716794 6.4591493606567383 4.1681556180119497 5.0433172099292278 1.1022470407187945 5.48234066367149 0.77110720425844181 1.2841493934392918 0.73898448795080085 0.60039737820625916 0.71020396798849095 29.315023638308048 3.301352608948946 27.505299836397171 3.9279104471206665
leaf_count=8 37 12 14 14 25 11 36 87 19 7 17 15 13 6 237 25 18 13 15 11 12 6 21 3 6 5 86 9 485 12
internal_value=0.00220806 0.0186226 -0.00754868 0.0129819 -0.0383349 0.0156513 -0.0067104 -0.0264065 0.00233311 0.0441994 -0.00953133 -0.0480134 0.0477661 0.0276115 -0.0485132 0.049091 0.0330897 0.010966 0.0319476 -0.054255 0.0458774 -0.0468713 -0.0533249 -0.0240288 -0.0555918 -0.0284434 0.0551495 0.0463243 -0.0575182 0.0552208
internal_weight=146.575 104.334 51.5676 34.3514 42.2413 6.42164 21.488 14.2352 7.94436 52.7661 3.28457 35.8197 49.4815 5.60259 17.2162 48.8771 13.4236 6.96442 7.25278 15.6902 12.8634 2.79627 32.4291 2.32909 30.1001 1.99435 35.4535 6.13848 28.1057 9.41025
internal_count=1285 677 475 215 608 48 177 148 61 202 24 560 178 25 260 170 62 44 29 248 38 31 545 28 517 26 108 22 491 24
is_linear=0
shrinkage=0.05


Tree=33
num_leaves=31
num_cat=0
split_feature=42 39 29 21 21 20 49 37 21 6 6 20 21 44 1 29 37 6 31 43 30 11 17 43 42 11 23 48 11 39
split_gain=36.9028 20.7118 13.4457 9.17097 5.51709 4.96418 4.52784 9.61836 3.63619 3.37973 3.25367 3.23118 2.70885 4.60928 2.84869 1.99357 1.88573 1.87507 1.7556 3.76754 1.68393 1.62093 1.48813 4.17698 1.1864 0.599969 0.523336 0.519344 0.370099 0.281742
threshold=0.89384356141090404 -0.11596874147653578 0.93491452932357799 -0.33924272656440729 -1.3812686800956724 -0.89700832962989796 -0.71492916345596302 1.0418377518653872 -2.8428971767425533 0.45085039734840399 0.45085039734840399 -1.714368939399719 -2.6373654603958125 -0.79591244459152211 -1.6055427789688108 1.0919036865234377 1.0469335317611697 0.14428865164518359 1.3674087524414065 0.92544731497764599 -1.1882336139678953 -0.63792178034782399 -0.66426151990890492 0.554131180047989 0.8758436143398286 -0.63510146737098683 -0.41453655064105982 1.4190925359725954 1.5145848989486697 -0.1479644179344177
decision_type=2 2 2 2 2 2 2 2 2 2 2 2 2 2 2 2 2 2 2 2 2 2 2 2 2 2 2 2 2 2
left_child=1 2 3 8 9 25 -7 15 -1 -3 -2 -5 -10 17 -15 -8 24 -14 -6 -20 -12 -16 27 -24 -13 -4 -9 -23 -27 -22
right_child=10 4 5 11 18 6 7 26 12 -11 20 16 13 14 21 -17 -18 -19 19 -21 29 22 23 -25 -26 28 -28 -29 -30 -31
leaf_value=-0.071271326855739767 -0.057351331835475874 -0.058990259081218056 0.02291741395301293 0.02808189239097323 -0.056638929727826928 0.047030710399575737 0.017952624804249542 0.020551495000306088 0.05625136905749533 0.03579031150894478 0.0083546657075314595 -0.057658071200657995 -0.064839785158528424 -0.068718386380774849 -0.10027354650627876 -0.062952846624229675 0.0042912852530124727 0.019794034902246398 -0.058228318009376979 0.015431445212647128 0.055775806812762112 0.031134235802196038 -0.05986432367569914 0.048704141313153287 0.009144624542944688 0.057283016166711664 0.051218120276213398 0.060326640262211795 0.038893214285135896 0.041166215872985475
leaf_weight=1.3841915242373968 0.71379687264561908 1.3264125064015377 2.117604263126851 1.4672784507274652 25.545870017260313 5.2265163473784932 0.88692634552717198 2.4107263088226318 2.9894267171621367 3.2332066781818867 2.1894835606217447 14.475596021860838 2.7691805362701465 0.83085025846958416 0.24179083853960293 5.3799968361854553 1.4935829862952221 0.85696847364306439 4.3350316658616057 2.8954054564237595 24.943775266408927 2.999179147183896 1.4650499112903905 2.2411605566740036 0.69662244617939073 8.9144081585109181 3.2895527333021164 3.0965558886528015 3.9474268108606347 3.8031604140996853
leaf_count=19 11 21 10 9 477 17 6 11 7 14 10 244 41 9 2 70 12 4 70 14 80 14 22 7 5 25 9 7 14 12
internal_value=0.000784175 -0.0133015 0.00289576 -0.0176571 -0.0433138 0.0265369 0.00820486 -0.00875181 0.00673971 0.00821824 0.0481885 -0.0430512 0.0129136 0.00397921 0.0202575 -0.0515027 -0.0493139 -0.0448383 -0.0504826 -0.0287315 0.0506236 0.0276178 0.0307726 0.00578747 -0.0545909 0.0475787 0.0382488 0.0459636 0.051639 0.053843
internal_weight=138.167 106.517 69.1806 37.0074 37.3359 32.1732 17.1937 11.9672 18.8744 4.55962 31.6502 18.1331 17.4902 14.5007 10.8746 6.26692 16.6658 3.62615 32.7763 7.23044 30.9364 10.0437 9.80195 3.70621 15.1722 14.9794 5.70028 6.09574 12.8618 28.7469
internal_count=1273 1160 564 402 596 162 113 96 132 35 113 270 113 106 61 76 261 45 561 84 102 52 50 29 249 49 20 21 39 92
is_linear=0
shrinkage=0.05


Tree=34
num_leaves=31
num_cat=0
split_feature=39 40 36 15 48 49 21 2 31 28 6 22 36 46 6 33 39 10 37 34 5 44 39 20 10 42 45 30 31 21
split_gain=33.9166 23.3012 13.7582 9.58398 8.50851 5.55913 4.84739 4.57969 4.21217 6.20188 3.84548 3.67476 2.81913 2.78364 3.91776 2.59993 5.2978 2.05487 1.82782 1.50171 1.39607 0.865012 1.98145 0.606584 0.425631 0.245298 0.155441 0.122014 0.0744049 0.073594
threshold=-0.028842920437455174 0.011687966063618662 0.9899924397468568 -1.1462994217872617 1.3351942300796511 1.4425713419914248 -1.3812686800956724 -0.80581837892532338 0.62456980347633373 -0.19027918577194211 0.45085039734840399 1.5688381791114809 1.002510726451874 1.6483359932899477 -0.95832499861717213 -0.41208729147911066 -0.41905194520950312 -0.55968171358108509 1.0418377518653872 -0.65056639909744252 1.4178965091705324 0.13318457454442981 -0.1479644179344177 0.3590476661920548 -0.24758286029100415 0.88129737973213207 0.30613631010055548 0.48598827421665197 1.1588751673698428 -0.67291054129600514
decision_type=2 2 2 2 2 2 2 2 2 2 2 2 2 2 2 2 2 2 2 2 2 2 2 2 2 2 2 2 2 2
left_child=1 7 3 -3 -4 8 10 19 9 11 -2 -6 -13 25 -15 17 -17 -9 -10 -1 28 22 24 27 -19 -8 -20 -23 -5 -11
right_child=6 2 4 20 5 -7 13 15 18 29 -12 12 -14 14 -16 16 -18 21 26 -21 -22 23 -24 -25 -26 -27 -28 -29 -30 -31
leaf_value=-0.05901818403637981 -0.063031250903085381 0.057097978452586975 -0.05883186230916685 -0.05564532292510254 0.048909053289728381 -0.064945813046416057 -0.055885668865629484 -0.0073389807647985198 0.012337277328442581 -0.077141741157225677 0.036164124303861754 -0.061289050190869832 0.023342760234289495 0.036894319994680902 -0.061851044222525499 0.058446729124340992 -0.062557071176647466 0.055289581073237476 0.058552976291114917 0.019946325670505777 -0.0019094295916718654 0.065441981199886701 -0.0036951514358904113 0.035133730754169638 0.033083457685444136 -0.083663989461337046 0.046320288396624165 0.055151002730221138 -0.063336361563137739 -0.057906245578402848
leaf_weight=1.4419210813939574 1.4201842211186875 2.1998234540224102 3.7413776665925971 11.502879206091167 5.8477840125560778 1.7565366886556137 23.275069788098342 1.6687409803271283 3.3486849814653405 0.66563954949378978 3.1310887597501278 1.7330770678818224 2.2765173241496086 2.0334637425839901 1.9850683026015747 1.9787952788174155 1.6662481129169453 6.4088277444243422 7.5078220069408399 1.0337426252663124 1.2045654803514469 3.2903594970703187 2.3143768943846217 3.8270867243409148 3.2532750964164725 0.82282944023609061 3.970244899392128 23.111327297985554 4.3277625404298297 1.9656288214027891
leaf_count=21 22 6 58 223 16 23 451 14 16 7 13 25 10 10 33 5 24 18 19 7 11 7 14 15 15 6 12 77 56 31
internal_value=0.00168062 0.0158759 -0.00754088 -0.0411167 0.0121411 0.0212749 -0.0426605 0.0402545 0.0268194 0.00542576 0.00521109 0.0236301 -0.0132379 -0.0504096 -0.0118838 0.0437086 0.00313261 0.0470797 0.0448393 -0.0260456 -0.0537995 0.0492313 0.0378591 0.0537369 0.0478127 -0.0568342 0.0543217 0.0564335 -0.0577479 -0.0627723
internal_weight=134.711 102.043 52.0483 19.235 32.8133 29.0719 32.6677 49.9947 27.3154 12.4886 4.55127 9.85738 4.00959 28.1164 4.01853 47.519 3.64504 43.874 14.8268 2.47566 17.0352 42.2053 11.9765 30.2288 9.6621 24.0979 11.4781 26.4017 15.8306 2.63127
internal_count=1265 730 513 296 217 159 535 217 136 89 35 51 35 500 43 189 29 160 47 28 290 146 47 99 33 457 31 84 279 38
is_linear=0
shrinkage=0.05


Tree=35
num_leaves=31
num_cat=0
split_feature=39 49 36 44 49 31 18 15 39 5 18 32 15 38 16 48 26 15 15 5 23 32 9 30 34 35 16 43 27 41
split_gain=34.9129 20.0206 17.9968 7.28082 6.97512 5.758 4.35937 4.81714 4.19028 4.78074 4.10574 5.70026 3.72294 4.26072 2.2766 1.62478 1.61618 1.50123 2.47242 1.18337 2.01487 1.16684 1.80587 0.84735 0.832647 0.776163 0.17432 0.137047 0.113121 0.0542531
threshold=-0.028842920437455174 -0.71492916345596302 0.9899924397468568 -0.74830713868141163 1.4425713419914248 0.62456980347633373 0.44630447030067449 0.84217172861099254 -0.28903104364871973 1.714001536369324 -0.9150758385658263 0.21809604763984683 -1.2440345287322996 -0.57756215333938588 1.2390635609626772 1.7260791659355166 1.5091900825500491 0.4492193758487702 1.20572966337204 -0.57277095317840565 1.7092374563217165 -0.093335188925266252 -0.37103834748268122 0.42597970366477972 -0.17416507005691526 0.84311997890472423 -0.29930278658866877 0.37830261886119848 1.1278649568557741 -0.43903012573719019
decision_type=2 2 2 2 2 2 2 2 2 2 2 2 2 2 2 2 2 2 2 2 2 2 2 2 2 2 2 2 2 2
left_child=1 3 16 23 5 6 7 25 19 12 11 28 -10 24 -8 -9 -3 -7 -19 20 -5 22 -12 -1 26 -4 -14 -21 -2 -29
right_child=10 2 4 8 -6 17 14 15 9 -11 21 -13 13 -15 -16 -17 -18 18 -20 27 -22 -23 -24 -25 -26 -27 -28 29 -30 -31
leaf_value=-0.057110729101002358 -0.058070912889513493 -0.057310331188224921 0.05944453477399142 -0.0086243176981593665 -0.061570727707714969 0.058411523427436302 -0.059286205405060168 -0.062232655036817776 0.033455122764856668 0.054514566051660787 -0.05650864667113608 0.04258623721629113 -0.084037242822704292 0.044454198781267718 0.020955467631449134 0.024308119075417182 0.0062425861090824103 -0.010932829802912738 0.051147346080259198 0.046906304277592098 0.057358028448335645 -0.056101257441013269 0.048306575263933775 0.0093024290854480766 -0.0043529090748191781 0.025399751863801685 -0.058560349402830517 0.055482275653812946 -0.082428866832094508 0.062355163842609508
leaf_weight=2.1245793402194972 1.2132984660565878 13.932254891842602 3.0890503823757189 2.089132577180858 2.7977169007062903 7.7446749806404114 3.6716454774141321 1.9434960745275023 4.2567429095506659 6.2268085777759543 0.99320826679468155 2.8394948318600655 0.92969516664743324 1.4526352472603319 1.1642381958663461 0.75231522694230069 1.0777510330080975 2.6933654472231865 3.9646718055009842 4.49801958724857 2.5931035429239273 23.581444837152954 0.70096129551530484 0.62056444957852352 0.66423758491873774 3.6550050564110279 2.4168592058122158 22.104277312755585 0.78507782146334637 3.3000198602676418
leaf_count=35 19 256 7 14 41 20 59 27 16 18 19 10 10 6 9 5 11 16 11 16 7 471 3 6 8 15 37 76 8 7
internal_value=0.00204023 0.016283 -0.00769596 0.0372057 0.0137875 0.0211391 -0.00136448 0.0184115 0.0415138 0.0203101 -0.0451445 -0.0029449 -0.00160151 -0.0289153 -0.039968 -0.0380819 -0.0527471 0.0434442 0.0260341 0.0512909 0.0279178 -0.0532218 -0.0131414 -0.0420974 -0.0554884 0.0409936 -0.065638 0.0549507 -0.0676401 0.0563751
internal_weight=129.876 99.7629 46.4862 53.2767 31.4762 28.6785 14.2758 9.43987 50.5315 15.947 30.1135 4.83787 9.72017 5.46343 4.83588 2.69581 15.01 14.4027 6.65804 34.5846 4.68224 25.2756 1.69417 2.74514 4.01079 6.74406 3.34655 29.9023 1.99838 25.4043
internal_count=1263 733 477 256 210 169 122 54 215 95 530 37 77 61 68 32 267 47 27 120 21 493 22 41 55 22 47 99 27 83
is_linear=0
shrinkage=0.05


Tree=36
num_leaves=31
num_cat=0
split_feature=42 47 31 46 49 24 24 36 36 43 30 6 43 47 4 4 24 6 5 26 19 3 35 20 6 35 46 45 3 11
split_gain=27.9192 16.3746 9.3985 7.53434 7.16195 6.48051 5.29837 4.60125 4.38903 4.32356 3.89733 3.31818 2.65146 3.05752 3.69531 2.60809 2.99325 3.40337 2.76685 2.0309 1.97889 1.93264 3.46807 1.8533 1.67316 1.05225 0.536038 0.482757 0.103469 0.0931889
threshold=0.88679862022399913 0.44157510995864874 0.19410157203674319 -0.44423526525497431 1.4425713419914248 0.16039285808801654 -0.65727898478507985 1.0039024949073794 0.11312000453472139 1.0144147872924807 1.1992961764335635 -1.38971871137619 0.89572453498840343 0.53316301107406627 -0.17688876390457151 -0.17897646874189374 -0.65685552358627308 -0.067093547433614717 0.20734751969575885 -0.024377115070819851 -0.10505815595388411 -0.30627298355102534 5.7572312355041513 0.48886829614639288 -0.34249620139598841 0.16110025346279147 1.0415853857994082 0.37022653222084051 -0.29337182641029352 1.5142250061035158
decision_type=2 2 2 2 2 2 2 2 2 2 2 2 2 2 2 2 2 2 2 2 2 2 2 2 2 2 2 2 2 2
left_child=1 2 3 7 6 12 -4 9 23 20 -10 -8 -3 14 -14 16 -13 25 -19 24 -1 -9 -23 26 -17 -18 -2 29 -20 -21
right_child=8 5 4 -5 -6 -7 11 21 10 -11 -12 15 13 -15 -16 19 17 18 28 27 -22 22 -24 -25 -26 -27 -28 -29 -30 -31
leaf_value=0.010637136273984802 0.05639091535507415 -0.055305770605548144 -0.061245608312630297 -0.056551997672425192 -0.06284291570746138 0.054092568366974063 -0.03142377345917647 0.060689614446912503 -0.070650913038946134 0.045609353325712615 0.048889723684334252 0.058116937627550429 -0.056348343394884051 -0.05618322616199363 0.049226817797156264 -0.027653778166088029 0.05027011066740486 0.017121315060067172 -0.056212159057488414 0.058265964533270126 -0.056124206138193133 -0.047631772008230336 0.053111829286145773 0.018327780681600497 0.045240922676086814 0.0015004754401144692 0.033991987476933709 0.034522990936779012 -0.076540325483861554 0.049307519695024823
leaf_weight=1.4036523848772038 21.140086859464656 22.82581942528487 1.7263012826442707 9.4242350123822671 2.5356635041534892 1.6685223691165436 2.1548345237970343 3.0955148227512836 1.5434882007539263 1.7744077704846857 1.2213616222143173 2.862005613744258 1.2867592163383963 3.0722195468842983 2.3290013223886481 1.6559094078838827 2.5565963797271243 1.6266126036643971 1.2220793962478627 8.6055867671966606 5.3050687201321152 1.5984399057924741 1.8349136263132093 4.4130764529108992 1.5005480311810995 1.9492930956184862 3.0573384575545779 3.5874143540859214 1.2832941748201858 4.3806999064981929
leaf_count=12 72 482 25 180 34 5 17 7 17 7 5 7 25 61 9 16 9 11 23 23 103 16 6 18 5 12 14 18 12 15
internal_value=0.00151303 -0.0122124 0.00263544 -0.0215114 0.0183089 -0.041774 0.0241696 0.000486435 0.0423128 -0.0237981 -0.0178443 0.0285863 -0.0471937 -0.0195073 0.0116552 0.0327269 0.0138007 -0.00088268 -0.0336569 0.0437582 -0.0421559 0.03204 0.00620941 0.0481262 0.00699963 0.0291719 0.0535608 0.0507589 -0.0666246 0.055244
internal_weight=124.641 93.2654 62.0831 24.4362 37.6468 31.1823 35.1112 15.012 31.3754 8.48313 2.76485 33.3849 29.5138 6.68798 3.61576 31.23 11.4999 8.63788 4.13199 19.7302 6.70872 6.52887 3.43335 28.6105 3.15646 4.50589 24.1974 16.5737 2.50537 12.9863
internal_count=1266 1140 558 331 227 582 193 151 126 122 22 168 577 95 34 151 74 67 46 77 115 29 22 104 21 21 86 56 35 38
is_linear=0
shrinkage=0.05


Tree=37
num_leaves=31
num_cat=0
split_feature=31 39 42 44 4 22 39 21 36 26 32 22 37 11 36 6 46 42 40 9 19 46 43 6 12 42 42 45 46 42
split_gain=29.2792 14.2638 10.2549 9.45178 9.30654 6.66579 6.66287 3.72434 3.65163 3.46354 3.26432 3.24195 3.04927 2.65476 6.15043 2.64965 2.43659 4.25184 1.9225 1.86664 2.76226 1.86145 1.17479 5.32002 2.82185 0.998056 0.538501 0.375122 0.378825 0.358933
threshold=0.62456980347633373 -0.19127560406923291 0.87462106347084057 -0.66746622323989857 -0.17899551242589948 0.4189476370811463 0.7342476248741151 -1.7156569957733152 1.002510726451874 0.59257903695106517 0.57935670018196117 0.30632738769054418 1.0469335317611697 1.5204567313194277 0.99872043728828441 1.7245252132415774 -0.44423526525497431 0.88679862022399913 0.95818546414375316 -1.0658965110778806 -3.7524623870849605 1.8699263930320742 0.68991535902023327 -0.34249620139598841 1.3715847730636599 0.86124196648597728 0.89384356141090404 -0.54884725809097279 -0.92543771862983693 0.88679862022399913
decision_type=2 2 2 2 2 2 2 2 2 2 2 2 2 2 2 2 2 2 2 2 2 2 2 2 2 2 2 2 2 2
left_child=1 3 4 8 7 10 13 -2 -1 -10 16 -12 25 22 -15 29 27 18 -18 20 -11 -8 23 24 -6 -9 -4 -5 -29 -3
right_child=2 15 26 5 6 -7 21 12 9 19 11 -13 -14 14 -16 -17 17 -19 -20 -21 -22 -23 -24 -25 -26 -27 -28 28 -30 -31
leaf_value=-0.056498496759293054 0.035982200838680541 -0.054706409364344878 0.034545831469544916 0.065474540911960519 -0.06176055414613673 -0.059342023684940431 -0.059720502618977322 -0.057560677870683009 -0.063605089333120368 0.041389930486093851 -0.06057075776742922 0.055031535786008362 0.050623293362615909 -0.064638535012901399 0.042883165089932965 0.031086780835934261 -0.056862321989590084 0.050805742918904599 0.045129707857768257 0.059962491412557196 -0.064556979755683835 0.034850103193692299 0.056579553338406356 0.051605238949498866 0.045192195039438846 -0.0049241535799217275 0.054053320118523762 0.054070633684735171 0.031437102771291782 -0.077629726518483738
leaf_weight=8.1679932624101621 1.8307692557573307 20.567448604851968 4.2564375177025822 3.0010543093085289 1.9245389215648203 2.4789384976029387 2.6950347386300559 7.3321280255913699 1.7717275470495213 1.3203249648213384 1.8470716327428811 0.90295785665512074 0.80799167603254396 2.0915372669696799 3.6528415307402611 0.89571471512317558 2.1546436399221451 3.0494812428951263 0.58815539255738247 1.7104781717061999 1.1520030088722704 0.64482868462800969 8.364433538168667 8.5287255570292526 0.90754658728837956 1.0266787894070146 20.951330788433552 4.4159261099994183 3.180073790252214 1.8622641749680031
leaf_count=156 8 464 14 6 30 44 47 133 27 6 33 3 3 25 13 7 41 11 3 4 18 4 26 28 3 8 81 14 15 16
internal_value=0.00265474 -0.0228272 0.0258052 -0.00297773 0.010003 0.0178044 0.0249401 -0.0291264 -0.0347903 -0.00501266 0.0277964 -0.0226133 -0.0421297 0.0336474 0.00373435 -0.053242 0.0362549 0.0101784 -0.0349915 0.0198056 -0.00797697 -0.0414617 0.0423587 0.0318886 -0.0274874 -0.0510955 0.0507594 0.0505081 0.0445951 -0.0566097
internal_weight=124.081 59.0663 65.0148 35.7408 39.8071 21.6183 28.8095 10.9976 14.1225 5.95453 19.1394 2.75003 9.1668 25.4696 5.74438 23.3254 16.3893 5.79228 2.7428 4.18281 2.47233 3.33986 19.7252 11.3608 2.83209 8.35881 25.2078 10.5971 7.596 22.4297
internal_count=1291 868 423 381 328 170 176 152 211 55 126 36 144 125 38 487 90 55 44 28 24 51 87 61 33 141 95 35 29 480
is_linear=0
shrinkage=0.05


Tree=38
num_leaves=31
num_cat=0
split_feature=42 39 49 31 31 49 46 27 26 24 33 29 1 21 16 5 49 36 15 0 47 42 33 5 0 43 16 0 29 18
split_gain=26.2124 16.3186 8.41631 7.15672 6.76957 6.28681 6.18486 4.25536 3.43952 3.37322 3.10246 2.57676 2.34084 2.34083 3.76882 2.21599 1.80405 6.99423 1.76084 1.88069 3.65991 1.7211 1.35555 1.62113 1.03864 1.02635 2.26595 0.521072 0.735467 0.158264
threshold=0.88679862022399913 -0.28903104364871973 1.4425713419914248 1.3674087524414065 0.62456980347633373 -0.75987708568572987 -0.44423526525497431 0.43134634196758276 2.2917944192886357 -0.6572488248348235 -0.53656151890754689 1.1130210161209109 -1.9578748345375059 0.088764555752277388 1.2390635609626772 1.0299929380416872 -0.69245517253875721 0.97314792871475231 0.39040160179138189 -1.1219771504402158 -1.4298224449157713 0.89384356141090404 -0.66439133882522572 2.5893177986145024 -0.46147492527961725 1.0931082367897036 1.2994211912155154 -0.19921454042196271 0.1375900134444237 -1.2377020120620725
decision_type=2 2 2 2 2 2 2 2 2 2 2 2 2 2 2 2 2 2 2 2 2 2 2 2 2 2 2 2 2 2
left_child=1 2 4 25 6 9 7 12 -9 -5 21 -12 -1 -14 -15 -8 -6 -18 -19 -20 -21 -2 -11 24 -24 -3 -27 -23 -29 -7
right_child=10 3 -4 5 16 29 15 8 -10 22 11 -13 13 14 -16 -17 17 18 19 20 -22 27 23 -25 -26 26 -28 28 -30 -31
leaf_value=-0.062854161833307193 0.017245580129235421 -0.05486666419219554 -0.057947655385883916 -0.064145960368733629 0.055147714583208246 -0.086231385122142901 -0.057076901308535578 -0.063290392611248136 0.044626818094448871 0.050620110437604629 -0.067515499559077666 0.040277274672638919 0.053615965463287812 -0.054529096996728504 0.057220318869524271 0.047656035411030924 -0.06030252519281383 0.057357602432703748 0.057269117613307385 0.027480523819045123 -0.070152911092683387 0.055315309921039883 -0.05819092163441672 0.051455116958842743 0.019999161723299887 -0.055723813678948998 0.036106829465035607 0.016851348538800895 0.054597829278388403 -0.0556005398604585
leaf_weight=0.6445680782198896 4.3899584002792897 23.601558934897188 4.5046643428504458 1.040120832622051 6.4395000264048585 0.48888076841831152 5.8045430630445489 2.692454989999534 1.0173146054148672 4.1561479978263369 1.1473042815923682 1.072853971272707 6.081457167863844 1.5528834089636805 1.4675037041306493 0.55319108068943013 2.1404537148773679 5.9472931623458845 2.4775789976119995 4.0900231748819351 1.2542193681001661 18.318463146686561 0.98913438990712144 1.1750792190432546 0.74432329088449434 1.9204954802989953 1.033138610422611 2.3723475746810392 2.829787939786911 3.0688041262328625
leaf_count=9 18 542 81 12 21 4 113 43 4 14 14 6 20 36 4 2 35 17 7 17 12 70 16 4 5 39 6 12 11 66
internal_value=0.00139611 -0.012825 0.00701402 -0.0370504 0.0139545 -0.00440111 -0.00732346 0.0118783 -0.0336967 0.019921 0.0414603 -0.0154265 0.0292254 0.0357463 -0.000233844 -0.047964 0.0328188 0.023781 0.036852 0.0212607 0.00456732 0.0459853 0.0322981 0.00611683 -0.0246172 -0.0513893 -0.0236028 0.0513494 0.0373842 -0.0598097
internal_weight=115.016 84.8853 46.6676 38.2177 42.163 11.6625 19.8139 13.4562 3.70977 8.10481 30.1307 2.22016 9.74641 9.10184 3.02039 6.35773 22.3491 15.9096 13.7691 7.82182 5.34424 27.9106 7.06468 2.90854 1.73346 26.5552 2.95363 23.5206 5.20214 3.55768
internal_count=1260 1129 421 708 340 121 231 116 47 51 131 20 69 60 40 115 109 88 53 36 29 111 39 25 21 587 45 93 23 70
is_linear=0
shrinkage=0.05


Tree=39
num_leaves=31
num_cat=0
split_feature=42 39 31 46 49 33 42 36 31 33 32 37 49 47 48 37 18 12 27 46 6 25 20 20 2 15 20 2 34 23
split_gain=25.398 16.5067 9.22545 7.42953 6.6596 4.44197 4.07842 3.78258 4.38903 3.5385 3.41964 3.22437 2.48207 8.04987 2.37255 2.01052 2.32269 1.57433 3.18041 1.32512 2.2673 1.267 0.979991 3.55191 0.815611 0.661735 0.280705 0.276459 0.242267 0.107687
threshold=0.88679862022399913 -0.11596874147653578 0.52605187892913829 -0.44423526525497431 1.4200972914695742 1.1064780354499819 0.36891120672225958 -1.5439995527267454 1.3674087524414065 -0.44765608012676233 -1.2635728716850279 1.0411947369575503 -0.73740315437316883 -1.3752998709678648 2.1416348218917851 1.0416296720504763 -1.1473476886749265 -0.77700853347778309 -0.24439633637666699 1.6483359932899477 -0.95832499861717213 1.3931732773780825 -1.8196462988853452 0.20062562078237536 -0.49070611596107477 0.58208563923835765 0.60624644160270702 1.6782700419425967 -1.0000000180025095e-35 1.0000000180025095e-35
decision_type=2 2 2 2 2 2 2 2 2 2 2 2 2 2 2 2 2 2 2 2 2 2 2 2 2 2 2 2 2 2
left_child=1 2 3 5 12 6 10 8 -3 17 11 -1 24 15 21 16 -14 18 -2 -9 -21 -15 -13 -24 -4 -7 -19 -27 -12 -17
right_child=9 7 4 -5 -6 25 -8 19 -10 -11 28 22 13 14 -16 29 -18 26 -20 20 -22 -23 23 -25 -26 27 -28 -29 -30 -31
leaf_value=-0.055408670483545842 -0.032983916083175434 -0.055285485262711487 0.019081932030006649 -0.056071702563421644 -0.062257351540034082 -0.0039333913350609057 -0.05695794692923787 -0.055476920751825101 0.055621501205954917 -0.025680643469140348 0.061240320972175938 0.054975377469266 0.045079466931145888 -0.060821097616947761 0.043424613238393091 0.047006901024284412 -0.04025258829518532 0.054271186715232615 0.045062631812646407 0.029595276724361387 -0.056104453538195043 0.018025914980270775 -0.063558497186108828 0.04884726711663908 0.055449064158303675 -0.056653456324670219 0.036911922033516294 -0.1014726231372199 0.040903054567489522 0.05838393657007046
leaf_weight=1.9725403375923649 1.7762724868953226 1.6666687615215805 1.8894442953169335 8.6765915863215906 2.1385750770568839 0.56330706179141943 1.8303765356540669 21.10023977607489 1.9193468168377876 1.8592275008559216 2.8001755475997925 1.4613347351551054 1.7810228615999222 3.6767071411013594 0.81042642891407002 3.7587264105677587 1.4440161250531736 18.85237251222134 4.9231608435511651 1.3100072629749777 1.8784141987562168 0.59146528691053379 1.1537785716354849 1.7979573085904119 8.3772463016212004 2.1757999099791054 2.6569840610027304 0.40869518741965283 3.0696644373238122 4.6567714512348175
leaf_count=43 14 37 13 182 30 8 36 498 5 18 6 4 6 61 3 14 15 73 19 8 39 6 18 6 29 44 10 6 15 12
internal_value=0.0017649 -0.0125117 0.00336591 -0.018338 0.0226746 0.000659676 0.0126597 -0.0438599 0.00407538 0.0411311 0.0230572 -0.00226533 0.0294053 0.0175225 -0.0350032 0.0404388 0.00687191 0.0455346 0.0243695 -0.0509371 -0.0208935 -0.0498948 0.0214885 0.00490995 0.0487562 -0.0530382 0.0521269 -0.0637409 0.0506048 0.0533025
internal_weight=112.977 82.9093 55.0346 25.9102 29.1244 17.2336 14.0858 27.8747 3.58602 30.068 12.2555 6.38561 26.9858 16.7191 5.0786 11.6405 3.22504 28.2088 6.69943 24.2887 3.18842 4.26817 4.41307 2.95174 10.2667 3.1478 21.5094 2.5845 5.86984 8.4155
internal_count=1278 1144 557 368 189 186 128 587 42 134 92 71 159 117 70 47 21 116 33 545 47 67 28 24 42 58 83 50 21 26
is_linear=0
shrinkage=0.05


Tree=40
num_leaves=31
num_cat=0
split_feature=42 39 30 31 4 20 49 33 27 10 34 48 37 26 17 3 5 6 48 20 42 26 22 16 37 0 0 21 48 15
split_gain=23.5133 16.617 9.25337 4.91962 5.45927 3.73629 3.62262 3.43332 2.69159 2.57598 2.52 6.69378 2.72457 2.48077 3.64925 3.17785 2.24613 1.47115 1.4507 1.35925 1.2504 1.13365 0.931532 1.84822 0.599371 0.556964 0.435557 0.63802 0.387654 0.309929
threshold=0.88679862022399913 -0.27854721248149866 0.67275184392929088 1.3674087524414065 -0.17886504530906674 -1.7682933211326597 -0.73740315437316883 -0.44765608012676233 0.52602598071098339 -1.206772446632385 0.052320439368486411 1.4332211613655093 1.0335785150527956 0.51446127891540538 -0.66726353764533985 -0.2974748015403747 -0.2845028936862945 -0.2166732773184776 1.5379956364631655 0.81887200474739086 0.89384356141090404 0.92118579149246227 -0.92961961030960072 1.2994211912155154 1.052992105484009 -0.28052368760108942 -0.19921454042196271 -0.18645805120468137 -0.63349169492721547 0.45815873146057134
decision_type=2 2 2 2 2 2 2 2 2 2 2 2 2 2 2 2 2 2 2 2 2 2 2 2 2 2 2 2 2 2
left_child=1 2 5 22 -5 9 28 20 13 17 -4 -12 21 14 16 -15 -7 -1 -18 29 -2 -13 23 -3 -10 -17 -22 -28 -6 -14
right_child=7 3 10 4 6 8 -8 -9 24 -11 11 12 19 15 -16 25 18 -19 -20 -21 26 -23 -24 -25 -26 -27 27 -29 -30 -31
leaf_value=-0.061574172919447105 0.021802271007578533 -0.054591434128091268 0.054413600482302586 -0.059950458726264672 0.055894553979692951 0.052608394524509827 -0.056114032158131336 -0.024468110516706207 -0.059244570381454177 0.048773088968716884 -0.059235900828701817 -0.060229184174839502 0.056209109082114017 0.045382659476236736 -0.056236404955617172 -0.061897922042357056 -0.076065187964174552 0.035413231645811505 0.013211876944607385 0.0055430317260154348 0.05487702983840597 0.020384158257475665 -0.054395873304243704 0.029297138678627106 -0.0020286285573313909 -0.0009925540777400235 0.054792740631081062 0.018346127389968686 0.027148307348684661 0.037737862685833644
leaf_weight=1.0896211229264734 4.4263610541820588 1.7934867255389684 7.0911966711282739 3.2577262204140425 2.1867963522672653 1.6529016643762591 1.2222727425396422 1.8539343066513527 5.0899179466068736 3.3583592399954822 2.3548101820051679 1.0142022930085648 5.8262815475463849 3.1525683701038361 5.0248182602226725 1.0625603236258028 0.8412704244256044 0.6098092384636401 0.99109255895018578 2.2160500772297373 16.476458385586746 0.765136457979679 21.551456011831764 1.0357642285525797 0.5029507242143153 0.5804038867354383 2.5748193562030792 2.2501136176288083 2.5292516015470028 3.721544872969389
leaf_count=20 17 42 25 60 7 5 26 18 97 13 41 15 19 14 108 16 17 4 8 15 68 5 543 8 7 7 10 12 16 15
internal_value=0.00140467 -0.012243 0.00696626 -0.0391005 -0.00793753 -0.0147795 0.0205964 0.0412478 -0.0249948 0.0233897 0.0296268 0.0185708 0.0320994 -0.012761 -0.0289678 0.0159994 0.0103462 -0.026772 -0.0277768 0.0408213 0.0459833 -0.0255645 -0.0508547 -0.0238806 -0.0540993 -0.0403821 0.051008 0.0377958 0.0404777 0.0490094
internal_weight=108.104 80.5222 46.9455 33.5768 9.19605 23.9563 5.93832 27.5817 18.8985 5.05779 22.9892 15.898 13.5432 13.3056 8.51008 4.79553 3.48526 1.69943 1.83236 11.7639 25.7278 1.77934 24.3807 2.82925 5.59287 1.64296 21.3014 4.82493 4.71605 9.54783
internal_count=1278 1153 451 702 109 316 49 125 279 37 135 110 69 175 138 37 30 24 25 49 107 20 593 50 104 23 90 22 23 34
is_linear=0
shrinkage=0.05


Tree=41
num_leaves=31
num_cat=0
split_feature=39 40 36 15 21 47 48 15 0 6 44 15 46 31 22 31 39 43 48 35 29 16 21 5 2 36 47 5 27 42
split_gain=22.2627 15.1298 11.62 6.2301 5.81361 4.37318 4.32603 4.14837 4.14404 3.55369 2.94667 2.8359 2.62876 3.58847 2.14141 2.3189 1.91132 2.26351 3.39645 1.66048 1.2989 2.04726 2.7837 1.29703 1.23181 0.523232 0.340148 0.885913 0.285215 0.244726
threshold=-0.086133878678083406 0.18751855939626697 0.9899924397468568 0.45815873146057134 -0.85045707225799549 -1.4171867370605467 1.3351942300796511 -1.2172050476074217 1.3560142517089846 1.3227420449256899 -0.72847157716751088 -1.119224429130554 1.3476175069808962 1.3674087524414065 1.5688381791114809 1.3674087524414065 -0.27618822455406183 0.81683978438377391 -0.74943792819976796 1.7793128490448 0.76063027977943432 -0.35368548333644861 -1.6143055558204649 1.4178965091705324 0.62342986464500438 1.0085023641586306 0.44157510995864874 1.1302197575569155 -0.32174801826477045 0.88129737973213207
decision_type=2 2 2 2 2 2 2 2 2 2 2 2 2 2 2 2 2 2 2 2 2 2 2 2 2 2 2 2 2 2
left_child=1 8 11 20 7 6 -5 -2 10 -10 -1 -3 29 -14 25 19 26 18 -18 -16 21 -4 -23 -13 -9 -8 -12 -28 -19 -6
right_child=4 2 3 5 12 -7 14 24 9 -11 16 23 13 -15 15 -17 17 28 -20 -21 -22 22 -24 -25 -26 -27 27 -29 -30 -31
leaf_value=-0.056705420428793819 0.046548818182848173 0.050115389631898578 0.054195648130455479 -0.05660146947006716 -0.053946058926379784 -0.060795406239817246 0.026272386568394607 -0.057632655447062954 -0.066415543710773434 0.055834908935184717 0.054151467392657943 -0.055584868330366105 -0.060411406331857966 0.029580747575316743 -0.062324768801200081 0.028044899082622317 0.027717785318101703 0.032011228327647676 -0.070024209441901228 0.028321449581703729 0.056148902844115292 0.042408910647288543 -0.063856550969773787 0.0053239204456467359 0.026046798954121781 0.057657101970942343 0.012134745104309307 0.05581100881310206 0.054848520306575312 -0.077239783725175065
leaf_weight=0.73671719059348006 3.2472113221883774 0.73897804692387481 2.4631905853748322 2.3082290273159769 16.940884755924351 3.0806476399302474 2.7631557248532754 1.961204208433631 1.6762098371982568 0.92112320661544789 21.193186964839697 11.105614822357889 2.0853452086448661 2.362969558686018 1.8679583892226221 2.7971909567713737 2.8783871829509735 2.240669522434473 1.2858441323041931 0.69250813499093045 6.3638665676116943 1.2435257881879809 1.2217878624796883 0.94870248809456903 0.56692129746079434 2.556846410036087 1.8444793336093415 3.1332959532737732 3.5070260763168335 1.2079675458371628
leaf_count=13 10 3 8 45 456 55 15 42 23 3 86 262 47 15 30 11 17 10 25 4 21 4 18 10 4 7 14 12 13 10
internal_value=0.00241516 0.0159746 -0.00562776 0.0127656 -0.0356115 -0.00723763 0.0054679 0.00915807 0.0379799 -0.0230604 0.0422858 -0.0449625 -0.0470536 -0.0126071 0.0188857 -0.00342693 0.0443069 0.0256079 -0.00246329 -0.0378084 0.0412257 0.0219563 -0.0102553 -0.0507912 -0.0388679 0.0413562 0.0513889 0.0396271 0.0459457 -0.0554965
internal_weight=107.942 79.5691 40.1522 27.3589 28.3725 16.0665 12.9859 5.77534 39.4169 2.59733 36.8196 12.7933 22.5972 4.44831 10.6777 5.35766 36.0829 9.91193 4.16423 2.56047 11.2924 4.9285 2.46531 12.0543 2.52813 5.32 26.171 4.97778 5.7477 18.1489
internal_count=1293 709 493 218 584 167 112 56 216 26 190 275 528 62 67 45 177 65 42 34 51 30 22 272 46 22 112 26 23 466
is_linear=0
shrinkage=0.05


Tree=42
num_leaves=31
num_cat=0
split_feature=31 42 46 20 20 42 32 48 15 43 27 42 12 31 15 7 20 20 14 5 2 5 48 7 42 42 2 27 17 24
split_gain=21.5283 8.72319 7.5467 6.65445 5.75943 3.79772 3.60486 3.28963 4.52901 3.24784 2.78313 2.65184 3.41391 2.33423 2.19259 1.99285 2.3211 1.77975 2.56605 2.23478 1.59455 1.78495 1.49811 1.97036 1.39157 1.16691 1.13827 0.857978 0.514327 0.483834
threshold=1.3166425824165346 0.88129737973213207 -0.44423526525497431 -1.726208448410034 0.21156301349401477 0.22077227383852008 0.21347311884164813 -0.48379224538803095 0.42639307677745825 0.99551600217819225 -0.39831267297267908 0.88679862022399913 -0.72973898053169239 1.0941064357757571 -1.234529376029968 -0.80597922205924977 0.82934471964836132 -0.88067832589149464 -0.37418361008167261 1.7366636991500857 -0.77436831593513478 -0.31992186605930323 -0.7824108600616454 0.77820566296577465 0.91560351848602306 0.8465537726879121 3.3320112228393559 0.32556365430355078 0.24657438695430758 0.16039285808801654
decision_type=2 2 2 2 2 2 2 2 2 2 2 2 2 2 2 2 2 2 2 2 2 2 2 2 2 2 2 2 2 2
left_child=1 2 3 -1 11 7 15 29 -9 22 -11 12 -2 -4 -14 -6 -17 28 -19 -20 21 -10 -3 -24 -8 27 -22 -15 -16 -5
right_child=4 9 13 5 6 -7 24 8 20 10 -12 -13 14 25 17 16 -18 18 19 -21 26 -23 23 -25 -26 -27 -28 -29 -30 -31
leaf_value=0.047824100680639581 -0.059990902010529437 0.057382352736326019 -0.054302491691407717 0.017898423250290441 0.047178993056048509 -0.054666334225475677 -0.061010289530527374 0.035192388684261854 -0.054781045471160139 -0.072570803476710161 0.023899880921048021 0.05365841544737289 -0.073322337586591221 -0.061609188902394467 0.053803350830554778 0.027390203155521039 -0.062560344066953585 0.040768876123358971 -0.063451504698977798 0.032858310642240936 -0.059254231632637759 0.02810219760134057 -0.031284217496638636 0.042544687752835854 0.027129607638083881 0.043557367771649452 0.015207782393725919 0.013547710089159812 0.029136169056024452 0.056679038089465172
leaf_weight=4.2803819775581387 1.1060333363711823 4.3687781989574423 20.300367072224621 1.5857111290097283 2.8534962795674801 5.8773105647414914 2.8864084146916871 2.8338724374771092 1.0974905695766213 1.4697725512087347 1.5216136574745167 14.977944180369375 0.49117188900709052 0.86450404673814707 7.1968963891267794 1.6557327546179279 1.2651906833052633 3.34324546530843 1.5468065962195439 0.98645392805337895 5.3682909924536908 1.5916349031031147 1.4549196586012834 2.3853835612535477 0.53005411475896824 0.88031168654561032 0.56748723983764637 0.67718686163425446 2.9916149899363518 1.6320736706256864
leaf_count=18 15 14 543 17 11 153 69 15 26 15 7 71 5 13 26 9 17 15 24 6 118 11 16 9 4 4 4 7 17 5
internal_value=0.000922714 -0.0185946 -0.0279441 -0.00889198 0.0283373 -0.0207032 -0.00662562 -0.00710249 -0.0196466 0.021103 -0.0234995 0.0381822 0.0250581 -0.0487671 0.0307398 0.0174607 -0.0115717 0.0339214 0.0120082 -0.0259484 -0.037665 -0.00572426 0.0373562 0.0145742 -0.0473356 -0.00237118 -0.0521353 -0.0285966 0.0465604 0.0375681
internal_weight=100.588 58.7571 47.5566 24.8343 41.831 20.5539 9.19088 14.6766 11.4588 11.2005 2.99139 32.6402 17.6622 22.7224 16.5562 5.77442 2.92092 16.065 5.87651 2.53326 8.6249 2.68913 8.20908 3.8403 3.41646 2.422 5.93578 1.54169 10.1885 3.21778
internal_count=1284 995 934 367 289 349 110 196 174 61 22 179 108 567 93 37 26 88 45 30 159 37 39 25 73 24 122 20 43 22
is_linear=0
shrinkage=0.05


Tree=43
num_leaves=31
num_cat=0
split_feature=39 40 37 21 48 36 31 29 31 39 46 17 3 0 47 15 20 18 21 42 42 16 26 28 23 42 10 4 39 43
split_gain=19.4526 12.0846 8.9596 7.28391 5.45137 4.75135 4.18573 4.08088 3.02251 2.96538 2.43439 2.39136 2.43174 2.29677 1.74527 3.77044 1.42662 1.90029 1.37598 1.88965 1.17252 3.21683 1.1184 2.39938 1.16497 0.853456 0.671057 1.9121 0.539769 1.3968
threshold=-0.028842920437455174 -0.13181724399328229 1.0411947369575503 0.23028015345335009 1.3351942300796511 -1.5439995527267454 0.51575326919555675 0.1774764955043793 1.0328896045684817 -0.19127560406923291 -0.91263955831527699 -0.77048379182815541 -0.334779143333435 1.3981734514236452 -1.4171867370605467 0.42639307677745825 -0.1691174507141113 -1.8595337867736814 -1.5485115051269529 0.88679862022399913 0.89010810852050792 0.37599158287048345 0.30904529988765722 -0.67253315448760975 1.0000000180025095e-35 0.89778181910514843 -0.62033432722091664 -0.13748517632484433 -0.26830688118934626 0.90307927131652843
decision_type=2 2 2 2 2 2 2 2 2 2 2 2 2 2 2 2 2 2 2 2 2 2 2 2 2 2 2 2 2 2
left_child=1 6 3 7 -4 8 9 -3 -2 13 -11 -6 -13 20 22 -16 17 -9 19 -7 21 -1 23 -14 -25 -5 27 -20 -8 -30
right_child=5 2 4 25 11 18 28 16 -10 10 -12 12 14 -15 15 -17 -18 -19 26 -21 -22 -23 -24 24 -26 -27 -28 -29 29 -31
leaf_value=-0.039798345267809537 -0.053873846609110182 -0.054468406042072037 -0.055999489878195377 -0.055540973106807778 -0.13481482248173904 -0.054151466075126276 0.05345917394712596 0.042506705631505153 0.048478445903217038 0.043893578073602058 -0.067467293463359584 -0.055800322916064529 0.050383922973062018 -0.025974175135711264 0.054621550015800303 -0.061502032667732236 0.04521888259285449 -0.041068459024718958 -0.05359874607166535 0.051632728188147452 0.055490929655166603 0.056261707159584562 0.054819403800547499 -0.04601607838749408 0.020421930849386843 0.0093349099685129146 -0.055922585553489702 0.06057908523300716 0.0063717353187583347 0.054441672627685123
leaf_weight=1.4987982921302303 1.0526224523782759 2.0476766508072615 2.1401064191013601 11.436448656022547 0.22171024978161114 0.91496737673878914 16.178881324827671 1.2860777117311957 2.2915340960025787 0.67632306739687953 1.7886076066642989 0.78218436613679543 4.1906416192650884 1.8036867082118986 1.4398091584443933 1.3586336746811865 3.9889137931168079 1.4436168912798164 1.4515457712113855 0.78381269052624702 3.9809074401855469 2.0824425406754017 7.4550830349326134 1.230088643729687 1.423229932785034 0.53045097738504488 15.596622643992298 0.49061709642411067 2.4239537306129959 4.0133353173732758
leaf_count=20 29 53 47 289 2 23 79 6 8 4 29 15 15 18 6 22 17 17 42 3 15 6 23 11 10 5 425 1 21 16
internal_value=0.00196341 0.0141524 -0.00419842 -0.0273002 0.0194645 -0.0387472 0.0359808 0.00732583 0.0162616 0.0118826 -0.0369123 0.0283865 0.0304102 0.0247247 0.0343542 -0.00175602 0.0261593 -0.00169257 -0.0483096 -0.00534291 0.0368171 0.0160593 0.0414213 0.0268269 -0.010379 -0.0526653 -0.0524713 -0.0247559 0.0485868 0.036341
internal_weight=98.0033 75.4216 40.9747 20.7332 20.2415 22.5817 34.4469 8.76629 3.34416 11.8308 2.46493 18.1014 17.8797 9.36583 17.0975 2.79844 6.71861 2.72969 19.2376 1.69878 7.56215 3.58124 14.299 6.84396 2.65332 11.9669 17.5388 1.94216 22.6162 6.43729
internal_count=1277 746 538 387 151 531 208 93 37 92 33 104 102 59 87 28 40 23 494 26 41 26 59 36 21 294 468 43 116 37
is_linear=0
shrinkage=0.05


Tree=44
num_leaves=31
num_cat=0
split_feature=39 40 48 15 36 31 36 20 31 39 0 31 25 15 31 39 42 4 40 42 4 22 1 32 11 15 31 42 42 31
split_gain=19.168 12.4526 9.9375 6.02368 4.47907 4.06294 3.75668 3.17904 3.14315 3.05349 2.55551 2.40155 2.23293 1.6268 2.09457 1.39186 1.89057 3.35329 1.22177 1.15675 4.33818 1.1509 1.06738 0.950096 0.874759 0.86462 0.652103 0.315768 0.113431 0.0490478
threshold=-0.028842920437455174 0.18751855939626697 1.3351942300796511 0.39040160179138189 -1.5439995527267454 0.51575326919555675 1.002510726451874 -1.0000000180025095e-35 1.0328896045684817 -0.19127560406923291 1.3981734514236452 0.42117622494697576 -0.71347695589065541 1.3985110521316531 -1.3615726828575132 -0.27618822455406183 0.89617446064949047 -0.17898440361022946 -0.73693886399269093 0.89010810852050792 -0.17688876390457151 -1.4047946929931638 0.94731417298316967 -0.15106422454118726 -0.63810768723487843 -1.0111155509948728 0.62456980347633373 0.88129737973213207 0.89010810852050792 1.1762130856513979
decision_type=2 2 2 2 2 2 2 2 2 2 2 2 2 2 2 2 2 2 2 2 2 2 2 2 2 2 2 2 2 2
left_child=1 5 25 26 8 9 7 11 -2 10 19 -5 -11 14 -8 -7 17 24 -12 20 -1 -6 -13 -23 -17 -3 -4 -25 -14 -9
right_child=4 2 3 6 21 15 13 29 -10 12 18 22 28 -15 -16 16 -18 -19 -20 -21 -22 23 -24 27 -26 -27 -28 -29 -30 -31
leaf_value=-0.058005842255379372 -0.053634421043930694 0.0014659220489537709 0.024105363769970523 -0.054255843547553001 0.014021111054101799 0.053148117858719202 0.029445966283674348 -0.053867262110879922 0.04741957135992135 0.040901545205421934 -0.069621474327487248 0.045378905961697628 -0.055555603165541846 0.049857667124823042 -0.044791360830473997 -0.0019988737813860912 0.053981086639812076 0.047379410547961139 0.01386020859050833 0.055070711426912326 0.052041372975750566 -0.0090798810195124122 -0.0085516094943350867 -0.05395376872510315 -0.073952294534856564 -0.05470115009000192 0.055250150557989111 -0.08632896352292721 -0.080565607304714848 -0.064807343414039834
leaf_weight=1.3159583434462532 1.1756590995937615 0.74064907431602378 2.4646831676363972 1.4894708711653981 0.67708702571690338 17.279199048876762 2.4046123288571839 3.2085931543260795 2.2272184193134308 0.67233659699559245 0.95351023599505424 2.0236486662179236 1.2280272729694832 2.8017684444785118 1.570837203413247 0.67811600118875492 3.4118857234716415 1.990564271807673 0.81109046563506104 3.824538916349411 2.8032265417277809 1.1808683518320418 1.6784155461937187 15.694590562954538 1.1201440058648588 9.1480639819055778 5.2835941761732101 0.79111662507057268 0.71868707984685887 1.5050978027284143
leaf_count=22 34 12 14 38 9 86 13 91 8 3 11 9 31 9 16 6 15 8 9 15 9 19 12 466 18 241 20 6 6 18
internal_value=0.000901607 0.0134617 -0.00820441 0.00891308 -0.0401788 0.0336633 -0.00800712 -0.0276333 0.0125065 0.0102538 0.0231788 -0.000642332 -0.037657 0.0206775 0.000112238 0.0454517 0.0269829 0.00267077 -0.0312495 0.0352694 0.0168845 -0.0499523 0.0209283 -0.0524041 -0.046819 -0.0504943 0.0453432 -0.0555074 -0.0647888 -0.0573605
internal_weight=92.8733 71.1267 34.3194 24.4307 21.7465 36.8073 16.6824 9.90523 3.40288 12.3274 9.70832 5.19154 2.61905 6.77722 3.97545 24.4799 7.20071 3.78882 1.7646 7.94372 4.11918 18.3437 3.70206 17.6666 1.79826 9.88871 7.74828 16.4857 1.94671 4.71369
internal_count=1274 732 493 240 542 239 206 168 42 106 66 59 40 38 29 133 47 32 20 46 31 500 21 491 24 253 34 472 37 109
is_linear=0
shrinkage=0.05


Tree=45
num_leaves=31
num_cat=0
split_feature=42 47 31 46 49 23 24 6 0 5 1 42 4 2 16 27 20 20 6 47 49 48 5 12 1 31 40 16 26 13
split_gain=17.5879 10.7553 7.80039 6.63799 5.26149 4.77849 3.84452 3.19104 3.64084 2.6128 2.35887 2.22227 2.03311 1.83688 2.39244 1.51778 2.91661 1.40404 1.21165 1.00675 4.85512 3.34223 0.934263 0.435364 0.434116 0.424727 0.33056 0.291753 0.252021 0.484607
threshold=0.89617446064949047 0.52804893255233776 0.62456980347633373 -0.44423526525497431 1.4200972914695742 -0.55155417323112477 0.29380005598068243 1.0645749568939211 -1.1447061896324155 0.89669334888458263 -0.068441949784755693 0.8567219376564027 -0.17899890989065168 -0.61884307861328114 -0.17217129468917844 0.22725749015808108 -1.726208448410034 0.89184221625328075 -0.54610025882720936 -1.4558432698249815 -0.73740315437316883 2.0229144096374516 -0.43050898611545557 -0.68077114224433888 1.1021088957786562 0.66365483403205883 -0.12642955034971234 -0.39589492976665491 0.43804323673248297 1.4988964200019839
decision_type=2 2 2 2 2 2 2 2 2 2 2 2 2 2 2 2 2 2 2 2 2 2 2 2 2 2 2 2 2 2
left_child=1 2 3 5 7 -1 -3 13 -9 24 12 -12 -7 14 -4 18 -17 25 -14 27 23 -22 -16 -21 -5 -2 -10 -15 29 -20
right_child=17 6 4 9 -6 10 -8 8 26 -11 11 -13 15 19 22 16 -18 -19 28 20 21 -23 -24 -25 -26 -27 -28 -29 -30 -31
leaf_value=-0.057234509183770092 0.032191835166341908 -0.053360841610873823 0.037677877116534232 -0.055839176691734972 -0.060013359052029695 -0.05525061125972839 0.05407019798138895 0.05491276576014549 -0.10208997450826501 0.043025938482018029 -0.059058292312770579 0.053425476779681527 0.0015619657289457753 0.033600774633420365 0.025973530779813233 0.041371340729064482 -0.055550351823389368 0.0061496680016646914 0.016559120450893805 0.023159930240647421 -0.061072210929661065 0.033472703655062025 -0.060039046971133325 0.050152802185535583 -0.013284091026677615 0.052757637802214832 -0.055536099570753006 0.05560581217794866 0.060229969968633029 0.056508778785073405
leaf_weight=2.8484045565128353 3.0488153286278292 14.054197043180462 1.8509315252304079 10.252564022317527 1.9871665108948935 0.77744352258741933 0.88521726056933481 0.7992787063121799 0.69717519357800495 0.75177540630102235 1.801882771775124 0.58057115226984013 1.6152547728270281 2.0669554248452187 0.39902567118406307 1.780636962503195 1.3760384805500505 2.1354688517749301 1.2856124360114329 1.8249317761510688 2.2011348586529311 1.6247381642460821 1.511982221156368 8.232816468924284 0.63650432229042131 14.218239899724722 0.84162684343755123 5.5532089322805502 3.1101073920726776 1.8535824716091154
leaf_count=71 18 446 10 276 33 19 3 3 7 4 38 2 17 11 3 6 32 15 16 15 39 9 27 35 12 78 19 19 7 6
internal_value=0.00207171 -0.0091468 0.000558293 -0.0180283 0.0185667 0.00186293 -0.0469951 0.0242236 -0.0316604 -0.0471275 0.0137332 -0.0316475 0.0228967 0.0293951 -0.00283755 0.0284092 -0.000878165 0.0443963 0.0401646 0.0350339 0.0270189 -0.0209217 -0.0420793 0.0452551 -0.0533517 0.0491264 -0.076628 0.049637 0.0501422 0.040148
internal_weight=92.6033 73.2008 58.2614 28.6704 29.591 17.0295 14.9394 27.6038 2.33808 11.6408 14.1811 2.38245 11.7987 25.2657 3.76194 11.0212 3.15668 19.4025 7.86456 21.5038 13.8836 3.82587 1.91101 10.0577 10.8891 17.2671 1.5388 7.62016 6.2493 3.13919
internal_count=1296 1185 736 506 230 214 449 197 29 292 143 40 103 168 40 84 38 111 46 128 98 48 30 50 288 96 26 30 29 22
is_linear=0
shrinkage=0.05


Tree=46
num_leaves=31
num_cat=0
split_feature=31 39 40 17 20 7 48 36 21 42 42 12 18 47 15 15 26 4 30 0 30 42 2 29 17 15 7 42 17 0
split_gain=17.8693 10.0517 8.64549 6.06633 4.40985 3.82142 2.89522 2.47972 2.40746 3.79816 2.40271 2.66736 2.38873 1.98984 2.38004 1.88922 1.72097 1.44755 2.99057 1.42452 1.27671 1.26716 0.971167 0.96289 0.575229 0.912689 0.503532 0.260163 0.160362 0.1119
threshold=1.3166425824165346 -0.19127560406923291 0.18751855939626697 -0.6629393696784972 0.87906870245933544 -0.9247930347919463 1.3351942300796511 1.0071026086807253 -0.85045707225799549 0.88679862022399913 0.89384356141090404 -0.69780138134956349 0.44630447030067449 0.41466145217418676 -1.1536427736282346 0.73213431239128124 0.20070686191320422 -0.17899551242589948 1.1643180847167971 -1.0986341834068296 -1.2925649881362913 0.86651521921157848 -0.61884307861328114 -1.9768651127815244 0.19398889690637591 1.275911331176758 0.63958939909935009 0.88679862022399913 -0.62478086352348317 -0.84848487377166737
decision_type=2 2 2 2 2 2 2 2 2 2 2 2 2 2 2 2 2 2 2 2 2 2 2 2 2 2 2 2 2 2
left_child=1 2 13 6 10 -6 -4 -5 9 -3 11 21 -8 20 -15 -9 -14 18 -13 -20 -1 -2 -19 -17 -24 -26 -16 -10 -22 -21
right_child=4 8 3 7 5 -7 12 15 27 -11 -12 17 16 14 26 23 -18 22 19 29 28 -23 24 -25 25 -27 -28 -29 -30 -31
leaf_value=0.0057939791684169413 -0.057989172678073624 -0.055039306409140093 -0.055533033852806758 -0.055016513411709815 0.030579774957547108 -0.056870305564216656 0.050425609449623481 0.059440932562557905 -0.052899716925945264 0.055976552715423192 0.052917386575518227 0.056978364697487974 -0.062189462192476411 0.054878154284823844 -0.00062919312836149516 0.017831092155352626 0.032449374189621877 0.0057836522377842682 0.018377450249952219 -0.087462122380353696 0.054899321489729251 0.026439837095675617 0.05366562657069969 -0.065418063668392964 -0.001580585146211791 0.045002857569873767 -0.057641096548359111 -0.074089883044764188 0.040190173323293499 -0.057353217601321921
leaf_weight=2.083218950778245 1.3517608903348475 1.7848734799772512 1.237722249701618 9.7715658489614743 2.3791999779641628 2.6303383186459532 4.0257231295108786 0.89312383532524053 14.050633829087017 1.3555951900780199 11.826879382133482 1.4028246700763765 1.0121719781309373 1.016392767429352 0.5543756689876308 0.5700812302529813 0.91427572816610325 1.98442961648107 0.69953377917408954 0.5553267616778611 5.2259832322597486 0.66208336874842633 6.3636808209121156 0.88898974284529653 1.5031003523617981 3.4995427392423153 1.2849905230104921 1.6149823144078261 2.8708782866597176 0.69453476928174485
leaf_count=15 23 46 32 271 15 69 15 2 481 4 68 4 16 4 7 6 7 14 8 8 22 5 27 17 13 19 23 15 14 12
internal_value=0.000917241 -0.0180055 -0.00110663 -0.0223424 0.0281442 -0.0153373 0.0140456 -0.043922 -0.0470744 -0.00711889 0.0352757 0.0241281 0.0285141 0.0303559 -0.00652692 0.00216704 -0.0172747 0.0306822 0.00130733 -0.0387547 0.0407024 -0.0302318 0.0380579 -0.0328914 0.0436926 0.0310063 -0.040458 -0.0550842 0.0496839 -0.0707309
internal_weight=86.7088 51.1556 32.3495 19.3137 35.5532 5.00954 7.18989 12.1238 18.8061 3.14047 30.5437 18.7168 5.95217 13.0358 2.85576 2.35219 1.92645 16.703 3.35222 1.9494 10.1801 2.01384 13.3508 1.45907 11.3663 5.00264 1.83937 15.6656 8.09686 1.24986
internal_count=1282 997 451 366 285 84 70 296 546 50 201 133 38 85 34 25 23 105 32 28 51 28 73 23 59 32 30 496 36 20
is_linear=0
shrinkage=0.05


Tree=47
num_leaves=31
num_cat=0
split_feature=31 20 42 21 43 46 42 38 11 4 16 2 21 16 4 5 18 2 17 7 0 16 36 26 27 37 21 20 46 1
split_gain=16.7126 5.96694 5.74647 4.72611 4.66679 3.1466 3.121 3.59652 3.03983 2.61499 3.49136 2.53464 2.87244 1.78911 3.19456 1.74877 1.73653 1.57059 1.22804 1.07326 0.98262 1.06583 2.30827 0.968535 0.594453 0.567884 0.518248 1.29232 0.464483 0.979036
threshold=0.62456980347633373 0.17368176579475406 0.88679862022399913 -0.33924272656440729 0.99551600217819225 -0.60941648483276356 0.87462106347084057 -0.67101749777793873 1.519635081291199 -0.17899046838283536 -0.85155493021011341 -0.61884307861328114 -1.5485115051269529 1.2390635609626772 -0.17591012269258496 1.0299929380416872 -0.39687487483024592 -0.80581837892532338 3.7816581726074223 0.73860093951225292 -1.056894779205322 -0.17217129468917844 1.0009140968322756 0.12706647068262103 0.34258374571800237 0.15599291771650317 0.48621156811714178 -0.85081106424331654 -0.40872338414192194 0.27371101081371313
decision_type=2 2 2 2 2 2 2 2 2 2 2 2 2 2 2 2 2 2 2 2 2 2 2 2 2 2 2 2 2 2
left_child=2 6 3 5 19 8 7 -2 17 16 -11 12 -9 -5 -15 -7 -3 -1 -10 -4 -13 22 25 -12 -19 -22 -23 -28 -25 -30
right_child=1 9 4 13 -6 15 -8 11 18 10 23 20 -14 14 -16 -17 -18 24 -20 -21 21 26 -24 28 -26 -27 27 -29 29 -31
leaf_value=-0.055395298592438275 -0.05692998220616341 0.043997978300261323 0.01104873172259946 -0.053152520347210103 -0.057364084646958573 -0.055096774452083587 0.050511996766125333 0.057391846951556261 -0.068780474172293701 -0.055739020623776475 -0.0074393764527085626 0.049965678642436839 -0.061012095014543938 0.050769428442545263 -0.052949483513190114 0.047551354454696687 -0.054742543039770469 0.045774055163796012 0.020606225343785332 0.052589609629119009 -0.0043341674450444456 0.050922930846816483 0.053851294811552035 0.053872819244156947 0.011398709886412794 -0.063925438429722356 0.056514041861503495 -0.017349192084459172 0.055491222589748417 -0.0071747729912698781
leaf_weight=0.52606245689094056 1.419111214578147 0.51379788294434492 2.6646464727818948 16.624042255803946 1.7256268523633478 3.5878955181688061 14.92039120197296 0.76233032345771823 1.4041421469300983 1.6716578733175991 1.652407469227908 5.7882176339626303 1.561253426596523 1.2309135869145396 1.8706074487417925 0.46918554604053486 3.3389099631458521 3.9516892991960031 0.529004257172346 3.7333674430847168 0.67597594298422359 2.780542615801104 1.1010229140520094 2.1922631934285159 1.8447751663625238 0.97851437516510487 1.1690156906843183 1.2001024242490532 1.1784027516841895 1.3230310976505277
leaf_count=12 28 3 19 570 16 99 82 2 28 39 18 31 28 6 65 2 90 23 4 16 10 11 5 8 14 14 4 17 4 16
internal_value=0.00139747 0.0226012 -0.0219524 -0.0314761 0.0156073 -0.0071695 0.0337251 0.0193602 0.0105497 -0.00772015 0.00854759 0.0261196 -0.0221657 -0.0466483 -0.0117861 -0.0432259 -0.0415745 0.0273263 -0.0443199 0.0352887 0.0343129 0.0228519 -0.00224649 0.0254816 0.0348338 -0.0395782 0.0362817 0.0190978 0.0370714 0.0223466
internal_weight=84.3889 44.2269 40.162 32.0383 8.12364 12.3128 32.3565 17.4361 8.25567 11.8705 8.01776 16.017 2.32358 19.7256 3.10152 4.05708 3.85271 6.32253 1.93315 6.39801 13.6934 7.90517 2.75551 6.3461 5.79646 1.65449 5.14966 2.36912 4.6937 2.50143
internal_count=1284 410 874 823 51 182 232 150 81 178 85 122 30 641 71 101 93 49 32 35 92 61 29 46 37 24 32 21 28 20
is_linear=0
shrinkage=0.05


Tree=48
num_leaves=31
num_cat=0
split_feature=39 40 37 48 34 31 0 49 0 21 31 15 2 47 25 46 26 39 16 0 16 12 40 39 42 40 31 42 38 27
split_gain=16.3035 11.0005 5.77789 4.8318 3.70837 3.65487 3.17975 3.10722 2.90943 2.76466 2.02091 1.67833 1.5033 1.69713 2.62273 1.49261 1.09127 1.08823 2.04873 0.885507 0.845761 0.80431 0.850662 0.657763 1.23127 0.186529 0.181895 0.133289 0.0744693 0.059263
threshold=-0.028842920437455174 -0.48421300947666163 1.040782153606415 1.3351942300796511 -0.38826474547386164 1.3674087524414065 -0.36578820645809168 -0.73740315437316883 1.3981734514236452 -0.10132554173469542 0.42117622494697576 0.39040160179138189 -0.83066952228546131 -1.4698917269706724 0.87114590406417858 0.55346375703811657 0.69113895297050487 -0.26958453655242914 -0.34156903624534601 -0.78881838917732228 -0.11249876767396925 -0.70209434628486622 -1.3976504206657407 -0.28055894374847407 0.87939563393592846 -0.69922593235969532 0.62456980347633373 0.88679862022399913 0.43974989652633673 1.6183301806449892
decision_type=2 2 2 2 2 2 2 2 2 2 2 2 2 2 2 2 2 2 2 2 2 2 2 2 2 2 2 2 2 2
left_child=1 8 4 -4 6 27 23 15 17 10 -6 26 -13 19 -15 20 -12 25 -19 -14 -7 22 -20 -3 -25 28 -5 -2 -1 -9
right_child=5 2 3 11 9 7 -8 29 -10 -11 16 12 13 14 -16 -17 -18 18 21 -21 -22 -23 -24 24 -26 -27 -28 -29 -30 -31
leaf_value=0.053230542157902599 -0.052879359680074602 0.054087204542101253 -0.055222061914205062 0.03553830682006328 -0.053845788775788356 -0.057783844255153427 -0.055456438759257848 -0.054014333516810821 -0.024948414590089944 -0.053930381003426453 -0.013602124463295218 -0.057989135447228127 0.050305587408865808 -0.06159127236095574 0.034639108609302728 0.044564348778401104 0.041316416988313995 -0.036583645463362818 0.055250706536292118 0.011185646511713439 0.02185163442033896 0.052130595167966379 -0.0062214659909935865 -0.030270350353498388 0.055057513990269286 0.034198735048473074 0.054324850566639299 -0.07496554132673737 0.041966932015510577 -0.077147734524775011
leaf_weight=13.606219753623014 12.130712058395147 2.1789591759443283 2.0360467731952694 1.9390320442616928 1.6426384132355458 0.72922888398170493 1.262413119897247 1.5382565483450878 1.6701820157468308 8.5242771133780462 1.8661450929939749 0.67631940543651481 3.562701266258955 1.3889207839965814 1.4443983025848863 2.3762082979083061 1.7554574050009248 1.0723650455474851 0.87367147207260121 2.4353954084217539 0.61423988081514835 3.9300745166838165 1.5815469752997158 0.84286990761756919 0.84825277328491211 1.6255575194954897 3.8401686400175095 0.72387847676873285 1.6448450908064831 0.33761270903050888
leaf_count=79 448 10 53 9 50 14 30 48 17 277 18 14 15 24 7 11 8 10 3 14 6 19 17 17 3 10 17 7 12 4
internal_value=0.00183955 0.0140748 -0.00372923 0.0171348 -0.0228311 -0.0394407 0.0134503 -0.00571084 0.0388894 -0.0363361 -0.00784605 0.0267719 0.0138554 0.0193573 -0.012534 0.0207488 0.0130179 0.0432709 0.0273648 0.0344218 -0.0213742 0.0381045 0.015653 0.0359275 0.0125294 0.0502996 0.0480216 -0.0541231 0.0520157 -0.0581778
internal_weight=80.6986 62.2485 36.244 17.323 18.921 18.4501 5.13249 5.59555 26.0045 13.7885 5.26424 15.2869 9.50774 8.83142 2.83332 3.71968 3.6216 24.3343 7.45766 5.9981 1.34347 6.38529 2.45522 3.87008 1.69112 16.8766 5.7792 12.8546 15.2511 1.87587
internal_count=1271 733 566 153 413 538 60 83 167 353 76 100 74 60 31 31 26 150 49 29 20 39 20 30 20 101 26 455 91 52
is_linear=0
shrinkage=0.05


Tree=49
num_leaves=31
num_cat=0
split_feature=39 49 36 44 49 36 15 36 31 39 15 5 42 15 48 22 17 29 28 2 25 20 0 21 32 5 15 26 42 42
split_gain=13.9923 8.8181 9.74314 4.60908 3.74737 3.24664 2.99492 3.08066 2.4664 1.79686 2.13831 2.93926 2.43242 1.68606 2.12875 1.59639 1.41143 1.0146 2.31823 1.72561 0.999347 0.913278 0.804077 0.794578 0.965597 0.42997 0.256076 0.186434 0.166283 0.10834
threshold=-0.028842920437455174 -0.71492916345596302 0.9899924397468568 -0.66746622323989857 1.4425713419914248 -1.5439995527267454 0.5185079574584962 0.99872043728828441 1.0328896045684817 -0.28903104364871973 -1.234529376029968 1.714001536369324 0.27469681203365331 1.3985110521316531 1.6246472001075747 -1.1818064451217649 -0.60927724838256825 0.93491452932357799 -0.67253315448760975 0.56513890624046337 -1.6105816364288328 -1.7897986173629759 0.59483066201210033 -1.7641591429710386 -0.15106422454118726 -0.61457780003547657 -1.1838575005531309 0.27418954670429235 0.88129737973213207 0.84830018877983104
decision_type=2 2 2 2 2 2 2 2 2 2 2 2 2 2 2 2 2 2 2 2 2 2 2 2 2 2 2 2 2 2
left_child=1 3 20 16 6 8 17 -8 -2 22 27 12 -12 14 21 -7 -1 18 -4 -20 -3 -9 29 -17 -25 -14 -27 -11 -26 -5
right_child=5 2 4 9 -6 15 7 13 -10 10 11 -13 25 -15 -16 23 -18 -19 19 -21 -22 -23 -24 24 28 26 -28 -29 -30 -31
leaf_value=0.02272747292264431 -0.052966483720162785 0.0083838916196827609 0.051136035387640902 0.044533358221168745 -0.057057873342094126 0.016463739097755229 -0.057729509847217544 0.043891432109107786 0.045706410747950316 0.033922454235736081 0.039917809093479056 0.047036062839898377 -0.016450392267638714 0.040948567130218917 -0.066369021200469752 -0.0023762973441976867 -0.054896289361949596 0.054628132679060061 -0.062062138491194935 0.031191402463232404 -0.054328645182254678 -0.013988831093588353 0.022290100425842771 -0.0015153136215541319 -0.053242730280023354 -0.099521521247473987 -0.056678691111837501 0.054537214561524251 -0.076341154539974476 0.053726550845630716
leaf_weight=0.85970225185155902 0.9396117143332986 0.68884685076773422 2.8975767865777016 4.3612788170576229 1.7330554649233807 1.0163017380982644 1.8981983363628367 1.3930743727833057 1.9426149092614651 1.862142741680145 0.91165310330688454 2.0093660280108452 0.53397296555340368 3.1863415408879519 1.1172124706208704 0.8850319366902103 1.8368270266801143 4.9841862171888351 1.071742942556744 0.92357686720788468 8.1652189176529628 1.3342944942414741 2.7970144394785157 0.91257059015333553 12.18477201648056 0.46419645473361049 1.4027885794639576 2.6683389097452164 0.83238089084625322 12.085203662514685
leaf_count=7 33 8 11 24 41 14 42 8 8 11 6 10 12 18 19 16 47 22 21 6 263 17 18 15 454 5 30 12 7 71
internal_value=0.00256446 0.014136 -0.005605 0.0323874 0.0132955 -0.0352705 0.0197788 -0.00120677 0.0135388 0.038183 0.0208178 -0.000673802 -0.0296137 0.0140532 -0.00823744 -0.0441568 -0.0301484 0.0387503 0.0225763 -0.0188977 -0.0494496 0.015575 0.0470738 -0.0483154 -0.0512342 -0.0560151 -0.0673309 0.046064 -0.0547198 0.0512887
internal_weight=79.8991 61.1858 29.3933 31.7925 20.5393 18.7133 18.8062 8.92912 2.88223 29.096 9.85246 5.32198 3.31261 7.03092 3.84458 15.8311 2.69653 9.87708 4.8929 1.99532 8.85407 2.72737 19.2435 14.8148 13.9297 2.40096 1.86699 4.53048 13.0172 16.4465
internal_count=1276 729 476 253 205 547 164 104 41 199 86 63 53 62 44 506 54 60 38 27 271 25 113 492 476 47 35 23 461 95
is_linear=0
shrinkage=0.05


Tree=50
num_leaves=31
num_cat=0
split_feature=42 37 49 30 48 46 2 23 30 17 37 15 38 16 3 27 32 15 20 17 42 43 24 21 4 35 22 42 37 36
split_gain=13.3037 6.99607 5.50869 5.86553 4.21957 3.00705 2.89393 2.40602 2.24648 2.1728 2.15873 2.61325 1.9269 2.09554 1.79832 1.30717 2.03944 0.980313 1.92456 2.64684 0.65933 0.605156 0.436858 0.677713 0.556281 0.327537 0.245834 0.195953 0.48414 0.188092
threshold=0.87939563393592846 1.0411947369575503 -0.71492916345596302 0.86797261238098156 1.3351942300796511 -0.44423526525497431 -0.60456243157386769 0.81862258911132824 -1.2925649881362913 -0.77048379182815541 1.0329363346099856 0.5302446484565736 -0.67140573263168324 -0.91814929246902455 -0.33060191571712488 -0.73121172189712513 0.28158719837665563 0.39040160179138189 -1.5226978063583372 0.20636660605669024 0.89384356141090404 1.0931082367897036 -0.65209242701530445 -1.7156569957733152 -0.17899896949529645 -0.093566440045833574 1.4028412103652956 0.050312364473938949 -0.19763447344303128 1.0042031407356264
decision_type=2 2 2 2 2 2 2 2 2 2 2 2 2 2 2 2 2 2 2 2 2 2 2 2 2 2 2 2 2 2
left_child=1 2 3 5 -3 7 -5 21 -2 -6 -4 26 -8 -14 29 16 -10 -16 -19 -20 -17 -1 23 -15 -25 -22 -12 28 -24 -11
right_child=8 4 10 6 9 -7 12 -9 15 14 11 -13 13 22 17 20 -18 18 19 -21 25 -23 27 24 -26 -27 -28 -29 -30 -31
leaf_value=-0.052828395265675926 -0.020963808610610903 -0.054937972979307026 -0.053644409626791636 -0.056013020652440931 -0.13231321061535858 -0.053085892003164929 -0.055702139704998183 0.034865049983403756 -0.046971341262533037 -0.055299530448432332 0.047178868122808838 -0.057416093163197006 -0.056445952805219315 0.049494515704915497 0.048286517902211293 0.026485826686420105 0.045912405635653804 0.048088852946196171 -0.060511562041839675 0.025123098512490356 0.05274755885003745 0.012220521148616964 0.013422925171929083 0.04866451310066091 -0.029532380178673979 0.027995034495752233 0.011631687992836759 0.055077650823407737 0.055153202323960586 -0.012348068729050032
leaf_weight=1.6522541306912901 1.6327415760606552 1.8464413192123199 13.143246069550516 1.128887219354511 0.21548917889595109 6.6565170418471098 0.63491850905120273 2.3434367068111897 1.0460580736398726 0.5675945375114686 0.96157571487128668 1.5763284862041471 0.59397829324006757 1.0727776512503626 5.6847562938928551 3.8191248811781433 1.3584326803684232 3.5226910263299933 1.3237903434783227 2.834253491833806 12.059971138834959 0.45627904124557961 1.2062125876545877 0.32270675152540207 0.77035909146070192 1.5030443780124105 0.98418763838708401 3.5507075637578964 1.640073567628866 0.46265742182731628
leaf_count=60 16 51 483 28 2 247 16 16 13 13 6 42 14 5 26 18 7 14 24 17 77 7 15 2 18 13 14 14 7 7
internal_value=0.0019632 -0.0110249 -0.0226387 -0.00622986 0.016281 -0.0318111 0.0197914 -1.3317e-06 0.0354058 0.025281 -0.0443288 -0.00956613 0.0285309 0.0343715 0.0276401 0.0400573 0.00550394 0.0325465 0.0208968 -0.00214028 0.0448371 -0.038752 0.0406712 0.0212621 -0.00644625 0.0500045 0.0291987 0.0472426 0.0374685 -0.0360112
internal_weight=76.5715 55.1521 38.6944 22.0291 16.4577 11.1085 10.9206 4.45197 21.4194 14.6112 16.6653 3.52209 9.79173 9.15682 14.3957 19.7866 2.40449 13.3655 7.68073 4.15804 17.3821 2.10853 8.56284 2.16584 1.09307 13.563 1.94576 6.39699 2.84629 1.03025
internal_count=1292 1148 994 449 154 330 119 83 144 103 545 62 91 75 101 128 20 81 55 41 108 67 61 25 20 90 20 36 22 20
is_linear=0
shrinkage=0.05


Tree=51
num_leaves=31
num_cat=0
split_feature=39 40 37 21 48 0 11 0 27 3 47 39 42 42 15 46 36 17 3 26 20 26 27 48 30 42 42 13 27 35
split_gain=14.0376 9.11472 6.15351 3.85086 3.47833 2.76775 2.56985 2.47752 2.75079 2.28161 2.19403 1.99829 2.28759 3.89823 1.53049 1.19972 1.60544 1.1611 1.14298 1.10002 0.989283 0.760886 0.553682 0.51701 0.412594 0.218024 0.172179 0.15573 0.103306 0.0762764
threshold=-0.086133878678083406 0.18751855939626697 1.0329363346099856 -0.96929156780242909 1.3351942300796511 1.3560142517089846 -0.63810768723487843 -0.80195868015289296 -0.41779734194278711 -0.3346018642187118 -1.4558432698249815 -0.28903104364871973 0.89384356141090404 0.74994862079620372 -1.0499203801155088 1.8699263930320742 -0.44010174274444575 -0.54903018474578846 0.2219146862626076 1.5091900825500491 -1.1205980181694029 0.95597153902053844 1.6644518971443178 1.5379956364631655 -0.22832152992486951 0.87939563393592846 0.88129737973213207 1.4002971053123476 -0.045172186568379395 -0.055213036015629761
decision_type=2 2 2 2 2 2 2 2 2 2 2 2 2 2 2 2 2 2 2 2 2 2 2 2 2 2 2 2 2 2
left_child=1 5 14 6 -4 11 -2 20 27 -7 17 24 13 -13 -3 22 -17 -10 -12 -16 -6 -8 26 -19 -1 -15 -5 -9 -14 -26
right_child=3 2 4 15 7 9 21 8 10 -11 18 12 28 25 19 16 -18 23 -20 -21 -22 -23 -24 -25 29 -27 -28 -29 -30 -31
leaf_value=0.02995500480774051 0.04298570216905219 0.034088984787131064 -0.05433429342343446 -0.052573472146100947 0.051242053694121485 0.042231793102355815 -0.059484852058171438 -0.057469199222190993 0.043750528331363496 -0.06396753109853319 -0.055742922119563609 0.036435968073506152 0.035762126742286744 -0.055690117542325626 -0.053782839470207712 0.044916893987562302 -0.05430297451791425 0.019900639665002006 0.042185551223613997 0.011982308121777996 0.011270055695172917 0.017577371256673035 -0.0041632612189544419 -0.029811945457627376 0.05291551378689166 -0.097071907554560785 -0.072128729473804651 -0.095259888398483553 0.052999741787405755 0.041096130265901136
leaf_weight=2.5560101456940236 2.2547816708683972 0.61341475509107279 1.8902243878692413 11.646108785644168 5.0338268466293812 0.85490209981799159 1.2136924602091319 0.80804464966059064 3.5430859867483377 1.2383478954434384 1.4956620167940755 2.0496571827679868 1.4763314798474314 1.2696333006024358 7.1360597740858793 0.77972215786576271 0.85448752716183729 1.1280533540993958 0.37208640761673439 0.69803560152649868 2.2352782711386725 0.435160657390952 0.57133663445711214 0.97509391419589508 13.322908569127327 0.42478415742516507 1.2460590489208705 0.41140665858983994 2.1134725362062454 1.5208461582660628
leaf_count=18 13 6 57 484 24 6 33 18 15 20 43 13 10 31 250 5 26 8 3 12 18 5 13 12 84 6 12 8 12 11
internal_value=0.000913934 0.0140969 -0.00679584 -0.0359729 0.00980948 0.0346106 0.00829382 0.0173862 -0.000562518 -0.0205948 0.010742 0.0392828 0.017392 -0.00995156 -0.0419677 -0.0474184 -0.0069627 0.0262815 -0.0362339 -0.047923 0.0389505 -0.0391468 -0.052329 -0.00314788 0.0485095 -0.0660644 -0.0544635 -0.0702187 0.0459107 0.0517045
internal_weight=72.1685 53.1672 26.3403 19.0013 17.8928 26.8269 3.90363 16.0025 8.73343 2.09325 7.51398 24.7336 7.33388 3.74407 8.44751 15.0977 1.63421 5.64623 1.86775 7.8341 7.26911 1.64885 13.4635 2.10315 17.3998 1.69442 12.8922 1.21945 3.5898 14.8438
internal_count=1276 685 474 591 206 211 51 149 107 26 81 185 72 50 268 540 31 35 46 262 42 38 509 20 113 37 496 26 22 95
is_linear=0
shrinkage=0.05


Tree=52
num_leaves=31
num_cat=0
split_feature=42 29 37 47 6 49 15 21 46 31 43 42 29 26 43 43 48 15 6 31 7 3 37 28 0 25 2 1 26 5
split_gain=12.1953 7.34582 5.41987 4.0616 3.01108 2.99564 2.80538 2.59855 3.02007 2.12132 3.4426 1.67784 1.4784 1.23198 1.13697 1.22977 1.01858 1.01236 0.952509 0.900739 0.899506 0.775713 0.980942 0.675222 0.422399 0.824043 0.140529 0.0975423 0.0217262 0.0129925
threshold=0.88679862022399913 0.93491452932357799 1.0455961823463442 0.52804893255233776 -0.54610025882720936 1.4200972914695742 -0.2539385631680488 -0.33924272656440729 -0.71615612506866444 0.66365483403205883 0.99551600217819225 0.84830018877983104 0.1774764955043793 -0.34737351536750788 1.1415938735008242 1.152353882789612 -0.78482314944267262 1.2594556212425234 -1.38971871137619 1.3166425824165346 0.73860093951225292 -0.30965752899646753 1.0526056885719302 -2.722112655639648 -0.94762951135635365 -0.19602952152490613 2.5954147577285771 1.4973655939102175 -1.0220741629600523 0.21580152958631518
decision_type=2 2 2 2 2 2 2 2 2 2 2 2 2 2 2 2 2 2 2 2 2 2 2 2 2 2 2 2 2 2
left_child=1 2 7 5 -4 6 11 8 12 10 20 -3 13 28 -9 -16 -13 -5 -8 -20 23 -6 -23 -2 27 -26 -11 -21 -1 -10
right_child=9 3 4 17 21 -7 18 14 29 26 -12 16 -14 -15 15 -17 -18 -19 19 24 -22 22 -24 -25 25 -27 -28 -29 -30 -31
leaf_value=-0.05332165620254823 0.039451898258222484 -0.053184837092574266 -0.054723368482216539 -0.053297558711121129 0.052184665495806692 -0.057309808625741358 -0.0048848892710661208 -0.052951418464517279 -0.053181895674138516 0.052261992755900738 -0.05332212303524108 -0.038305935187353257 0.047958189850888067 0.014142623417306571 0.060138715679081647 -0.052514997178488537 0.028000660959342401 0.045815453715069787 0.0032695120845282625 0.053493995036699882 0.051751299055471267 -0.018365512586017506 0.047621492680756904 -0.011859296943858066 0.046904206946867366 0.0033847773849974951 0.034536860058187513 0.039514663591079427 -0.069509780972649329 -0.062923458257398382
leaf_weight=0.52999107539653767 1.1789817139506338 1.5659243185073215 1.2301859352737663 2.7235247176140542 2.5050753615796566 1.233190033584832 1.452982172369963 14.881699396297336 2.254832485690716 10.157098285853861 1.4471985809504984 0.78420038521289859 1.7837707120925186 1.6150381602346897 0.47710552811622697 0.49215157888829708 2.2155286557972431 0.2845590654760598 1.6614248789846815 5.4655553773045575 3.0135723724961281 1.2309182919561856 1.0382592529058454 1.4054865781217825 2.9670248739421368 1.7173193991184197 1.2565567269921309 1.6170285083353517 0.34038302302360557 0.40353115648031224
leaf_count=17 8 56 39 100 9 26 11 615 79 70 15 9 11 19 1 19 16 2 19 30 15 14 7 12 13 13 10 11 5 6
internal_value=0.00203874 -0.0102581 -0.0272299 0.0103639 0.0150295 0.0182602 0.0230523 -0.0383695 -0.0128242 0.0369936 0.0154194 -0.0112332 0.0132267 -0.0116999 -0.0495339 0.00293748 0.0106665 -0.0439217 0.0335712 0.0377322 0.0331904 0.0330028 0.0118268 0.0115478 0.0425982 0.0309496 0.0503106 0.0503024 -0.0596525 -0.0546606
internal_weight=70.9301 52.4712 28.7829 23.6883 6.00444 20.6802 19.447 22.7785 6.92755 18.4589 7.04524 4.56565 4.26918 2.48541 15.851 0.969257 2.99973 3.00808 14.8813 13.4284 5.59804 4.77425 2.26918 2.58447 11.7669 4.68434 11.4137 7.08258 0.870374 2.65836
internal_count=1277 1147 841 306 69 204 178 772 137 130 50 81 52 41 635 20 25 102 97 86 35 30 21 20 67 26 80 41 22 85
is_linear=0
shrinkage=0.05


Tree=53
num_leaves=31
num_cat=0
split_feature=42 47 31 46 23 17 33 24 45 17 49 21 26 2 20 20 43 42 1 16 33 18 43 36 43 16 27 35 26 36
split_gain=10.101 6.90966 5.32369 3.85525 3.18547 2.6488 2.46292 2.42323 2.15957 2.01852 1.97166 1.72515 1.29018 1.8408 1.39079 1.28633 1.63674 1.19335 1.99302 1.14681 1.03824 1.77539 0.808967 0.656781 2.70568 0.807267 0.625688 0.332875 0.286634 0.205445
threshold=0.88679862022399913 0.52804893255233776 1.3166425824165346 -0.40872338414192194 -0.55155417323112477 -0.6506650149822234 -0.43579435348510737 0.16039285808801654 -1.0004698634147642 -0.77048379182815541 1.4200972914695742 0.55320230126380932 -0.024377115070819851 -0.61884307861328114 0.11509769782423974 0.60624644160270702 0.8131006956100465 0.27469681203365331 0.58694124221801769 -0.32261128723621363 1.0378539562225344 -2.9223752021789546 1.1764016747474673 0.99246951937675487 0.48047451674938207 0.014073620084673168 1.4801526665687563 -0.2294909060001373 0.14559759199619296 0.039189619943499572
decision_type=2 2 2 2 2 2 2 2 2 2 2 2 2 2 2 2 2 2 2 2 2 2 2 2 2 2 2 2 2 2
left_child=1 2 3 4 -1 11 15 -3 -4 -6 17 -5 13 -10 27 22 -17 20 -19 -16 26 -22 29 24 25 -14 28 -15 -11 -2
right_child=6 7 8 5 9 -7 -8 -9 12 10 -12 -13 23 14 19 16 -18 18 -20 -21 21 -23 -24 -25 -26 -27 -28 -29 -30 -31
leaf_value=-0.053617888688608006 0.053433800905950735 -0.052283597269025088 -0.062852350320436609 0.043262039135933752 -0.082972156598403762 -0.053556111625518182 -0.034787906068574813 0.046348988270546482 -0.064036705847026698 0.027224389769377966 -0.056260395739477935 -0.056082997842635651 -0.060504381592797002 0.052005641274200487 0.039899102615289589 0.042282300676195386 -0.028218916008204649 -0.054219441965091653 0.043606861277664138 -0.056030709692036752 0.043552751036432399 -0.058068524829910852 0.0086931828391259239 0.050272284578912675 0.046016108060986063 0.012068367239355879 0.0096956837150783438 0.020291069636024173 0.052886446205491461 0.032085139821177645
leaf_weight=2.2472808305174121 10.398628175258642 9.6196455992758239 0.72035052813589828 1.3552435059100374 0.54470322653651138 7.4707289282232558 1.1857900973409403 0.66582424566149789 0.79906916804611672 1.4949408434331362 0.88544828072190362 0.64495437033474434 0.93473983928560833 1.6076689176261427 0.4691284783184525 1.9383734278380864 1.4309947714209554 1.2140926253050559 0.91154571808874596 0.92749680392444145 0.8942483589053154 0.82753067463636376 1.2433103136718262 4.561870165169239 4.1658997256308794 0.64940071478486061 1.5241842493414877 1.7046854756772525 3.9987877402454615 1.2638954669237126
leaf_count=82 69 441 12 11 9 277 16 4 13 17 25 20 17 7 3 11 10 43 7 26 6 20 12 23 26 6 16 13 18 10
internal_value=0.00197186 -0.00929685 -1.37448e-05 -0.0150487 0.0011187 -0.039874 0.0347818 -0.0458987 0.0218144 0.0111231 0.0154848 0.0112287 0.0256697 0.00613239 0.0180394 0.0398506 0.0123399 0.0213315 -0.0122682 -0.0238077 0.0295036 -0.00528901 0.0470329 0.0361054 0.0248659 -0.030754 0.0380396 0.0356839 0.0459033 0.0511202
internal_weight=68.3005 50.8395 40.554 24.0137 14.5428 9.47093 17.461 10.2855 16.5403 12.2955 11.7508 2.0002 15.82 5.50805 4.70898 16.2752 3.36937 10.8653 2.12564 1.39663 8.73969 1.72178 12.9058 10.3119 5.75004 1.58414 7.01791 3.31235 5.49373 11.6625
internal_count=1270 1142 697 551 243 308 128 445 146 161 152 31 134 62 49 112 21 127 50 29 77 26 91 72 49 23 51 20 35 79
is_linear=0
shrinkage=0.05


Tree=54
num_leaves=31
num_cat=0
split_feature=31 42 47 47 49 44 6 0 38 15 45 21 6 17 21 33 43 17 23 2 20 41 18 14 3 21 48 45 47 15
split_gain=9.96738 4.76979 4.02175 3.21711 3.35518 2.93244 2.52856 2.0113 1.95129 1.89434 1.79003 1.66347 1.54305 1.83593 2.6847 1.80514 1.53762 1.5017 1.36924 2.20047 1.56962 1.69003 1.32362 1.00303 0.969102 0.873094 1.33239 0.747288 0.595622 0.37687
threshold=0.62456980347633373 0.89384356141090404 0.4043287336826325 0.52804893255233776 1.4200972914695742 -0.054944593459367745 1.0645749568939211 -1.1254693269729612 -0.67160254716873158 1.2594556212425234 1.3800104260444643 -0.5491729974746703 -0.54610025882720936 0.47087338566780096 -0.33924272656440729 -1.0910298228263853 0.554131180047989 -0.57839152216911305 -1.0000000180025095e-35 -0.60456243157386769 0.81887200474739086 0.15753852948546412 -3.1079702377319331 -2.8135123252868648 -0.28264272212982172 -2.3006583452224727 -0.75163245201110829 -0.78574576973915089 1.0000000180025095e-35 -0.10581391304731368
decision_type=2 2 2 2 2 2 2 2 2 2 2 2 2 2 2 2 2 2 2 2 2 2 2 2 2 2 2 2 2 2
left_child=2 3 5 4 6 12 8 -8 -2 -5 25 16 -1 14 17 -16 -4 24 19 27 29 -22 -19 -12 -14 -7 -27 -10 -28 -21
right_child=1 -3 11 9 -6 10 7 -9 18 -11 23 -13 13 -15 15 -17 -18 22 -20 20 21 -23 -24 -25 -26 26 28 -29 -30 -31
leaf_value=-0.052847181123858472 -0.054135621547545199 0.050263638065454211 -0.054922291949185346 -0.052871356097305582 -0.057200817845259724 0.054294796816588164 0.044828249232950514 -0.074797979782681628 0.012554505592692606 0.044561104876117433 0.023233902299689628 -0.05247219812956893 0.049500267705961602 0.05380894408789022 0.045947802268978238 -0.056224162035759487 0.033566466003849174 0.035497479974440992 0.041162443829555181 0.014992391774637135 0.044979432835442749 -0.059698022832295243 -0.059456669775212724 -0.074624510389943929 -0.0037482145372989329 0.037676209208536433 0.022802826993162606 -0.060548649240181211 -0.056963936974776468 0.04831135542256617
leaf_weight=2.7410085834562787 0.73285435698927059 9.3501819930970651 0.82772132568061652 2.8890645001083608 1.4789203517138947 2.5053049474954605 0.50479410216212262 1.1560677886009205 0.50519108213484276 0.60299609415233124 0.42380247265100479 9.0618281345814413 1.9462781995534899 0.9968697242438801 0.48348969034850497 4.0832854546606541 1.2064998671412466 0.52577726170420636 10.297906313091513 1.0935530643910247 0.65807667560875394 0.93124551046639681 1.2153641954064358 0.68524655140936352 1.5231823753565548 2.1306336596608162 0.34787733107805541 1.1349880043417293 0.71508840844035149 3.79019358940422
leaf_count=109 21 76 26 120 33 11 3 24 4 4 2 438 12 4 4 123 13 4 63 12 6 21 32 18 14 17 2 22 22 22
internal_value=0.00137065 0.0196721 -0.01909 0.00857501 0.0155677 -0.0058719 0.0207404 -0.0384394 0.0258747 -0.0360471 0.0208885 -0.0432998 -0.0193517 -0.0108304 -0.0174208 -0.0454071 -0.00243947 0.0071075 0.0290595 0.0136975 0.026805 -0.0163551 -0.0307831 -0.0372297 0.0261228 0.0321987 0.0148649 -0.0380322 -0.0308586 0.0408507
internal_weight=66.5453 35.126 31.4193 25.7759 22.2838 20.3232 20.8049 1.66086 19.144 3.49206 6.80795 11.096 13.5153 10.7742 9.77738 4.56678 2.03422 5.2106 18.4112 8.11325 6.47307 1.58932 1.74114 1.10905 3.46946 5.6989 3.1936 1.64018 1.06297 4.88375
internal_count=1282 431 851 355 231 374 198 27 171 124 72 477 302 193 189 127 39 62 150 87 61 27 36 20 26 52 41 26 24 34
is_linear=0
shrinkage=0.05


Tree=55
num_leaves=31
num_cat=0
split_feature=39 49 36 21 15 15 0 47 48 44 31 16 39 16 15 47 26 3 31 16 21 2 2 20 37 12 30 42 15 42
split_gain=10.552 7.64228 6.64712 3.54495 3.13491 2.764 2.43847 2.07704 1.90374 1.53822 1.32471 1.95622 1.323 1.30713 1.1732 2.61675 1.17145 0.947204 0.871569 1.30923 1.81502 0.758871 0.714321 0.588286 0.532002 1.16456 0.354371 0.1755 0.592749 0.137891
threshold=-0.11596874147653578 -0.71492916345596302 0.9899924397468568 -0.85045707225799549 0.45815873146057134 -1.2172050476074217 1.3560142517089846 -1.4171867370605467 1.3351942300796511 -0.72847157716751088 1.3674087524414065 0.28791455924510961 -0.27232111990451807 -0.3613989502191543 1.3985110521316531 -1.5312263965606687 1.5091900825500491 -0.32783946394920344 0.63685420155525219 -0.36438114941120142 -1.6143055558204649 1.6319916844367983 0.62342986464500438 -1.6634964942932127 -0.50317314267158497 -0.64439910650253285 -0.38025532662868494 0.8758436143398286 0.48386059701442724 0.88870978355407726
decision_type=2 2 2 2 2 2 2 2 2 2 2 2 2 2 2 2 2 2 2 2 2 2 2 2 2 2 2 2 2 2
left_child=1 6 16 5 18 -2 9 8 -6 26 29 21 27 -14 15 23 -3 -8 19 -4 -21 -12 -7 -10 -15 -26 -1 28 -11 -5
right_child=3 2 4 10 7 22 17 -9 14 12 11 -13 13 24 -16 -17 -18 -19 -20 20 -22 -23 -24 -25 25 -27 -28 -29 -30 -31
leaf_value=-0.053785485704283736 0.043485918393795557 -0.053918880973243814 0.054735311227316223 -0.052103599618059215 -0.053540225343176311 -0.056794950396731853 0.02454321120790473 -0.057288141143102378 0.0024401530987905348 0.020137712500346169 -0.054478976575935346 0.039943163986461805 -0.035341533222480515 0.048093165957152864 0.039709885494795295 -0.059429314170329421 0.02230723487148354 -0.061940076852340348 0.051331564258898538 0.041714631960911082 -0.062770479593237505 0.032200677902516968 0.023289240516785655 0.04543044164959846 -0.036209344394934749 0.041398266151895624 0.012147781764865761 0.052671606609168697 0.054156538415396187 -0.074096949847698504
leaf_weight=0.50748107582330704 2.3823486305773258 6.2303503798320916 1.2248471826314928 9.0180787481367553 1.2602741960436104 1.337704727426172 0.49968639388680458 1.7077027894556494 1.6856242027133705 2.0351350456476274 1.9548959601670519 1.0300216134637592 0.89705718494951714 2.2118391711264849 2.626696826890111 1.3912179972976448 0.54839409887790669 0.8641213010996569 4.098894938826561 0.78870716691017151 0.87868960574269539 0.28996048495173443 0.35163978673517693 1.5074049793183797 0.76442823745310318 1.3147870916873172 0.34054927714169636 9.9879634156823141 3.4531550779938698 0.77382873743772584
leaf_count=15 11 246 5 460 45 41 7 50 13 15 65 9 10 15 15 32 9 17 24 3 18 4 4 7 17 10 7 77 19 7
internal_value=0.00162692 0.0139132 -0.00582889 -0.0319411 0.0107225 0.00879565 0.0345809 -0.0069835 0.00315735 0.0386911 -0.0446349 -0.0171064 0.0413996 0.0195488 0.0130665 -0.00219968 -0.0477523 -0.0302534 0.0365019 0.0154853 -0.0133472 -0.0432829 -0.0401253 0.0227355 0.0310238 0.0128657 -0.0273082 0.0487247 0.0415419 -0.0538417
internal_weight=63.9635 46.825 23.9488 17.1385 17.1701 4.07169 22.8762 10.1789 8.47122 21.5124 13.0668 3.27488 20.6644 5.18811 7.21094 4.58425 6.77874 1.36381 6.99114 2.89224 1.6674 2.24486 1.68934 3.19303 4.29105 2.07922 0.84803 15.4763 5.48829 9.79191
internal_count=1277 676 467 601 212 56 209 162 112 185 545 78 163 52 67 52 255 24 50 26 21 69 45 20 42 27 22 111 34 467
is_linear=0
shrinkage=0.05


Tree=56
num_leaves=31
num_cat=0
split_feature=39 49 36 36 48 44 31 31 47 10 25 43 0 39 16 5 21 28 3 11 22 7 15 20 40 42 42 42 18 3
split_gain=10.6667 6.70599 6.80284 4.37426 2.83836 2.48963 2.16909 1.56197 2.67243 1.5386 1.49303 1.78657 1.37804 1.10731 1.32546 1.03308 0.872274 0.7698 1.19372 0.699233 0.611665 0.474064 0.407306 0.387057 0.37825 0.180293 0.589924 0.135887 0.0132201 0.0125159
threshold=-0.11596874147653578 -0.71492916345596302 0.9899924397468568 -1.5439995527267454 1.3351942300796511 -0.74830713868141163 1.0328896045684817 1.3166425824165346 -1.4171867370605467 -1.206772446632385 -0.9061760902404784 0.98245212435722362 1.3560142517089846 -0.27232111990451807 -0.3613989502191543 1.4178965091705324 -1.7641591429710386 -0.72075867652893055 -0.30965752899646753 -0.63850283622741688 1.7662990689277651 0.79800793528556835 0.55391308665275585 -0.54920455813407887 -0.69922593235969532 0.87462106347084057 0.38859720528125768 0.88391566276550304 -0.61551418900489796 0.40025980770587927
decision_type=2 2 2 2 2 2 2 2 2 2 2 2 2 2 2 2 2 2 2 2 2 2 2 2 2 2 2 2 2 2
left_child=1 5 15 6 -4 21 -2 8 9 20 11 -5 13 25 -15 29 -12 22 -19 -16 -6 -1 -11 -9 -21 26 -7 -18 -10 -3
right_child=3 2 4 10 7 12 -8 23 28 17 16 -13 -14 14 19 -17 27 18 -20 24 -22 -23 -24 -25 -26 -27 -28 -29 -30 -31
leaf_value=-0.053434090449117948 -0.053028963276346965 -0.052710507121263676 -0.054113726766538431 -0.053694336207151132 0.0090578643764736549 0.053310116938373446 0.048874398587968146 0.053777379370873117 -0.064939471578060334 0.052411349160534061 0.0075529783746842785 0.040689566505346046 -0.0100235983458684 -0.033577793513967738 -0.024235929422166083 0.016128172058493602 -0.052407598093992459 0.038319989670597021 -0.033156058382942784 0.052755316359749019 -0.062235934028783538 0.018528251306883934 0.021973389809908473 0.026398945912959944 0.020985468279558842 0.052552264575226618 0.017912132697665086 -0.071627453871725144 -0.05322742312782093 -0.059533913258468733
leaf_weight=0.91238203644752747 0.68917888216674628 5.1755788745358613 1.4326437963172818 0.95724335312843445 0.51412437856197246 3.377336096018559 2.1553600430488586 2.895984835922718 0.30770973861217488 2.6690628603100759 0.60361319594085117 1.0528074782341716 1.3904839269816864 0.89697175659239281 0.47369601950049389 0.58335603587329377 9.908274193294341 1.2378632593899968 1.1061229333281524 2.3498078510165215 0.72523633018136024 0.30548452958464622 1.8685002885758875 2.3291631117463103 1.5581287965178483 9.5673930346965772 1.8066136483103035 1.0137318614870316 1.1103870216757048 0.77233299333602179
leaf_count=29 30 231 50 37 7 20 11 16 3 12 12 9 17 10 7 8 500 10 16 15 16 5 14 15 19 77 14 10 45 21
internal_value=0.00240672 0.0148941 -0.00429145 -0.0321782 0.0130793 0.0341558 0.0241851 0.0195994 0.00756287 0.018622 -0.044023 -0.00425873 0.0381095 0.0414509 0.0217982 -0.0473689 -0.0509579 0.0278581 0.00459057 0.0331343 -0.0326611 -0.0353834 0.0398775 0.0415732 0.0400884 0.0484834 0.0409739 -0.0541915 -0.0557688 -0.0535965
internal_weight=61.7466 45.3664 22.7281 16.3802 16.1968 22.6383 2.84454 14.7642 9.53901 8.12091 13.5357 2.01005 21.4204 20.0299 5.2786 6.53127 11.5256 6.88155 2.34399 4.38163 1.23936 1.21787 4.53756 5.22515 3.90794 14.7513 5.18395 10.922 1.4181 5.94791
internal_count=1286 677 464 609 204 213 41 154 123 75 568 46 179 162 51 260 522 52 26 41 23 34 26 31 34 111 34 510 48 252
is_linear=0
shrinkage=0.05


Tree=57
num_leaves=31
num_cat=0
split_feature=31 39 42 43 37 49 35 2 25 32 17 2 2 6 17 27 34 5 6 20 47 15 4 42 39 23 35 2 9 42
split_gain=8.82952 5.82766 4.05556 3.33028 3.27312 3.42937 2.80775 2.58366 2.46163 1.93782 1.99585 2.2154 2.21896 1.81709 1.39504 1.04245 1.10654 1.0167 0.786326 0.780528 0.736015 0.568794 0.787883 0.546121 0.400905 0.392112 0.298508 0.134541 0.121416 0.073866
threshold=0.62456980347633373 -0.19127560406923291 0.87462106347084057 0.43920752406120306 1.0416296720504763 -0.71492916345596302 5.7572312355041513 -0.60456243157386769 -1.1345995664596555 -1.2108606696128843 -0.68041816353797901 -0.78800195455551136 -0.83066952228546131 1.7245252132415774 -0.65484964847564686 -0.60330408811569203 -1.0347099900245664 -0.26410192251205439 0.96742248535156261 -0.011832848656922577 0.37758152186870581 0.39040160179138189 -0.15855983644723889 0.89198139309883129 0.16161283105611804 0.27055186778306967 3.788872599601746 2.5954147577285771 -0.26563993096351618 0.88679862022399913
decision_type=2 2 2 2 2 2 2 2 2 2 2 2 2 2 2 2 2 2 2 2 2 2 2 2 2 2 2 2 2 2
left_child=1 3 4 6 5 7 9 -2 -7 10 -1 12 -12 29 -9 16 -5 20 -18 27 -16 -6 -23 26 -19 -26 -11 -4 -17 -3
right_child=2 13 19 15 21 8 -8 14 -10 23 11 -13 -14 -15 17 28 18 24 -20 -21 -22 22 -24 -25 25 -27 -28 -29 -30 -31
leaf_value=0.033412242490709808 -0.054728854195299395 -0.051796770431768668 0.052390099668379445 0.056310079820991669 0.052996571630217607 0.012298070151381601 0.042692294254052007 -0.056864842411688377 -0.055533314520198579 -0.054442244380768751 -0.052615450737964635 -0.056756946142747025 0.040799636599823066 0.040473932351117937 0.045808943642370994 0.035175361961386806 -0.057454054038296433 0.048021532451423418 0.021613507500818793 0.0069858152189268595 -0.054070338433385594 -0.0091644665044545472 0.04267832103211814 -0.0092082796764556135 -0.0074244411725268829 0.042923031553212053 -0.1112627957835471 0.03468596240098612 0.054291956521216503 -0.064750233770280344
leaf_weight=2.0579431187361479 1.1309043131768701 8.3835743311792559 8.2368475794792158 0.62263005971908558 3.0703382194042197 1.9609728576615468 1.8305540224537242 0.46645973250269879 4.2069789683446297 3.3725647954270301 0.99477612879127297 2.6813024338334803 1.761165497824549 0.54339656420052129 0.28162204846739758 1.3177309706807139 0.76099360175430752 4.2099418547004479 0.53586933203041553 1.1816309466958035 0.53455875720828772 1.1958330236375334 1.8929792642593382 0.67041423171758641 0.75804951507598139 0.78946249186992645 0.24815333634614933 1.2338623777031887 2.2468721494078627 1.2668653000146157
leaf_count=14 33 469 66 2 19 19 14 11 148 141 41 98 11 6 2 15 22 30 7 11 19 16 10 9 18 3 3 12 12 15
internal_value=0.00174459 -0.0179612 0.0202765 -0.00166964 0.00727095 -0.00582376 -0.014919 0.015421 -0.0339677 -0.0238668 -0.0085265 -0.0243999 0.00708082 -0.048488 0.0266897 0.0312283 0.00152134 0.0326186 -0.024783 0.0453029 -0.0196071 0.0377564 0.0226074 -0.0506611 0.0400222 0.0182603 -0.0583366 0.0500836 0.0472251 -0.0534972
internal_weight=60.4452 29.2948 31.1504 19.101 20.4981 14.339 13.6169 8.171 6.16795 11.7863 7.49519 5.43724 2.75594 10.1938 7.04009 5.4841 1.91949 6.57363 1.29686 10.6523 0.816181 6.15915 3.08881 4.29113 5.75745 1.54751 3.62072 9.47071 3.5646 9.65044
internal_count=1296 879 417 389 328 283 331 116 167 317 164 150 52 490 83 58 31 72 29 89 21 45 26 153 51 21 144 78 27 484
is_linear=0
shrinkage=0.05


Tree=58
num_leaves=31
num_cat=0
split_feature=39 49 36 44 21 49 11 15 0 39 15 38 47 17 10 46 6 22 26 0 25 0 31 10 23 42 5 42 5 23
split_gain=9.37889 6.3013 6.03363 3.15318 3.07912 2.5891 1.83182 1.70753 1.51198 1.68182 1.603 2.48707 1.47588 1.41812 1.63881 1.24198 1.4428 1.16046 1.65794 0.961434 0.94756 0.771581 0.637031 0.969376 0.334097 0.197967 0.179393 0.0932355 0.0242989 0.0143297
threshold=-0.054377619177103036 -0.71492916345596302 0.99150449037551891 -0.74830713868141163 -0.96929156780242909 1.4425713419914248 -0.63810768723487843 0.45815873146057134 1.3560142517089846 -0.26958453655242914 -1.2440345287322996 -0.66098329424858082 -1.4171867370605467 -0.77048379182815541 -1.2267066836357114 1.8699263930320742 -1.1423107981681822 1.5143139958381655 0.51030510663986217 -1.1316338777542112 -1.6105816364288328 -1.056894779205322 0.62456980347633373 -0.72836467623710621 -0.41453655064105982 0.89010810852050792 -0.39747704565525049 0.88129737973213207 0.89669334888458263 2.1887995004653935
decision_type=2 2 2 2 2 2 2 2 2 2 2 2 2 2 2 2 2 2 2 2 2 2 2 2 2 2 2 2 2 2
left_child=1 3 20 -1 6 7 -2 22 9 26 -11 19 13 -9 -15 27 -17 -16 24 -12 -3 -8 23 -4 -19 -21 -5 -6 -23 -28
right_child=4 2 5 8 15 -7 21 12 -10 10 11 -13 -14 14 17 16 -18 18 -20 25 -22 28 -24 -25 -26 -27 29 -29 -30 -31
leaf_value=-0.053012738440996188 0.04414424809739511 0.013700766014626936 -0.0087784452491400516 0.034810352867355669 -0.051880776669181922 -0.055531841417632524 0.037885396369359614 -0.096982427083124725 -0.012990389569495931 0.046127314379794171 0.033671348532416441 0.037356952776948935 -0.057440243617704383 -0.056113912226965851 0.045548424729988782 0.052174061763420911 -0.053418832988512022 -0.0070994879688835617 0.03410419924053925 -0.054273775685949648 -0.053198759024045951 -0.052290888227436362 0.0519375424984303 0.054123198442493498 -0.061787809266039918 -0.097818637103843323 0.052360406771400969 -0.068227276797942729 -0.068985313553071942 0.046576237172998275
leaf_weight=1.0412089852616215 1.7146818283945324 0.58315704204141994 1.4022343140095475 1.7932907193899215 8.1574564883485401 1.3242209749296296 0.26529773324728012 0.29517357423901369 1.4617041256278742 2.8314590230584145 0.2992616333067416 1.7397920321673144 0.91267750412225801 0.72050073370337298 2.9957137918099788 0.63888639956712723 0.65532866213470586 0.42817572504281853 1.6299245227128265 1.0538641596212985 5.7310349028557575 0.53271906729787477 3.4229231476783752 1.0875515341758708 0.803028920665385 0.34693606942892063 10.657243778929111 0.9767605699598797 0.36890019290149212 1.1903668865561492
leaf_count=38 11 8 18 15 467 42 2 4 19 19 2 17 29 24 19 3 26 10 10 34 266 25 22 5 14 3 86 11 4 12
internal_value=0.00225986 0.0134405 -0.00600859 0.0319536 -0.0344921 0.0112296 0.0112574 0.0176837 0.0360926 0.0396957 0.0182647 -0.00467 0.0022991 0.0102325 0.0150441 -0.0471337 -0.00129313 0.0237978 0.00102409 -0.0476791 -0.0470201 -0.037067 0.0379404 0.0186973 -0.0427689 -0.0650585 0.0495484 -0.0536288 -0.0591215 0.0517793
internal_weight=57.0615 43.7514 21.3363 22.4151 13.31 15.0221 2.8816 13.6979 21.3739 19.9122 6.27131 3.43985 7.78519 6.87252 6.57734 10.4284 1.29422 5.85684 2.86113 1.70006 6.31419 1.16692 5.91271 2.48979 1.2312 1.4008 13.6409 9.13422 0.901619 11.8476
internal_count=1265 716 471 245 549 197 42 155 207 188 75 56 110 81 77 507 29 53 34 39 274 31 45 23 24 37 113 478 29 98
is_linear=0
shrinkage=0.05


Tree=59
num_leaves=31
num_cat=0
split_feature=31 39 20 39 43 37 17 21 6 27 27 46 43 1 21 40 39 43 2 15 31 35 7 31 27 9 0 3 35 9
split_gain=8.19777 4.25167 3.70724 2.98259 2.62258 2.43881 1.81169 1.79466 1.59371 1.54878 1.48708 1.69065 1.42514 1.38867 1.33586 1.25324 1.15943 1.42908 1.07727 1.02274 0.981 1.99525 0.855873 0.847508 0.819499 1.1821 0.727491 0.642599 0.324314 0.190975
threshold=0.62456980347633373 -0.19127560406923291 0.17368176579475406 0.16161283105611804 0.33224651217460638 1.0469335317611697 -0.68813383579254139 -2.8428971767425533 1.7245252132415774 0.51496368646621715 -0.60330408811569203 -0.85297659039497364 0.88588929176330578 -1.1924617290496824 -1.5485115051269529 -0.48421300947666163 -0.32101134955883021 0.92544731497764599 -0.45633617043495173 0.5302446484565736 -1.3671034574508665 0.63649398088455211 0.71879866719245922 0.71619459986686718 1.0667354464530947 -0.73993164300918568 -0.95898163318634022 0.2219146862626076 0.39330084621906286 -0.26563993096351618
decision_type=2 2 2 2 2 2 2 2 2 2 2 2 2 2 2 2 2 2 2 2 2 2 2 2 2 2 2 2 2 2
left_child=1 4 3 15 5 6 13 -7 -3 12 11 -6 23 -1 -5 -2 19 -18 -11 -17 -9 28 -15 -4 -20 -26 -21 -16 -22 -12
right_child=2 8 9 14 10 7 -8 20 -10 18 29 -13 -14 22 27 16 17 -19 24 26 21 -23 -24 -25 25 -27 -28 -29 -30 -31
leaf_value=-0.062457446302232988 0.04926963851106516 -0.053058913033335181 0.019628169729810008 0.042525404097255581 0.050486039812556255 -0.073044871356933272 -0.053554312108566808 0.050281205502288089 0.036104914808746447 -0.053106318734582637 0.027581855346065904 -0.05669527638831201 0.024272661366518913 0.0418989849035682 -0.060473846231890463 0.049121497697765366 -0.05483568493069977 0.037649761522297175 0.0413232395484242 0.030616182922655444 0.01249356282473264 -0.065439703499487981 -0.027839777652443689 -0.058860309252729295 0.048461501497768379 -0.05847146522565299 -0.022409984134126124 0.017053476457014518 0.057348653209202065 0.053040181300591106
leaf_weight=0.70928331837058101 9.963808644562965 8.3057319261133635 0.39577876962721337 0.57742933370173011 0.60561686195433118 0.56286907009780396 4.7924190424382731 1.7719525834545491 0.53333585150539953 0.53341744653880629 1.0951344054192307 0.93741768132895231 0.86309758946299542 1.3397348485887057 1.3779421038925637 3.8070787489414215 0.94553023669868863 0.7482043020427227 2.1523458044976 1.568974429741502 0.90603992156684421 0.76453605014830817 0.65505782235413779 2.6254216954112053 0.4534811675548559 0.60091749485582036 1.1005290271714327 0.33160460367798794 0.72578710317611694 2.2503326572477809
leaf_count=13 95 463 9 4 4 16 223 11 7 22 16 29 8 12 41 27 28 5 20 12 19 13 17 98 3 19 13 7 2 14
internal_value=0.000731959 -0.0195186 0.0194732 0.030581 -0.00497618 -0.0173512 -0.0350908 0.0107569 -0.0476789 -0.0102776 0.0259777 -0.0146283 -0.0323907 -0.00236797 -0.0232268 0.0373669 0.0228514 -0.0139804 0.0126877 0.0324836 0.0220731 0.00121499 0.0189979 -0.0485783 0.023632 -0.0124812 0.00875562 -0.0454357 0.0324437 0.0447064
internal_weight=54.0008 25.9552 28.0456 20.4211 17.1162 12.2277 7.4965 4.73118 8.83907 7.62446 4.8885 1.54303 3.8843 2.70408 2.28698 18.1341 8.17032 1.69373 3.74016 6.47658 4.16832 2.39636 1.99479 3.0212 3.20674 1.0544 2.6695 1.70955 1.63183 3.34547
internal_count=1270 859 411 232 389 326 265 61 470 179 63 33 115 42 52 180 85 33 64 52 45 34 29 107 42 22 25 48 21 30
is_linear=0
shrinkage=0.05


Tree=60
num_leaves=31
num_cat=0
split_feature=39 40 36 31 0 48 36 0 47 39 35 20 2 2 15 15 6 3 19 20 15 36 31 37 0 43 43 28 43 42
split_gain=7.51109 5.42407 4.33859 2.65197 2.44683 2.31502 2.28545 1.64803 1.48293 1.47794 1.42037 2.02459 1.36074 1.4513 1.24212 1.87932 1.13199 1.04948 1.04406 0.774568 1.30609 1.24116 0.744307 1.15756 0.438195 0.409352 0.398156 0.357015 0.348311 0.64487
threshold=-0.054377619177103036 0.18751855939626697 0.9899924397468568 0.67171961069107067 1.3560142517089846 1.3351942300796511 -1.5439995527267454 -0.80195868015289296 -1.4171867370605467 -0.28903104364871973 0.77351620793342601 -1.8337813615798948 -0.30418562889099116 -0.47323009371757502 -1.2440345287322996 -0.10581391304731368 1.2590684294700625 -0.3346018642187118 0.060155555605888374 -1.5508474707603452 0.42639307677745825 1.0028116106987002 0.42117622494697576 1.0469335317611697 -0.93853282928466786 0.7843121886253358 0.92544731497764599 -0.86543482542037953 0.3028912246227265 0.89384356141090404
decision_type=2 2 2 2 2 2 2 2 2 2 2 2 2 2 2 2 2 2 2 2 2 2 2 2 2 2 2 2 2 2
left_child=1 4 18 -2 9 -4 -5 19 10 28 22 -12 13 -8 -11 16 -16 -6 24 -7 -21 -22 23 27 -3 -20 -15 -9 29 -1
right_child=3 2 5 6 17 7 12 8 -10 14 11 -13 -14 26 15 -17 -18 -19 25 20 21 -23 -24 -25 -26 -27 -28 -29 -30 -31
leaf_value=0.001302123300990843 -0.052565142410360338 0.044941836981677252 -0.053506279978523523 0.046132606355215766 0.033190086585832966 0.052827710468755784 -0.052498701397368314 0.0081165699476520772 -0.055831766057664572 0.042895932041976365 0.031742112419085727 -0.074175034720433283 -0.058744612914650988 -0.0035078444204592468 -0.052923861697388969 0.03870857395668658 0.024846679921299363 -0.060880461431797511 -0.052752530423368742 0.054073641984388868 -0.061241183180993142 0.027702398555815223 0.041979505325171078 0.046411835755835601 -0.020229770540090966 0.022376053445730452 0.04702795448562435 -0.055232846965113373 0.049724248488245658 0.055652144157038334
leaf_weight=1.1225692927837418 6.81240325886756 0.40513664111495018 1.3200600193813432 1.5184924788773058 0.42379270866513252 3.0825723111629486 0.90050914790481318 0.32733741402625849 1.0249035339802501 2.6971504613757133 0.80257273651659478 1.0304585509002206 1.7763985684141514 0.65260183904320024 1.6324257338419563 1.7053457126021392 0.65589597821235646 0.9869934245944012 4.8993615703657287 1.2873149514198297 0.73554286733269669 0.84033448994159698 2.5578483492136002 0.76525411754846562 0.70981501042842932 0.18827985040843476 0.9677130663767457 0.69377514626830894 10.202815067023037 1.0621942877769468
leaf_count=14 414 2 54 8 5 20 42 6 41 20 6 16 67 19 45 15 10 20 254 7 14 6 13 3 18 4 7 22 93 6
internal_value=0.00233796 0.0126873 -0.00538372 -0.0313944 0.0309183 0.00961489 -0.00659541 0.0159523 -0.000131819 0.0356169 0.00910969 -0.0278004 -0.0252277 -0.00160869 0.0166812 -0.0010231 -0.0306327 -0.0326222 -0.040369 0.0354351 0.0167099 -0.0138121 0.0246838 -8.1434e-05 0.00345144 -0.0499722 0.026674 -0.034925 0.0458445 0.0277262
internal_weight=53.7879 41.1598 20.6706 12.6281 20.4892 14.468 5.81572 13.1479 7.20215 19.0784 6.17725 1.83303 4.29722 2.52082 6.69082 3.99367 2.28832 1.41079 6.20259 5.94576 2.86319 1.57588 4.34422 1.78637 1.11495 5.08764 1.62031 1.02111 12.3876 2.18476
internal_count=1271 714 486 557 228 208 143 154 107 203 66 22 135 68 90 70 55 25 278 47 27 20 44 31 20 258 26 28 113 20
is_linear=0
shrinkage=0.05


Tree=61
num_leaves=31
num_cat=0
split_feature=42 31 46 39 43 37 47 49 31 36 2 48 39 21 3 47 49 48 14 0 3 46 0 24 21 23 45 23 42 42
split_gain=7.41547 4.76789 3.74596 2.56172 2.20391 2.36059 2.15331 2.01869 1.61993 1.53042 1.4334 1.93975 1.22579 2.08911 2.09247 1.05584 3.36209 1.60961 0.951201 0.934892 0.632092 1.03892 0.559863 0.532808 1.05658 0.209543 0.149561 0.0354287 0.0161477 0.0114946
threshold=0.87939563393592846 1.0941064357757571 -0.44423526525497431 -0.19127560406923291 0.46939179301261907 1.0411947369575503 0.60671314597129833 1.4200972914695742 -0.21932665258646009 0.17994440346956256 -0.61884307861328114 1.8615551590919497 -0.20365498214960095 -0.78898501396179188 -0.2985032051801681 -1.4443683028221128 -0.73740315437316883 2.1039664745330815 -0.2576491087675094 -1.063172399997711 -0.31212134659290308 -0.90581583976745594 1.441482722759247 -0.65209242701530445 0.31897892057895666 0.47607831656932836 0.14169164001941684 0.40756954252719885 -1.0000000180025095e-35 0.23760777711868289
decision_type=2 2 2 2 2 2 2 2 2 2 2 2 2 2 2 2 2 2 2 2 2 2 2 2 2 2 2 2 2 2
left_child=1 2 3 4 5 -1 7 10 20 12 11 28 22 -14 -15 26 23 29 -11 -4 -7 -22 -2 24 -17 -10 -12 -25 -3 -18
right_child=9 6 19 -5 -6 8 -8 -9 25 18 15 -13 13 14 -16 16 17 -19 -20 -21 21 -23 -24 27 -26 -27 -28 -29 -30 -31
leaf_value=-0.052302443991922964 0.052175359882153265 -0.064973708653187065 0.026277023987622491 -0.051694966932362744 0.048142023085242069 0.047997468258835774 -0.052698717199434197 -0.05685692775655371 -0.060168914635616071 0.023932577440278296 0.053821753586269866 0.041074294027836147 0.050538809384585083 0.02452285877235796 -0.076999276495035296 0.051889536885312948 -0.061299419873112687 0.039689222501585554 -0.060486675070967645 -0.052346826032751807 0.040570205091932023 -0.028581527711315453 0.011340986275314414 0.053601860661733905 -0.023355596796119576 -0.016765493107079973 0.033407662975365404 0.043218017991552199 -0.053254665827525166 -0.053163638344828304
leaf_weight=2.1534502711147052 8.0027499645948375 0.49077618680894386 0.3946639746427526 2.5190380532294503 2.2583184614777565 1.7371846707537772 1.2378511577844609 0.89457070641219694 0.6685854662209747 0.66064327210187912 2.8908684700727454 0.82982226833701123 2.0554085057228804 1.1378957247361543 0.91622461378574271 0.99347723089158513 0.96497949212789558 0.56053807586431492 0.67421173118054756 9.0020689889788645 1.1376775726675989 1.0393522940576074 0.9377632290124901 2.1483468413352962 0.87959398794919252 0.47609295137226582 1.3009961172938345 1.3299791291356085 0.73291802871972422 0.78920774441212416
leaf_count=116 78 6 5 158 13 10 62 21 15 7 16 5 13 15 9 5 14 6 13 537 12 16 7 13 18 7 10 12 28 38
internal_value=0.00177512 -0.00995094 -0.0254073 -0.00688193 0.00503759 -0.00845921 0.0106523 0.0159487 0.0102038 0.032287 0.0206304 -0.0179373 0.037503 0.0149004 -0.0207603 0.0273094 0.0162768 -0.0340699 -0.0187061 -0.0490446 0.0255045 0.00755595 0.0478923 0.038054 0.0165544 -0.0421166 0.047486 0.0496315 -0.0579547 -0.0576391
internal_weight=51.8153 37.4304 21.3864 11.9897 9.47066 7.21234 16.0439 14.8061 5.05889 14.3849 13.9115 2.05352 13.05 4.10953 2.05412 11.858 7.66612 2.31473 1.33486 9.39673 3.91421 2.17703 8.94051 5.3514 1.87307 1.14468 4.19186 3.47833 1.22369 1.75419
internal_count=1285 1143 889 347 189 176 254 192 60 142 171 39 122 37 24 132 106 58 20 542 38 28 85 48 23 22 26 25 34 52
is_linear=0
shrinkage=0.05


Tree=62
num_leaves=31
num_cat=0
split_feature=39 49 36 49 36 29 33 39 5 15 48 46 20 26 31 17 0 1 5 35 33 27 27 2 48 20 46 20 12 2
split_gain=6.85791 4.29873 4.98899 2.14512 2.14483 2.09597 1.65008 1.64445 1.58555 1.80145 1.46411 1.40218 1.29465 1.64322 1.25582 1.09207 1.12491 1.12671 0.936164 0.848761 0.779797 0.671075 2.3146 0.563549 0.493759 0.428018 0.515128 0.0745171 0.0563731 0.0343992
threshold=-0.028842920437455174 -0.71492916345596302 0.9899924397468568 1.4425713419914248 -1.5439995527267454 0.1674572750926018 -0.37121780216693873 -0.26830688118934626 1.714001536369324 -1.3210086822509763 1.3351942300796511 0.13313331454992297 0.81887200474739086 0.33974093198776251 1.0328896045684817 -0.54687514901161183 -0.77661779522895802 -1.985512316226959 1.4178965091705324 -0.2120135426521301 -0.86316877603530873 0.38703306019306188 0.54295602440834057 0.75478863716125499 -0.81104016304016102 -0.78183239698410023 -0.75482773780822743 0.60325896739959728 -0.70676466822624195 2.5954147577285771
decision_type=2 2 2 2 2 2 2 2 2 2 2 2 2 2 2 2 2 2 2 2 2 2 2 2 2 2 2 2 2 2
left_child=1 5 18 10 14 6 11 28 9 -9 -4 19 15 -14 -2 25 -17 -18 -3 20 -1 29 -23 27 -13 -12 -27 -11 -7 -6
right_child=4 2 3 -5 21 7 -8 8 -10 23 12 24 13 -15 -16 16 17 -19 -20 -21 -22 22 -24 -25 -26 26 -28 -29 -30 -31
leaf_value=0.03612959543907824 -0.051554129639573079 -0.052988836681062162 -0.054045569211999156 -0.055034601562560015 -0.051788271021262225 0.040662795154627292 -0.055155610250094328 0.052012045638282434 0.046282941284563624 -0.0538891060333406 0.052158723984578118 0.0124008588614391 -0.056803864286384356 0.023583438893073759 0.042161221253393777 0.031863804947775021 0.039515546251817885 -0.060635093300522483 0.017583689722105604 0.050555510209411882 -0.026469340456253983 0.036083894713703636 -0.0551489464612612 -0.00036390572592072499 -0.056879496512638607 -0.00018966902724420169 0.046217733203679834 -0.080546155883359935 0.052020930828008231 -0.072213950552752107
leaf_weight=1.008620418608188 0.49018858186900516 4.8180807484313872 0.68848193064331908 1.1318362178280938 5.8066792730241996 1.2587621994316585 0.98859687522053796 0.69606322050094593 1.9444844275712965 0.66179037466645174 3.807098664343354 0.38753433525562286 1.0950457258149975 1.5155306477099655 1.3203564696013925 1.705672422423959 0.4064736645668745 0.90852798242122002 0.52070124261081208 2.1515917312353854 0.98171915300190438 1.0586016327142718 2.025186762213707 0.49935673736035813 0.76456625387072541 1.0909966910257938 1.3232315070927145 0.43414769042283297 8.267894394695757 0.21371371950954188
leaf_count=9 32 264 28 40 394 12 35 6 15 19 27 6 31 18 8 12 3 22 10 11 12 16 92 9 25 13 10 7 83 6
internal_value=0.002125 0.0119168 -0.005116 0.0108891 -0.0329136 0.0280715 0.00414179 0.0389954 0.0130756 -0.0151047 0.0168387 0.0152149 0.0209562 -0.0101362 0.0167886 0.0297388 0.00507256 -0.029678 -0.0461058 0.0287862 0.00525317 -0.0427979 -0.0238306 -0.0443892 -0.0335755 0.0417151 0.0252461 -0.0644491 0.0505202 -0.0525133
internal_weight=49.9715 39.0568 19.0117 13.6729 10.9147 20.0451 6.28263 13.7625 4.23584 2.29136 12.5411 5.29403 11.8526 2.61058 1.81055 9.242 3.02067 1.315 5.33878 4.14193 1.99034 9.10418 3.08379 1.59529 1.1521 6.22133 2.41423 1.09594 9.52666 6.02039
internal_count=1275 727 478 204 548 249 98 151 56 41 164 63 136 49 40 87 37 25 274 32 21 508 108 35 31 50 23 26 95 400
is_linear=0
shrinkage=0.05


Tree=63
num_leaves=31
num_cat=0
split_feature=42 39 49 43 29 46 38 47 20 3 43 36 25 17 29 17 15 15 43 21 26 25 20 25 5 36 29 46 46 47
split_gain=6.18262 5.16324 2.93833 2.38843 2.34441 2.01399 1.72539 1.80022 1.36263 1.55686 1.33085 1.99449 1.99119 1.23571 0.973689 1.3687 0.868075 2.19437 0.644841 0.523003 0.512196 0.292163 0.284542 0.583956 0.272381 0.226938 0.21645 0.202401 0.12158 0.0478368
threshold=0.88679862022399913 -0.28903104364871973 1.4425713419914248 0.92544731497764599 0.1774764955043793 -0.43672563135623926 -0.6615639030933379 0.56137803196907055 0.48886829614639288 -0.27492760121822352 0.33224651217460638 0.9899924397468568 -1.5233168601989744 -0.77048379182815541 -1.2376016974449155 -0.6825551688671111 0.54333809018135082 1.20572966337204 1.1764016747474673 -2.3006583452224727 -1.0000000180025095e-35 -1.5233168601989744 -1.8196462988853452 0.72001770138740551 -0.55944979190826405 0.039189619943499572 0.93491452932357799 2.521839022636414 0.91491627693176281 -1.4586865901947019
decision_type=2 2 2 2 2 2 2 2 2 2 2 2 2 2 2 2 2 2 2 2 2 2 2 2 2 2 2 2 2 2
left_child=1 2 4 19 5 13 -5 20 18 -10 11 12 -6 -1 22 -16 26 -18 25 -3 -8 -21 -15 24 -24 28 -13 -23 -2 -28
right_child=8 3 -4 6 10 -7 7 -9 9 -11 -12 16 -14 14 15 -17 17 -19 -20 21 -22 27 23 -25 -26 -27 29 -29 -30 -31
leaf_value=-0.084830131723250546 0.052578922129007423 0.0023335007074689659 -0.053891467006634157 -0.053137775630287334 0.05513495425576459 -0.053415725129208926 -0.0059507472170419011 -0.052673786199797158 0.03134082817222214 -0.04329076490041317 0.050141223140447735 0.024943120014705916 -0.055557775712552063 0.048965772668812135 0.03277488473600073 -0.056172182226307391 -0.05863458777351347 0.038100938883074045 0.0020397914808438842 0.0057779275649299114 0.048914859108229375 -0.052249619663357151 0.024363452131324445 0.050573725751240799 -0.027619498876855983 0.024418027294885195 0.053192625784777507 -0.015815950327011153 0.034225483317989282 0.040014570751100195
leaf_weight=0.34956300444900978 6.2297908663749659 0.52310505323111556 1.8251796346157778 1.1950356736779211 0.54465477168560061 1.988270523026588 0.54220514465123448 0.71782784163951863 1.8851411286741497 1.1103853657841671 3.7505290815606704 1.4214482298120854 1.5989789692684988 1.1825744360685351 0.7727018557488915 0.98232576344162592 0.89626458473503623 1.6948245726525781 0.88837349414825517 0.23615563567727349 1.9742373228073113 8.3331443648785388 0.4204398551955818 0.76842513773590315 0.62899168021976937 0.99099457822740067 1.97238129377365 0.39946913439780551 1.0551655814051626 1.0580761954188358
leaf_count=6 60 11 81 60 2 99 14 39 15 12 31 13 59 7 11 43 20 13 13 6 17 545 8 5 13 14 13 15 11 9
internal_value=0.00215144 -0.00831709 0.00684248 -0.0321169 0.0123766 -0.0107248 -0.00179921 0.01717 0.032952 0.0036763 0.0250428 0.0147961 -0.027433 0.00590224 0.0125718 -0.0170107 0.0276491 0.00463986 0.0425214 -0.0462645 0.0370932 -0.0490989 0.0298753 0.0174563 -0.00679327 0.0468668 0.0410408 -0.050583 0.0499206 0.0485915
internal_weight=47.9367 35.7768 21.8556 13.9212 20.0304 7.09329 4.42931 3.23427 12.1599 2.99553 12.9372 9.18663 2.14363 5.10502 4.75546 1.75503 7.04299 2.59109 9.16432 9.49187 2.51644 8.96877 3.00043 1.81786 1.04943 8.27595 4.45191 8.73261 7.28496 3.03046
internal_count=1265 1140 433 707 352 192 130 70 125 27 160 129 61 93 87 54 68 33 98 577 31 566 33 26 21 85 35 560 71 22
is_linear=0
shrinkage=0.05


Tree=64
num_leaves=31
num_cat=0
split_feature=39 43 37 48 36 48 25 31 25 20 5 15 39 40 36 17 15 37 32 19 42 17 22 36 0 36 34 17 27 43
split_gain=5.9215 4.72937 2.24562 2.39568 2.2419 2.06547 2.04357 1.60876 1.57097 1.49929 1.34513 1.23639 1.03036 1.04112 0.991767 1.6523 0.991263 0.887401 0.879883 0.862925 0.694126 0.59085 0.575565 0.53451 0.793007 0.440775 0.364556 0.830598 0.221721 0.348171
threshold=-0.11596874147653578 0.43563264608383184 1.0411947369575503 -0.7824108600616454 -1.5439995527267454 1.7440409660339358 -0.9061760902404784 1.0328896045684817 -1.5233168601989744 -1.5226978063583372 -1.422717213630676 0.68352231383323681 -0.26005721092224116 -0.27581211924552912 0.99150449037551891 -0.61729449033737172 -1.234529376029968 1.0423344969749453 -0.13337638974189756 -3.91754138469696 0.89384356141090404 -0.68627572059631337 -1.4047946929931638 1.0016608238220217 -0.95898163318634022 -0.55344840884208668 -1.358200669288635 -0.65593236684799183 -0.36839053034782404 0.85646235942840587
decision_type=2 2 2 2 2 2 2 2 2 2 2 2 2 2 2 2 2 2 2 2 2 2 2 2 2 2 2 2 2 2
left_child=1 2 3 20 7 9 16 -2 -5 11 -3 -4 28 21 -10 -16 -6 -11 -18 -13 -1 -14 -8 24 -7 -15 27 -24 29 -12
right_child=4 10 5 8 6 23 22 -9 14 17 12 19 13 25 15 -17 18 -19 -20 -21 -22 -23 26 -25 -26 -27 -28 -29 -30 -31
leaf_value=-0.0070866845075224227 -0.052320754048011599 -0.059974182703109197 0.052493377650089462 0.029155156486070467 0.054448671352869883 0.05327028155415249 0.0094506907390187831 0.043891963925498795 -0.052249944046830935 0.010468631505292821 0.0077978400964618015 -0.075085171354030089 -0.011150419525813417 0.027344126157265655 0.036004613330094713 -0.055785738993998496 0.045492820796159524 -0.058446110681413935 -0.052846689418111117 0.0090814840431248517 0.053936739499717015 0.042914608450642981 0.054633735675254286 0.04412254994486204 -0.018897045750364508 -0.054106306782797021 -0.053494493444620074 -0.054022839811454483 0.050664677737931464 0.051366360351833076
leaf_weight=0.76013296842574707 0.58804943133145493 0.35404172074049789 1.2517062202095988 0.93584313243627182 0.7771819382905959 0.63505160808563232 0.43057672027498206 1.6636786870658398 4.784017995931217 0.65210842993110274 0.84359913505613704 0.42549540568143118 0.65361058339476663 0.22660354804247618 0.97758092265576124 0.98351359274238326 0.33960636425763358 1.6467562615871427 0.6888213912025084 1.0712064206600187 1.2042872011661527 2.227669196203351 0.26421034336090088 4.1680209934711456 0.95025313738733508 0.62209843378513774 7.1080441335216191 0.52609517239033987 8.1350137982517463 1.0046301949769256
leaf_count=18 36 7 9 11 4 4 12 12 249 8 20 12 7 5 11 40 3 46 37 18 9 23 1 33 19 25 461 26 90 7
internal_value=0.00329382 0.0139372 -0.00141533 -0.01895 -0.026363 0.0142439 -0.0363898 0.0187656 -0.0315519 -0.00910071 0.0362512 0.0158223 0.0387355 0.0163133 -0.0399746 -0.0100294 0.0118322 -0.0388974 -0.0203731 -0.0148461 0.0303237 0.0306501 -0.0468438 0.0347236 0.0100122 -0.032359 -0.0499127 -0.0176974 0.047113 0.0314801
internal_weight=46.8995 34.5132 20.446 9.64538 12.3863 10.8006 10.1345 2.25173 7.68096 5.04727 14.0673 2.74841 13.7132 3.72998 6.74511 1.96109 1.80561 2.29886 1.02843 1.4967 1.96442 2.88128 8.32893 5.75333 1.5853 0.848702 7.89835 0.790306 9.98324 1.84823
internal_count=1263 671 487 338 592 149 544 48 311 93 184 39 177 60 300 51 44 54 40 30 27 30 500 56 23 30 488 27 117 27
is_linear=0
shrinkage=0.05


Tree=65
num_leaves=31
num_cat=0
split_feature=31 39 40 20 47 7 28 48 21 42 36 3 1 33 23 5 15 2 0 42 43 42 21 9 28 39 23 47 42 20
split_gain=6.05299 4.4877 3.64114 2.90424 2.0912 1.59628 1.54719 1.52521 1.30081 1.8884 1.0272 0.876294 0.849825 0.835785 0.799039 0.650728 0.629901 1.18309 1.08794 0.612181 0.536713 1.09112 0.47257 0.330356 0.325677 0.321835 0.536476 0.127988 0.107848 0.105466
threshold=1.3674087524414065 -0.19127560406923291 0.18751855939626697 0.21156301349401477 -1.4171867370605467 -0.84558385610580433 -0.093828421086072908 1.3351942300796511 -0.85045707225799549 0.88679862022399913 -3.2641253471374507 -0.32995165884494776 1.7343594431877138 -0.37121780216693873 0.40756954252719885 0.029830447398126129 0.67503923177719127 -0.78800195455551136 -0.82077601552009571 0.9244275987148286 0.33224651217460638 0.89198139309883129 -1.0000000180025095e-35 1.6392425298690798 -1.347688555717468 0.12669540196657184 0.47607831656932836 0.37924033403396612 0.88129737973213207 -0.994125336408615
decision_type=2 2 2 2 2 2 2 2 2 2 2 2 2 2 2 2 2 2 2 2 2 2 2 2 2 2 2 2 2 2
left_child=1 2 10 12 6 -5 7 -4 9 -3 -1 -9 15 20 24 -2 22 -18 -19 -10 21 -12 -13 -15 -7 29 -27 -22 -26 -17
right_child=3 8 4 5 -6 14 -8 11 19 -11 13 16 -14 23 -16 25 17 18 -20 -21 27 -23 -24 -25 28 26 -28 -29 -30 -31
leaf_value=-0.043204645807132173 0.0032481321539752448 -0.052823132555189216 -0.052913734982259077 0.028833925162443957 -0.052580414035965042 0.00095677413823894305 -0.056145679934763604 -0.052803165907978677 -0.053124239973578617 0.051769476784573235 -0.02958753854788311 0.052162364545032959 -0.010887176877167559 -0.029518930953453683 0.02403911559687082 0.051314782112005443 0.050188682775701557 0.029717861438542839 -0.073565894396167827 0.052255051175962242 0.052758441871110541 0.048676705359710318 0.008845487352540848 0.023614840678592083 -0.054868185620942533 -0.017676566860896727 0.050622703079114678 0.03454670147402978 -0.092133122885728391 0.040164430851355404
leaf_weight=0.49673812836408604 1.049062060192228 0.90231955423951304 0.90642380062490691 1.4348308164626362 3.1127301407977939 0.25337992981076274 1.1661473512649534 0.40746529307216306 7.0849739909172023 0.82715040445327759 0.7782587781548499 1.9444558871909969 0.85248519014567214 0.69829000253230666 0.42332947254180897 6.2956659607589218 0.71290563978254784 0.42004413716495026 0.64875484816730011 0.14055308699607838 3.2115263938903809 1.0410374067723749 0.93116166815161872 0.50344835594296455 1.4410826610401262 0.52592387702315935 0.63424309156835079 1.3789741266518829 0.22438734769821156 3.1978985555469999
leaf_count=10 17 45 46 18 197 3 46 17 503 4 16 13 13 16 8 71 5 4 16 1 25 7 16 4 72 17 4 13 2 35
internal_value=0.00166619 -0.0127324 0.00142258 0.0257457 -0.0183823 -0.0126959 -0.00346788 0.00681983 -0.0417512 -0.00279982 0.0264589 0.0175101 0.0373102 0.0310053 -0.0381372 0.0408211 0.0236617 0.000301048 -0.0329748 -0.0510744 0.0381793 0.0151968 0.0381358 -0.00725942 -0.0518543 0.0445208 0.0196615 0.0472877 -0.0598889 0.0475588
internal_weight=43.6456 27.3134 18.3584 16.3323 10.2501 3.77701 7.13736 5.97121 8.955 1.72947 8.10827 5.06479 12.5553 7.61154 2.34218 11.7028 4.65732 1.7817 1.0688 7.22553 6.4098 1.8193 2.87562 1.20174 1.91885 10.6537 1.16017 4.5905 1.66547 9.49356
internal_count=1264 1004 451 260 360 103 163 117 553 49 91 71 157 81 85 144 54 25 20 504 61 23 29 20 77 127 21 38 74 106
is_linear=0
shrinkage=0.05


Tree=66
num_leaves=31
num_cat=0
split_feature=39 49 31 31 49 46 42 20 32 33 46 6 0 0 26 36 27 1 33 5 15 17 21 46 6 27 11 21 25 23
split_gain=5.85689 3.59591 2.86237 2.00012 1.65393 1.52672 2.37619 1.32704 1.22676 1.24718 0.974285 0.957189 0.952027 0.871149 0.935601 0.776483 0.870619 1.13114 0.678999 0.604646 0.581776 0.485348 0.454239 0.448735 0.988521 0.396946 0.369469 0.29208 0.382291 0.244158
threshold=-0.11596874147653578 1.4425713419914248 0.88224595785141002 1.3674087524414065 -0.75987708568572987 -0.40872338414192194 0.89010810852050792 -0.085714299231767641 0.95413529872894298 1.2607774138450625 0.36825507879257208 1.7245252132415774 -1.0538322329521177 -0.84154576063156117 0.8756786882877351 -2.9473820924758907 0.57597303390502941 0.039953572675585754 0.84571295976638805 -0.48270499706268305 0.68352231383323681 -0.74140667915344227 -1.7641591429710386 -0.70843145251274098 -0.1765044033527374 -0.14312903583049771 1.5189640522003176 -1.0000000180025095e-35 0.009876010240986945 0.13353413343429568
decision_type=2 2 2 2 2 2 2 2 2 2 2 2 2 2 2 2 2 2 2 2 2 2 2 2 2 2 2 2 2 2
left_child=1 2 5 11 10 8 12 26 9 15 29 22 -7 14 21 -1 23 19 -15 -18 -11 -9 -2 27 -25 -8 -4 -17 -29 -5
right_child=3 -3 7 4 -6 6 25 13 -10 20 -12 -13 -14 18 -16 16 17 -19 -20 -21 -22 -23 -24 24 -26 -27 -28 28 -30 -31
leaf_value=-0.058853685070433273 -0.0052957244006671695 -0.053618492578493986 0.045585144973407633 -0.056017871352415663 -0.055039013366701688 0.045866392374993126 0.0055765047124236109 0.026298539084640599 -0.046641196131732246 0.017004266334208287 0.036084441549851139 0.0257058737497824 -0.053167842405711464 0.041994575746848062 0.04433883741532095 0.050546921448154737 -0.019487168658040357 -0.05739213735745146 -0.0057235564282154643 0.045522567421015299 -0.068975395741080928 -0.0642262465951179 -0.052744485122443341 -0.055329442335482683 0.042467012011535452 0.051490666707273591 0.016779541648977235 -0.018050939501216171 0.040340230902785074 0.00095029122562386749
leaf_weight=0.27132362872361859 0.5492662414908408 1.8778150295838703 9.6818360835313779 0.40777877345681268 1.0090955812484024 0.26369010843336216 1.1523954346776006 0.18033891264349211 0.77893569879233915 0.30373647157102901 2.1844322178512812 0.4597019338980316 3.0444153901189632 2.0386211359873427 0.37662886455655087 3.6471242662519181 0.55301191564649355 0.61663691699504841 1.1752665629610417 1.0125719886273146 0.55854014959186316 0.82740996498614539 6.174966066144405 0.39658326935023069 0.74153939168899963 0.79581507667899121 1.2577907666563977 0.39480060990899868 0.96660646796226501 0.34909787215292454
leaf_count=6 17 89 119 13 57 2 13 3 21 10 22 10 170 25 5 25 11 21 16 11 16 26 470 18 9 9 11 18 13 7
internal_value=0.00296509 0.0135695 0.0176347 -0.0283819 0.000195736 0.0024305 -0.0194751 0.0327997 0.0136733 0.0186383 0.0191455 -0.0440966 -0.0452738 0.0102614 -0.022898 0.0243861 0.0270978 -3.29346e-05 0.0245448 0.0225591 -0.0386891 -0.0480266 -0.0488687 0.0367299 0.00838946 0.0243318 0.0422732 0.0431698 0.0234071 -0.0297422
internal_weight=44.0478 32.9134 31.0356 11.1343 3.9504 15.4977 5.25632 15.5379 10.2414 9.46248 2.94131 7.18393 3.30811 4.59827 1.38438 8.6002 8.32887 2.18222 3.21389 1.56558 0.862277 1.00775 6.72423 6.14665 1.13812 1.94821 10.9396 5.00853 1.36141 0.756877
internal_count=1263 667 578 596 99 373 194 205 179 158 42 497 172 75 34 132 126 43 41 22 26 29 487 83 27 22 130 56 31 20
is_linear=0
shrinkage=0.05


Tree=67
num_leaves=31
num_cat=0
split_feature=42 39 49 0 0 36 43 37 49 29 48 23 31 36 46 46 20 2 17 31 21 11 39 29 36 2 1 16 29 18
split_gain=5.48169 3.85597 2.20499 1.60579 1.30048 2.02698 1.23056 1.8987 1.69577 1.60943 1.30752 1.22677 1.22638 1.34456 1.00542 0.928031 0.849739 0.82294 0.885698 0.567933 0.532486 0.581942 0.488165 0.453707 0.396335 0.226226 0.110814 0.0914623 0.0581489 0.0139214
threshold=0.88679862022399913 -0.11596874147653578 1.4425713419914248 -1.1219771504402158 -0.72249042987823475 -1.0000000180025095e-35 0.88588929176330578 1.0411947369575503 -0.71492916345596302 0.1774764955043793 1.7605182528495791 0.13353413343429568 1.3674087524414065 -1.4175792932510374 1.6483359932899477 -0.86706918478012074 -1.8337813615798948 -0.77436831593513478 -0.61407169699668873 -1.2880278825759885 0.33727525174617773 -0.61784362792968739 -0.1880020275712013 -1.2028769850730894 1.0016608238220217 -0.16488900780677793 1.5592408776283266 0.87107175588607799 0.76063027977943432 -1.5107104182243345
decision_type=2 2 2 2 2 2 2 2 2 2 2 2 2 2 2 2 2 2 2 2 2 2 2 2 2 2 2 2 2 2
left_child=1 2 3 25 -2 22 7 8 9 -5 11 -9 -3 -14 29 -13 -17 18 -10 -18 -11 -22 23 -6 -12 -1 -19 -8 -26 -15
right_child=4 12 -4 6 5 -7 27 10 17 20 24 15 13 14 -16 16 19 26 -20 -21 21 -23 -24 -25 28 -27 -28 -29 -30 -31
leaf_value=0.020451676421999639 0.051717485218582361 -0.05121150671784034 -0.053419167094230197 -0.05368338727193827 0.012164852220247446 -0.056356008082381837 0.030006940829484435 -0.05992246815163297 0.033933814631694759 0.043689183463639814 0.012677949076211443 0.046884013842188599 0.047123208101524552 -0.064528674308379858 0.013885921176614449 0.023520108432283433 -0.074365045088842854 -0.053172078289834938 -0.054549681470389459 -0.0007844908555749092 -0.035872669977970464 0.031101547929887664 0.0054174623657164463 0.051629108635541571 0.037928869477835442 0.051788634484518307 -0.013717537678426695 0.053127655256137885 0.052742980566248245 -0.052533970113950029
leaf_weight=0.82260311860591206 4.959830854088068 5.5003811893984693 1.6430227831006039 0.87024335935712693 1.0559564530849455 0.81344522442668488 0.84723990131169447 0.82811798434704487 0.68290526140481234 1.5587479025125504 1.3498020051047204 1.0454805865883832 0.73720307275652919 0.30414432287216242 0.82345063798129547 0.93471381720155511 0.59311030991375469 3.3826424377038968 0.48272818326950895 0.47010909859090932 0.59867961797863245 0.70780689269304276 1.5349888876080511 2.3470845185220246 1.2266566585749388 1.9205830805003703 0.18785094749182452 0.86388058215379715 1.4400852024555206 1.1820842036977406
leaf_count=16 62 486 85 36 8 18 14 23 10 11 18 10 5 3 15 17 12 201 29 9 15 6 13 26 10 20 5 6 10 69
internal_value=0.00211978 -0.00853362 0.00234474 0.00674665 0.0329565 0.0167777 0.00133568 -0.00288406 -0.0193207 0.00586818 0.0147685 -0.00596597 -0.0371153 -0.0116683 -0.0304333 0.00871568 -0.0112571 -0.0391877 -0.00271019 -0.0418309 0.0239555 0.000411526 0.0288251 0.0393834 0.0347545 0.0423916 -0.0510963 0.0416797 0.0459287 -0.0549886
internal_weight=41.7156 31.0043 22.457 20.814 10.7113 5.75148 18.0708 16.3597 8.4716 3.73548 7.88808 3.87153 8.54726 3.04688 2.30968 3.04341 1.99793 4.73613 1.16563 1.06322 2.86523 1.30649 4.93803 3.40304 4.01654 2.74319 3.57049 1.71112 2.66674 1.48623
internal_count=1268 1141 563 478 127 65 442 422 313 68 109 71 578 92 87 48 38 245 39 21 32 21 47 34 38 36 206 20 20 72
is_linear=0
shrinkage=0.05


Tree=68
num_leaves=31
num_cat=0
split_feature=39 31 49 23 46 42 1 15 4 39 33 37 34 6 14 0 1 41 36 17 4 11 5 42 23 41 48 12 16 15
split_gain=5.43497 3.64941 2.04061 1.93079 2.34424 1.5791 1.93899 1.41613 1.66602 1.31366 1.01429 1.01534 0.931904 0.908212 0.906848 0.881438 0.795141 0.717079 0.652791 0.53756 0.914579 0.514575 0.465445 0.458829 0.372347 0.57898 0.983014 0.409728 0.368222 0.109182
threshold=0.16161283105611804 0.62456980347633373 1.4200972914695742 -0.55155417323112477 -0.44423526525497431 0.90510186553001415 0.84650060534477245 -1.1940245032310484 -0.17899551242589948 -0.30695369839668268 1.1064780354499819 -2.0167409181594844 -0.044676424935460084 -1.38971871137619 -1.7024691700935362 -1.1447061896324155 0.16802491247653964 -0.26450599730014795 -2.1482727527618404 -0.67187565565109242 -0.17899046838283536 1.5152243971824648 0.29434297978878027 0.89659190177917492 -1.0000000180025095e-35 0.15753852948546412 2.0229144096374516 1.4273458123207095 -0.46880719065666193 -1.1298629641532896
decision_type=2 2 2 2 2 2 2 2 2 2 2 2 2 2 2 2 2 2 2 2 2 2 2 2 2 2 2 2 2 2
left_child=1 3 7 23 10 6 -6 -3 9 12 11 -5 -9 -10 -2 -11 19 -18 -16 -13 -21 -22 -12 -1 25 -15 27 -27 -14 -17
right_child=14 2 -4 4 5 -7 -8 8 13 15 22 16 28 24 18 29 17 -19 -20 20 21 -23 -24 -25 -26 26 -28 -29 -30 -31
leaf_value=-0.053111119415808643 0.025864992561251771 0.048504688528422317 -0.053834199861334586 -0.05877267295122194 -0.054272016824011643 0.032102052302125865 0.028832885139026335 0.051963402992713736 -0.015831114685885293 0.0533940225483195 -0.06876356127502746 0.049232987984007354 0.051668754053700944 0.045995469697965252 0.019920443487381072 -0.094874311663529137 0.039057023163693916 -0.057461414927530735 -0.052810943741220029 -0.052326807275244795 0.044367136751237907 -0.00016771720930750889 0.0093938324618713775 0.038251294907959976 0.04556221412504631 -0.05900327041659708 0.040791430013515935 0.005476146627885016 -0.052404526509282061 -0.052854745429128713
leaf_weight=2.427682325243953 0.44407774880528439 5.6910788156092211 0.79561772849410672 0.36511534079909314 3.6473401058465234 0.96770119294524182 0.86912873294204462 0.91068096458911896 0.98390233982354391 0.20261405408382671 0.47128621023148287 2.7715089367702599 0.10638398677110672 1.5776962842792275 0.32825537770986546 0.17632528208196396 0.31575597450137138 0.49272567965090264 5.1290357434190801 0.39220599550753821 1.8878016378730529 0.98811737541109312 0.31971176899969578 0.14566740579903115 4.060182458721096 0.5420763101428745 0.98473966121673584 0.45164594426751137 0.42264160932973294 1.2542562773451176
leaf_count=177 13 75 32 7 192 13 18 9 14 1 17 23 1 19 9 4 5 17 398 26 19 19 8 2 39 12 8 8 24 66
internal_value=0.00146949 0.00911133 0.0244671 -0.00825031 -0.000678319 -0.0258606 -0.0382797 0.0280548 0.0180848 -0.013516 0.0165755 0.0224696 0.0213033 0.0293759 -0.042845 -0.0442101 0.0268011 -0.0197657 -0.0484362 0.0330347 0.0192978 0.0290657 -0.0371733 -0.0479394 0.0352158 0.023403 0.00538698 -0.0296974 -0.031476 -0.0580338
internal_weight=40.123 34.2216 18.1598 16.0617 13.4884 5.48417 4.51647 17.3642 11.6731 3.0729 8.00423 7.21323 1.43971 8.60024 5.90137 1.6332 6.84812 0.808482 5.45729 6.03963 3.26813 2.87592 0.790998 2.57335 7.61634 3.55616 1.97846 0.993722 0.529026 1.43058
internal_count=1275 855 312 543 364 223 210 280 205 105 141 116 34 100 420 71 109 22 407 87 64 38 25 179 86 47 28 20 25 70
is_linear=0
shrinkage=0.05


Tree=69
num_leaves=31
num_cat=0
split_feature=31 39 42 43 35 47 49 4 20 39 6 39 35 32 17 6 25 5 36 26 45 33 47 38 45 35 15 23 10 46
split_gain=5.09647 3.2659 2.41926 2.16416 1.81433 1.55038 1.65347 1.30972 1.32704 1.12232 1.08522 1.06748 1.18556 1.02368 1.30746 0.986386 0.965471 0.861409 0.650318 0.629947 0.665457 0.563478 0.353375 0.561412 0.14441 0.0793229 0.0572467 0.0433735 0.0415247 0.0214243
threshold=0.62456980347633373 -0.20365498214960095 0.89384356141090404 0.33224651217460638 5.7572312355041513 0.52804893255233776 1.4200972914695742 -0.17899046838283536 0.4949426949024201 -0.37006738781929011 1.7245252132415774 -0.32101134955883021 -0.29207760095596308 -1.2108606696128843 -0.68041816353797901 -1.38971871137619 1.4248092174530032 -1.422717213630676 1.0071026086807253 -0.024377115070819851 -0.21404919028282163 -0.85547414422035206 0.38242745399475103 -0.56886753439903248 0.37022653222084051 4.9665839672088632 -1.0708847641944883 -0.48304535448551172 1.1892179250717165 -0.41620525717735285
decision_type=2 2 2 2 2 2 2 2 2 2 2 2 2 2 2 2 2 2 2 2 2 2 2 2 2 2 2 2 2 2
left_child=1 3 5 4 13 6 7 8 11 -7 -3 -2 -13 14 -1 -9 18 -5 -16 20 -17 -15 29 -24 27 -23 -10 -21 -4 -19
right_child=2 10 28 17 -6 9 -8 15 26 -11 -12 12 -14 21 16 19 -18 22 -20 24 -22 25 23 -25 -26 -27 -28 -29 -30 -31
leaf_value=0.028316585291812735 0.040497986574741032 -0.052429781910053978 0.051107612019093897 -0.058427523215039912 0.041174436638554128 0.049673988574494926 -0.054035691487646267 -0.01382519397542574 -0.085690998143128347 -0.051930889600471555 0.03406665811244345 -0.054977867681222904 0.020335336333049694 0.0080393791118282942 -0.052868348750896736 -0.020399046759237656 0.052771076385807691 0.053023520944371461 -0.00047538814607336145 0.04108295898977149 0.04155934661541405 -0.054002251840064686 -0.025922509882441415 0.046782385530002829 0.031004091850993926 -0.084670945700679179 -0.054995353742154356 0.05261260571288412 0.037059553769739871 0.043165525486624876
leaf_weight=1.5068042334169138 1.6121861590072493 5.6053287256509057 4.5195605270564547 0.25097876321524415 1.2263579173013566 0.33225153945386421 0.80338340066373426 1.0622131358832119 0.2175784558057785 1.4934795578010367 0.38771070260554541 0.94952127896249106 1.1620266381651196 0.38647296186536584 2.0238776979967961 0.84944046474993229 0.33010843768715847 1.3029978424310686 0.83729877695441235 1.0731101278215636 0.88476289343088843 2.2237294483929904 0.48358898796141203 0.58880709111690444 1.3159036142751572 0.2329215109348296 0.50313132582232345 3.4006103239953527 0.59532363340258587 0.95517225284129326
leaf_count=13 17 470 68 7 13 3 32 13 2 111 7 35 15 11 124 11 2 9 15 10 10 131 18 7 18 2 29 28 11 15
internal_value=0.00265907 -0.0165481 0.0196174 -0.00185033 -0.0152284 0.00986587 0.0155813 0.0198734 -0.00215923 -0.0334406 -0.046834 0.00986049 -0.0135315 -0.0244006 -0.0100699 0.0312783 -0.0281946 0.0308989 -0.037536 0.037646 0.0112111 -0.0480813 0.0376302 0.0139967 0.0455643 -0.05691 -0.0642622 0.049847 0.0494726 0.0488537
internal_weight=39.1166 18.3422 20.7745 12.3491 8.76757 15.6596 13.8339 13.0305 4.44444 1.82573 5.99304 3.72373 2.11155 7.54121 4.69809 8.58604 3.19128 3.58154 2.86118 7.52383 1.7342 2.84312 3.33057 1.0724 5.78962 2.45665 0.72071 4.47372 5.11488 2.25817
internal_count=1257 844 413 367 311 334 220 188 98 114 477 67 50 298 154 90 141 56 139 77 21 144 49 25 56 133 31 38 79 24
is_linear=0
shrinkage=0.05


Tree=70
num_leaves=31
num_cat=0
split_feature=31 39 42 39 43 33 37 43 6 21 33 0 36 0 30 27 21 3 0 40 43 41 36 34 14 39 38 23 26 42
split_gain=4.61392 2.9642 2.21854 1.9351 2.03713 1.87908 1.58807 1.10771 1.07335 1.0548 1.00275 1.72754 1.01256 0.939002 0.727555 0.739221 0.691491 0.675408 1.44545 0.481987 0.753761 0.461668 0.367511 0.552984 0.354989 0.369486 0.235899 0.195263 0.397032 0.14054
threshold=0.62456980347633373 -0.19127560406923291 0.89384356141090404 -0.32477989792823786 0.98245212435722362 -0.64782479405403126 1.0469335317611697 -0.77936205267906178 1.7245252132415774 -1.5485115051269529 0.84571295976638805 -0.93853282928466786 1.002510726451874 -1.1478865742683408 0.27287293970584875 0.40890669822692877 -0.16000325232744214 -0.31212134659290308 -0.80681225657463063 -0.78836563229560841 0.61951690912246715 0.89676493406295787 -1.0262963771820066 -0.63523533940315235 -1.5300126671791074 -0.22469491511583325 -0.64808642864227284 -0.34602771699428553 0.49786570668220526 0.89010810852050792
decision_type=2 2 2 2 2 2 2 2 2 2 2 2 2 2 2 2 2 2 2 2 2 2 2 2 2 2 2 2 2 2
left_child=1 5 3 10 9 7 14 -1 -3 -5 27 21 -13 -11 24 16 -16 -8 -19 -9 -21 -12 -6 -24 -7 -26 -18 28 -2 -15
right_child=2 8 -4 4 22 6 17 19 -10 13 11 12 -14 29 15 -17 26 18 -20 20 -22 -23 23 -25 25 -27 -28 -29 -30 -31
leaf_value=-0.053625677249753249 -0.005029080776810118 -0.052233836847598691 0.048525469006882545 0.01899984540667593 0.052786771514958135 0.01868595844096118 0.036114480858761053 0.051451498601569327 0.036062711783436889 0.035431279978627675 0.049869000907467688 -0.056128682293221932 0.019197238011358975 -0.0489598165333609 0.053703702844136642 -0.054371475416622843 0.025705747069705367 0.025355382083370959 -0.065938311160145507 -0.052410595635699268 0.041150091988157222 0.0031812592799148765 -0.022221730051506721 0.046000444531687952 -0.053550856845292753 0.023113170787618341 -0.052679384345404118 0.048874671563533423 0.049921386716085085 -0.086164187013109503
leaf_weight=0.36720405425876412 0.585629006847739 5.3251774716190985 4.6602489240467539 0.83178047090768803 0.89855821430683169 0.20138815045356695 1.5085822492837908 2.1303304191678771 0.36796962376683939 0.338180631399155 1.6941632134839895 1.1983419721946118 0.71075836941599835 2.8434362029656781 0.60995841026306141 0.50664998870342959 0.13963369419798244 1.1529873209074137 0.69487158767878998 0.33006167924031471 0.61898149084299803 0.7702248841524123 0.62067686859518301 0.56963547691702809 3.1269947313703592 0.16548162046820269 0.30704997293651104 2.9394240383990109 0.74930840078741312 0.27871568500995625
leaf_count=16 17 477 78 13 6 6 17 18 6 4 19 35 7 170 3 25 4 15 24 23 9 15 14 6 195 6 23 30 7 2
internal_value=0.00176803 -0.0168708 0.018385 0.00903888 -0.0118478 -0.00263524 -0.0153732 0.02846 -0.0465269 -0.0315564 0.0244505 0.00761858 -0.0280848 -0.0437089 -0.0330702 -0.00471831 0.0190899 0.011291 -0.00897483 0.0382484 0.00861122 0.0352771 0.0286485 0.0104267 -0.045756 -0.0496977 -0.0281761 0.0416728 0.0258149 -0.0522811
internal_weight=37.2424 17.5533 19.6891 15.0288 6.38098 11.8602 8.4136 3.44658 5.69315 4.29211 8.64785 4.37349 1.9091 3.46033 5.05716 1.56329 1.05664 3.35644 1.84786 3.07937 0.949043 2.46439 2.08887 1.19031 3.49386 3.29248 0.446684 4.27436 1.33494 3.12215
internal_count=1290 867 423 345 215 384 318 66 483 189 130 76 42 176 262 55 30 56 39 50 32 34 26 20 207 201 27 54 24 172
is_linear=0
shrinkage=0.05


Tree=71
num_leaves=31
num_cat=0
split_feature=39 42 26 23 45 36 22 16 2 46 33 17 47 29 20 2 21 29 47 42 22 1 27 44 26 32 48 42 21 0
split_gain=4.84863 2.6292 1.79009 2.07347 1.42817 1.29473 1.13932 1.09338 1.01003 1.20409 0.950402 0.89916 0.844634 0.829729 0.729296 0.721855 0.683035 0.867527 0.670632 0.847866 0.664979 0.520642 0.500635 0.471852 0.65617 0.457284 0.427832 0.3614 0.594479 0.764023
threshold=-0.028842920437455174 0.89384356141090404 0.37941730022430425 -0.34602771699428553 -1.0004698634147642 -1.5439995527267454 -1.1818064451217649 0.080561969429254546 -0.36418658494949335 -0.36298361420631403 -0.37889713048934931 -0.75761714577674855 -1.5949105024337766 0.67676410079002391 -1.2785055637359617 -0.78800195455551136 -0.78898501396179188 0.97630077600479137 -1.5790823101997373 0.89010810852050792 -0.45902933180332178 -1.8989608883857725 -0.67789962887763966 -0.79591244459152211 2.2917944192886357 -1.4952208399772642 -0.76913157105445851 0.38859720528125768 -0.22049245238304135 -1.0538322329521177
decision_type=2 2 2 2 2 2 2 2 2 2 2 2 2 2 2 2 2 2 2 2 2 2 2 2 2 2 2 2 2 2
left_child=1 2 3 14 -5 13 -7 12 9 15 22 -10 -6 -2 -1 -4 -14 18 -18 -20 -17 -13 -3 24 -23 -16 -9 -25 -29 -30
right_child=5 10 8 4 7 6 -8 26 11 -11 -12 21 16 -15 25 20 17 -19 19 -21 -22 23 -24 27 -26 -27 -28 28 29 -31
leaf_value=0.039970150909226558 -0.051176799344617788 0.011961058913213744 0.042060465675660547 -0.053508398710406628 -0.080397139716689298 0.026854248396097492 -0.052269529706945643 0.038498730563748425 -0.058083392929920701 -0.042422727473862908 -0.023800151020930124 -0.059311971704281576 0.043529194309826276 0.042553502811159175 0.038176758676061302 0.051983017484622501 0.054489770630992966 0.034136154644045076 -0.053680835939895512 0.051888839913925115 -0.045863263766734989 -0.051555258037042799 0.049042290127082264 0.044915740561883709 0.052133516213543001 -0.052213215773034387 -0.053855549055117219 0.053835352050476515 0.052497427921861073 -0.053255108514852448
leaf_weight=0.25021515320986543 0.34208182571455814 1.0985844265669582 1.2697182483971121 0.97034644614905285 0.20310667436570096 0.4973543221130966 5.3371076402254394 0.14959097560495138 0.29126333072781552 1.3347740815952418 0.58674934227019448 0.15355047583580006 2.3830001121386899 0.76218289509415627 0.14606324909254986 0.24424369633197796 0.25735586881637718 1.5508966483175755 1.0250117885880143 0.23352015763521183 0.60072975698858522 0.35885634506121267 5.3090753927826881 4.5380792832002026 0.26543613523244858 3.3278539502061917 0.77546559181064356 0.55917817354202271 0.26937288790941238 0.46668181475251891
leaf_count=5 32 14 16 48 5 12 490 4 6 54 13 2 23 7 3 2 1 19 54 2 29 24 81 56 2 186 47 3 2 29
internal_value=0.00136886 0.0104602 0.00184115 -0.0119448 0.00311774 -0.0361284 -0.0455247 0.011471 0.016853 -0.00523986 0.0371075 0.0278939 0.0197172 0.0135175 -0.0424745 0.0182296 0.0234484 0.00784487 -0.0190536 -0.0340924 -0.0175803 0.0316817 0.0426848 0.0338454 -0.00746895 -0.0484127 -0.0389209 0.0382669 0.0149716 -0.014553
internal_weight=35.5574 28.6187 21.6243 11.2724 7.54829 6.93873 5.83446 6.57795 10.3519 3.44947 6.99441 6.90242 5.65289 1.10426 3.72413 2.11469 5.44978 3.06678 1.51589 1.25853 0.844973 6.61116 6.40766 6.4576 0.624292 3.47392 0.925057 5.83331 1.29523 0.736055
internal_count=1271 730 622 397 203 541 502 155 225 101 108 124 104 39 194 47 99 76 57 56 31 118 95 116 26 189 51 90 34 31
is_linear=0
shrinkage=0.05


Tree=72
num_leaves=31
num_cat=0
split_feature=42 29 46 2 26 47 4 20 17 23 5 36 42 12 26 20 32 9 35 16 20 26 48 40 9 5 30 45 33 36
split_gain=4.39215 2.53967 1.78237 1.74728 1.23385 1.22216 1.24254 1.25254 1.22205 1.24174 1.13172 1.03901 0.979112 0.840684 0.817919 1.43935 0.578439 0.516486 0.472194 0.455005 0.409169 0.379684 0.369355 0.360887 0.306765 0.526434 0.2896 0.13074 0.170058 0.114308
threshold=0.89617446064949047 0.97630077600479137 -0.44423526525497431 -0.61884307861328114 0.43804323673248297 0.69682240486145031 -0.17899551242589948 -1.3681114315986631 -0.66426151990890492 -0.27751887589693064 0.22942814975976947 0.26877225935459143 0.88870978355407726 1.4360260367393496 0.81519952416419994 -1.8196462988853452 0.92923328280448925 -0.99961474537849415 -0.25236147642135615 -0.39589492976665491 0.89184221625328075 -1.0000000180025095e-35 -0.81104016304016102 -1.1201907396316526 0.47732207179069525 -0.2845028936862945 1.130208492279053 -0.34557418525218958 -0.84482726454734791 0.99246951937675487
decision_type=2 2 2 2 2 2 2 2 2 2 2 2 2 2 2 2 2 2 2 2 2 2 2 2 2 2 2 2 2 2
left_child=1 2 4 17 8 6 7 -5 9 -1 26 20 13 -4 27 -16 -17 -3 -8 -20 -2 -21 -19 -12 25 -11 -9 -6 -29 -23
right_child=11 3 12 5 14 -7 18 10 -10 24 23 -13 -14 -15 15 16 -18 22 19 21 -22 29 -24 -25 -26 -27 -28 28 -30 -31
leaf_value=-0.05472062998879438 0.050462238069750934 0.052249800446375075 -0.051799872185407284 0.050513155771035247 0.050293084396559065 -0.052068947680856403 0.049861512189675702 0.053319589434303365 -0.05224977540357089 0.041260544851266179 0.051238527623439778 -0.022348068605935571 0.0096453901096182557 0.0087687409476667564 0.047039524357547068 -0.05623778104269507 0.032192501282066494 0.051348212688103217 -0.0046532068977665755 0.0060415492255883902 0.014638895037031557 0.028390266062314446 -0.055024851651088946 -0.05797144021242262 0.047939707196232417 -0.024994242022486089 -0.0043580241453282783 0.052062988192967008 0.0057924928944889931 0.051537234115502345
leaf_weight=0.74369434919208321 5.152773603796958 0.14025355875492085 5.5237772990949461 0.76390904560684969 1.1183696649968622 0.59166526515036899 2.6852218313142657 0.38442546129226673 1.9354676329530756 0.56690087867900718 0.080288216471670393 0.63370393589138974 0.92514778301119793 0.63919169129803766 0.77474517002701793 1.0042564384639261 0.226663019042462 0.087025687098503002 1.0965464944019911 0.95959483645856414 0.94296494498848904 0.82296674884855692 1.3102934542112059 1.3083324665203704 0.69524008687585581 0.63635637331753958 0.50160147435963154 0.32863550633192051 0.50176998646929905 1.5157099068164823
leaf_count=49 83 1 508 8 9 44 29 2 168 7 1 15 9 18 6 49 3 1 19 12 9 13 67 66 8 13 19 3 19 15
internal_value=0.00233251 -0.00642182 -0.0197875 0.010624 -0.0043931 0.0177795 0.0218638 -0.00488166 -0.0220655 4.52567e-05 -0.0234852 0.038586 -0.038318 -0.045518 0.0160644 -0.00635034 -0.0399541 -0.0392189 0.0333422 0.0232489 0.0449206 0.0325253 -0.0483999 -0.0516571 0.0214986 0.00622094 0.0206669 0.0391336 0.0241042 0.043392
internal_weight=34.5975 27.8681 15.6202 12.2478 8.5321 10.7103 10.1186 3.03856 4.57766 2.64219 2.27465 6.72944 7.08812 6.16297 3.95444 2.00566 1.23092 1.53757 7.08004 4.39482 6.09574 3.29827 1.39732 1.38862 1.8985 1.20326 0.886027 1.94878 0.830405 2.33868
internal_count=1273 1166 869 297 334 228 184 96 245 77 88 107 535 526 89 58 52 69 88 59 92 40 68 67 28 20 21 31 22 28
is_linear=0
shrinkage=0.05


Tree=73
num_leaves=31
num_cat=0
split_feature=42 31 38 46 20 3 33 36 49 24 32 2 17 36 48 34 36 46 36 4 20 2 25 26 23 2 46 33 28 43
split_gain=3.66162 2.39308 2.2981 1.45837 1.24623 1.24723 1.16267 1.03205 2.43814 1.25962 0.953968 1.10651 0.993597 0.931032 0.689124 0.732658 0.577771 0.543887 0.498923 0.441282 0.646581 0.43004 0.699801 0.335071 0.263654 0.289837 0.11304 0.0928435 0.0616852 0.054221
threshold=0.88679862022399913 0.62456980347633373 -0.57756215333938588 -0.23364006727933881 0.48886829614639288 -0.27492760121822352 1.1064780354499819 0.99612027406692516 -0.73740315437316883 -0.65727898478507985 -1.2635728716850279 -0.78800195455551136 -0.6960204243659972 0.9899924397468568 -0.57072907686233509 -0.41380494832992548 0.11312000453472139 -0.75482773780822743 1.0085023641586306 -0.13748517632484433 -0.47824928164482111 -0.80581837892532338 1.4248092174530032 1.3267713785171511 0.27055186778306967 -0.38775353133678431 0.43905901908874517 1.1064780354499819 -3.9518604278564449 1.1415938735008242
decision_type=2 2 2 2 2 2 2 2 2 2 2 2 2 2 2 2 2 2 2 2 2 2 2 2 2 2 2 2 2 2
left_child=1 2 -1 6 16 -6 10 8 9 -3 11 21 -13 23 24 -16 29 -9 28 -12 -21 22 -4 -10 25 -11 -27 -19 -8 -2
right_child=4 7 3 -5 5 -7 18 17 13 14 19 12 -14 -15 15 -17 -18 27 -20 20 -22 -23 -24 -25 -26 26 -28 -29 -30 -31
leaf_value=-0.051356011743286849 0.051615250300869858 -0.052816476565106164 -0.05220981082633367 -0.051528529138288953 0.029315287570034237 -0.047100457453311664 -0.087669401605189254 0.004226317332171518 -0.053532162645568759 -0.004582070517043923 0.047262161903268068 0.052040665023908056 -0.056319068937366781 0.0091564216799042905 -0.052778196940171357 0.037977714014812369 0.0027108422999442012 0.051586096303482647 0.025335222915365149 0.036215426688229739 -0.052029182680764653 0.053878372945690901 0.054905490026009557 0.016044691057127716 0.05130673889367187 0.020892605815472965 0.049516459646171775 0.031868801023316844 -0.052119412278179067 0.034184635546621392
leaf_weight=4.3697415851056549 4.6636729314923269 0.5239992095157503 0.339281199965626 1.473356915172191 1.4124871362000706 0.85853740386664856 0.14362463355064392 1.3056194055825474 2.3889275398105383 0.5779289798811077 1.8927400195971134 0.25606310367584173 1.216972829308361 0.96195231564342965 0.47996620927006006 0.41435825079679389 0.74026367161422957 1.5490705519914638 0.22474400233477354 0.58355892263352882 0.32218691473826788 0.66636940836906411 0.2769431471824646 0.18655302375555027 1.8940533213317392 0.59653158904984616 0.81774488277733326 0.97143251821398724 0.81130805797874905 0.49334718659520138
leaf_count=459 72 25 22 140 16 11 1 18 154 17 20 2 57 14 28 5 14 15 5 6 28 3 1 4 20 15 7 12 65 10
internal_value=0.00280031 -0.00661479 -0.0220649 -0.00646935 0.0318987 0.000427103 0.00338961 0.00872401 -0.000663862 0.020777 0.0129647 -0.00791772 -0.0374825 -0.0328157 0.0288436 -0.0107292 0.0440183 0.030419 -0.0416915 0.0335273 0.00482554 0.0260369 -0.00407012 -0.0484924 0.0379503 0.0252518 0.0374431 0.0439868 -0.0574662 0.0499477
internal_weight=33.4133 25.245 12.5769 8.20715 8.16831 2.27102 6.73379 12.6681 8.84202 5.30458 5.55412 2.75563 1.47304 3.53743 4.78058 0.894324 5.89728 3.82612 1.17968 2.79849 0.905746 1.28259 0.616224 2.57548 3.88626 1.99221 1.41428 2.5205 0.954933 5.15702
internal_count=1266 1143 809 350 123 27 210 334 289 117 139 85 59 172 92 33 96 45 71 54 34 26 23 158 59 39 22 27 66 82
is_linear=0
shrinkage=0.05


Tree=74
num_leaves=31
num_cat=0
split_feature=39 43 37 42 31 49 27 4 43 21 33 39 15 5 26 16 46 47 31 47 2 46 23 0 5 14 40 17 42 42
split_gain=3.39207 2.7566 2.26998 1.77506 1.64851 1.35234 1.27327 1.34511 1.2674 1.27328 1.05186 0.883834 0.884215 1.26527 0.876766 0.843883 0.850064 0.517846 1.04655 0.360765 0.342565 0.270888 0.245819 0.176356 0.0814718 0.0713693 0.0375942 0.0302291 0.0234079 0.007564
threshold=-0.054377619177103036 0.43563264608383184 1.0411947369575503 0.85420247912406932 0.67171961069107067 1.4200972914695742 -0.73121172189712513 -0.17878711223602292 0.92544731497764599 -1.7156569957733152 -0.57052376866340626 -0.25299327075481409 -1.1940245032310484 1.714001536369324 1.5091900825500491 -0.014741381164640186 -0.40250895917415613 -1.4586865901947019 1.229182302951813 -1.5790823101997373 0.43334297835826879 1.3476175069808962 -0.071992371231317506 -1.1155098080635069 -0.80252718925476063 0.20190737396478656 -0.99064427614212025 -0.70250022411346424 0.89010810852050792 0.88679862022399913
decision_type=2 2 2 2 2 2 2 2 2 2 2 2 2 2 2 2 2 2 2 2 2 2 2 2 2 2 2 2 2 2
left_child=1 2 3 14 29 15 7 25 9 -6 -5 24 -13 26 19 17 -17 22 -19 -1 -16 -10 -4 -21 -8 -3 -14 -24 -11 -2
right_child=4 6 5 10 8 -7 11 -9 21 28 -12 12 13 -15 20 16 -18 18 -20 23 -22 -23 27 -25 -26 -27 -28 -29 -30 -31
leaf_value=-0.0057657968392320503 -0.050763499699429782 -0.024745425173133037 0.021355982087027287 0.044141502901865061 0.037371054981886413 -0.053264411175566677 0.032575810130132554 0.041264234260198367 0.0067248560871107617 -0.052236543733646924 -0.032123906622302766 0.045277185063696344 -0.079898621019727445 0.034879113156252368 -0.028189311257121735 0.018137322244442405 -0.054905300294301199 -0.055240475571249996 0.036790428238481859 -0.0070031475475633769 0.044151980062812013 0.045734928646585848 0.042792930680416626 -0.0530213723960846 0.051023186497674594 -0.057036448838197418 -0.052967110519092912 0.053140774714609852 -0.074473868861409151 -0.057746493256338988
leaf_weight=0.50585368694737454 3.1145858033560212 0.2263467968441546 1.1153810247778886 1.3025788804516194 0.50662844907492433 0.64040016196668137 0.6718319607898583 0.73895241692662128 0.87838389817625262 1.3951792591251435 0.69245371501892794 1.2493825964629652 0.17016972415149212 0.71032623201608658 0.27291433047503222 1.1257466133683918 0.6164445737376808 0.46492016920819945 0.92056660912930965 0.22008410282432889 0.40874328836798668 0.90199816226959229 1.1878594271838658 3.8540523508563678 5.4847672549076378 0.70124745229259133 0.54326597927138098 1.7390261963009837 0.12930969893932331 0.44295274280011643
leaf_count=14 404 11 16 17 7 31 11 15 17 119 16 14 2 8 18 15 31 19 11 9 5 8 14 285 89 24 32 10 1 8
internal_value=0.00273331 0.011349 -0.00235519 -0.0224894 -0.0271545 0.0163517 0.0310208 -0.0090639 -0.00430709 -0.0313011 0.0176706 0.0385864 0.0145793 -0.0123588 -0.0377166 0.0225696 -0.00770756 0.0322879 0.00590812 -0.0455907 0.0151888 0.0264886 0.0413296 -0.0505355 0.0490101 -0.049157 -0.0593909 0.0489412 -0.0541228 -0.051633
internal_weight=32.9324 25.5633 15.067 7.25668 7.36904 7.81034 10.4963 1.66655 3.8115 2.03112 1.99503 8.82974 2.67314 1.42376 5.26165 7.16994 1.74219 5.42775 1.38549 4.57999 0.681658 1.78038 4.04227 4.07414 6.1566 0.927594 0.713436 2.92689 1.52449 3.55754
internal_count=1281 717 511 364 564 147 206 50 152 127 33 156 56 42 331 116 46 70 30 308 23 25 40 294 100 35 34 24 120 412
is_linear=0
shrinkage=0.05


Tree=75
num_leaves=31
num_cat=0
split_feature=39 42 31 46 23 49 36 17 36 5 37 49 25 39 17 12 31 5 18 27 20 25 6 17 48 4 42 43 20 36
split_gain=3.67374 2.34698 1.59764 1.81269 1.32193 1.16203 1.14225 1.11189 0.966687 0.913809 0.871742 1.31928 1.76535 0.977584 0.988382 1.07597 0.751036 0.638218 0.525636 0.510546 0.983023 0.478874 0.391543 0.561477 0.304232 0.219717 0.153891 0.11254 0.0964482 0.0409036
threshold=0.16161283105611804 0.89617446064949047 0.51575326919555675 -0.44423526525497431 -0.55155417323112477 1.4200972914695742 0.26877225935459143 -0.77048379182815541 -1.5439995527267454 0.89669334888458263 1.0416296720504763 -0.71492916345596302 -1.0241779088973997 -0.26830688118934626 -0.66895246505737294 -0.76460143923759449 1.3674087524414065 1.1302197575569155 -2.3266220092773433 0.19718074053525927 -1.714368939399719 1.3478350639343264 -0.54610025882720936 4.1232662200927743 1.8525366187095644 -0.17899879068136212 0.89010810852050792 0.92544731497764599 -1.4415619969367979 1.0039024949073794
decision_type=2 2 2 2 2 2 2 2 2 2 2 2 2 2 2 2 2 2 2 2 2 2 2 2 2 2 2 2 2 2
left_child=1 2 3 4 17 10 21 -6 16 26 11 13 -13 -4 -15 28 -2 -1 -10 22 -21 -3 23 -9 -12 -24 -5 -17 -16 -27
right_child=8 6 5 9 7 -7 -8 19 18 -11 24 12 -14 14 15 27 -18 -19 -20 20 -22 -23 25 -25 -26 29 -28 -29 -30 -31
leaf_value=-0.053170352817867722 -0.051697224199939787 0.051305374737155129 0.049319406226528535 -0.052068248269518572 -0.06559449576397415 -0.052975202299023395 -0.028341510505337078 -0.054096019963730958 0.045426057022928595 0.043096136727925054 0.018913655249961636 0.031192774121617001 -0.054094102738084862 -0.064210898362700969 -0.010350958302685426 0.024496235898354916 0.0461632013981714 0.052640530165102964 -0.052422374147259199 0.046988596518010697 -0.051942269079565562 0.0025902867379458917 0.007886343778035031 0.039816533609895052 0.051133201374689935 0.039758106896775919 -0.0050749522443003826 0.052085382200076871 -0.054079236673266966 0.052961683288456587
leaf_weight=1.1752006188035009 0.30921633355319489 4.581548072397708 2.1985615417361259 2.9874956547282681 0.38581320643424977 0.59162270138040263 0.57534885499626387 0.29312219377607096 0.14258662238717112 0.29206027090549458 1.1002030661329629 1.0141286519356063 1.5104102855548245 0.44174208678305182 0.18617072002962276 0.64531940454617009 0.53575360402464867 0.16217757761478413 3.6682695713825515 0.450100127607584 0.56792092090472557 0.56688751652836789 0.44203334162011731 0.34824103768914938 2.1932020485401154 1.1811892492696707 0.18500196933746327 0.86522267013788223 0.39079244807362568 1.1651932820677755
leaf_count=100 31 78 26 269 10 31 15 18 2 4 13 11 90 10 7 16 4 1 385 4 40 11 19 6 24 21 3 8 17 8
internal_value=0.00292825 0.0101257 0.00231445 -0.0125934 0.00365614 0.015212 0.0384746 0.0158289 -0.0380332 -0.0415366 0.0190373 0.00934992 -0.0198336 0.0249333 0.00373546 0.0181137 0.0103512 -0.0403392 -0.0487613 0.0228918 -0.00820172 0.0459414 0.0321209 -0.00310431 0.0403699 0.040223 -0.0493279 0.040299 -0.0399693 0.0463149
internal_weight=31.1525 26.4967 20.7729 9.63555 6.17099 11.1374 5.72378 4.83361 4.65583 3.46456 10.5458 7.25235 2.52454 4.72781 2.52925 2.08751 0.84497 1.33738 3.81086 4.4478 1.01802 5.14844 3.42978 0.641363 3.29341 2.78842 3.1725 1.51054 0.576963 2.34638
internal_count=1282 860 756 503 227 253 104 126 422 276 222 185 101 84 58 48 35 101 387 116 44 89 72 24 37 48 272 24 24 29
is_linear=0
shrinkage=0.05


Tree=76
num_leaves=31
num_cat=0
split_feature=31 39 42 6 46 23 2 20 7 20 27 33 42 6 33 2 5 33 45 27 45 0 1 0 11 48 6 46 46 18
split_gain=2.86063 2.35532 1.85708 1.28005 1.51576 1.16966 1.35603 0.961238 1.20862 0.951875 1.33111 0.875252 0.864406 0.846636 0.78875 0.738411 0.70615 0.536302 0.433628 0.900607 0.568984 0.340666 0.332318 0.430066 0.353323 0.196229 0.178965 0.135333 0.130435 0.089743
threshold=0.62456980347633373 -0.1880020275712013 0.89384356141090404 1.1250693798065188 -0.40872338414192194 -1.0000000180025095e-35 -0.60456243157386769 0.11509769782423974 -1.122816205024719 -1.8196462988853452 0.31785030663013464 1.1064780354499819 0.52296096086502086 1.7245252132415774 -0.85547414422035206 1.5940232872962954 1.0299929380416872 -0.85547414422035206 -0.59015503525733937 0.87467953562736522 0.67833435535430919 1.441482722759247 0.76927626132965099 -1.0538322329521177 -0.63772934675216664 -0.84394922852516163 -0.54610025882720936 -0.86706918478012074 -0.73151981830596913 0.49404011666774755
decision_type=2 2 2 2 2 2 2 2 2 2 2 2 2 2 2 2 2 2 2 2 2 2 2 2 2 2 2 2 2 2
left_child=1 3 5 4 9 6 -2 22 28 -1 11 12 26 -3 -7 -10 25 -12 19 -16 29 -14 23 -8 -25 -6 -11 -13 -9 -20
right_child=2 13 -4 -5 16 14 7 8 15 10 17 27 21 -15 18 -17 -18 -19 20 -21 -22 -23 -24 24 -26 -27 -28 -29 -30 -31
leaf_value=0.041854852764487444 -0.055854551414522571 -0.051924468300751571 0.049106430781563862 0.044368229230707136 0.05071150949981882 -0.023433291011091734 0.051096775163276965 0.048199513639166164 -0.055906985704961658 0.0088127382337609087 0.039360532352635091 -0.010114461854549797 0.0098406851668023168 0.035064160349579682 -0.053537470187071827 0.026525950416242335 0.045782890192328146 -0.0556339908792782 0.050488999262265126 0.039140437041560727 -0.0013568094353700847 -0.059158062824901408 0.043329477849477091 0.04355608421039367 -0.053348680385357387 -0.05245679723292606 0.042995457172960376 -0.064189878348320697 0.011932563834504778 0.03283789436087322
leaf_weight=1.3382899723947037 1.2021210198290635 3.9631421682424852 3.374833533540369 1.321906676981597 0.047087773680687728 0.80965648731216777 0.28080707788467418 0.44470232026651502 1.456607636529953 0.4816999440081412 0.16718244738876831 0.16711798589676619 0.33778488123789419 0.30095308739691962 0.44339045369997598 0.33395094797015201 0.20935967285186041 1.3350922986865039 2.4767995588481426 0.64123179949820042 0.80145203741267312 0.38029145263135433 1.3741645030677316 0.12925551086664211 0.34548236522823583 2.1758471587672821 1.8670498640276507 0.37607258744537819 0.56026450358331115 1.0152934528887265
leaf_count=15 56 468 71 25 1 19 4 5 100 16 2 13 12 6 19 9 2 71 24 10 15 9 22 2 19 169 27 19 17 26
internal_value=0.00145874 -0.0145769 0.0162464 -0.00153657 -0.0083679 0.00724145 -0.00824357 0.00337703 -0.0159027 0.00431495 -0.0055122 0.0109462 0.0213075 -0.0457849 0.0225751 -0.0405327 -0.0420035 -0.0450624 0.0295015 0.00125398 0.0366373 -0.0267009 0.0286842 0.00204776 -0.0269647 -0.0502714 0.035985 -0.047553 0.0279809 0.0453571
internal_weight=30.1589 14.4689 15.69 10.2048 8.88288 12.3152 6.12736 4.92523 2.79553 6.45058 5.11229 3.61002 3.06683 4.2641 6.18782 1.79056 2.43229 1.50227 5.37817 1.08462 4.29355 0.718076 2.12971 0.755545 0.474738 2.22293 2.34875 0.543191 1.00497 3.49209
internal_count=1273 855 418 381 356 347 234 178 131 184 169 96 64 474 113 109 172 73 94 29 65 21 47 25 21 170 43 32 22 50
is_linear=0
shrinkage=0.05


Tree=77
num_leaves=31
num_cat=0
split_feature=39 43 47 15 21 15 47 48 46 6 27 0 13 6 42 6 46 13 40 39 39 25 35 19 11 36 21 7 0 23
split_gain=2.81945 2.40478 1.56517 1.69576 1.40796 1.38987 1.33527 1.1494 1.01037 1.12335 0.945028 0.750152 0.685077 0.715873 0.645035 0.634267 0.632588 0.624828 0.585178 0.415186 0.703997 0.370221 0.349515 0.707623 0.33125 0.262654 0.2401 0.171734 0.147293 0.0901261
threshold=-0.11596874147653578 0.46491308510303503 0.41003356873989111 0.45815873146057134 -0.85045707225799549 -1.2172050476074217 -1.4171867370605467 1.3351942300796511 1.3476175069808962 -0.76367157697677601 -0.61867317557334889 -0.74373131990432728 1.8871096372604372 -1.2697436213493345 0.30648577213287359 0.96742248535156261 -0.93776744604110707 1.1600558161735537 -1.0866409540176389 -0.25299327075481409 -0.18380060046911237 -1.5233168601989744 0.6110154688358308 -3.7524623870849605 1.5168067216873171 -1.5439995527267454 -1.2741965651512144 0.75840330123901378 -0.43938484787940973 -0.75708070397377003
decision_type=2 2 2 2 2 2 2 2 2 2 2 2 2 2 2 2 2 2 2 2 2 2 2 2 2 2 2 2 2 2
left_child=1 2 3 11 5 -2 7 -5 -6 29 14 27 13 -9 -3 -16 -15 18 -13 -12 -21 -20 24 -24 -18 -7 -19 -1 -25 -10
right_child=4 10 -4 6 8 25 -8 12 9 -11 19 17 -14 16 15 -17 22 26 21 20 -22 -23 23 28 -26 -27 -28 -29 -30 -31
leaf_value=0.051578674943692927 0.043907826919788923 0.047345947375752935 -0.051969765432450091 -0.051693404383187064 -0.051558891390677632 0.018631387566027068 -0.053282715766594907 -0.058918541436096927 0.052847882635401723 -0.055837285653541915 0.048282318978093389 0.05172652465207761 0.046409026946756658 -0.03470041339319873 -0.054691762258561372 0.013209010110159188 0.00030333624950099948 0.051228467411278671 0.028363506598927182 -0.025645299744605023 0.04442142560647741 -0.054087791790783039 0.048781818045315936 -0.0076938862893946528 0.05010299160705526 -0.053759860105269508 0.0096602530687257462 0.024260247304317611 -0.058778577529853375 0.020117198929756139
leaf_weight=1.9452917752787473 1.2469660118222239 0.55436574481427658 1.3847073446959246 0.91724359849467951 3.8203459386713794 0.15460831951349985 1.5297990450635541 0.45788181759417179 0.346952885389328 0.59681435348466016 5.0252476669847956 0.21927114576101303 0.99175430834293354 0.68433465063572096 0.6096447301097212 0.78906918782740831 0.48883480159565618 0.6259708646684885 0.16620127577334642 0.56752948276698589 0.9733389876782883 0.75288124708459336 0.38480422832071781 0.23465316835790873 1.0536935753189025 0.66099418140947797 0.78055440727621295 0.8168601794168352 0.35393724218010891 0.53406699979677796
leaf_count=22 11 8 120 70 478 5 113 13 2 45 94 2 9 19 27 18 19 5 4 13 18 39 3 6 10 43 15 16 14 18
internal_value=0.00249862 0.0113525 -0.00155124 0.0040772 -0.0243345 0.0107134 -0.0119096 -0.000540656 -0.0379786 -0.00287234 0.0322378 0.0254559 0.0095498 -0.000443071 0.00170359 -0.0163863 0.0079234 0.00587155 -0.0216677 0.0413202 0.0186146 -0.0391778 0.0195171 -0.00394277 0.0343212 -0.0400371 0.0281601 0.0434997 -0.0384127 0.0330068
internal_weight=29.6686 22.3079 13.7887 12.404 7.36075 2.06257 7.09694 5.56714 5.29818 1.47783 8.5192 5.30703 4.64989 3.65814 1.95308 1.39871 3.20026 2.54488 1.13835 6.56612 1.54087 0.919083 2.51592 0.973395 1.54253 0.815603 1.40653 2.76215 0.58859 0.88102
internal_count=1279 677 499 379 602 59 276 163 543 65 178 103 93 84 53 45 71 65 45 125 31 43 52 23 29 48 20 38 20 20
is_linear=0
shrinkage=0.05


Tree=78
num_leaves=31
num_cat=0
split_feature=31 42 47 44 47 49 45 1 6 48 45 11 21 43 27 27 28 5 20 6 4 23 9 14 27 47 28 26 40 17
split_gain=3.21198 1.8166 1.15319 1.22976 1.05273 1.22038 1.16619 0.775467 0.808389 0.919738 0.731817 0.690187 0.6274 0.581798 0.546545 0.97871 0.649169 0.681142 0.581477 0.429062 0.41957 0.948639 0.61952 0.36907 0.343569 0.474655 0.322258 0.320813 0.314016 0.258264
threshold=0.62456980347633373 0.89384356141090404 0.40742906928062445 -0.054944593459367745 0.52804893255233776 1.4200972914695742 -1.0004698634147642 1.7731257081031802 1.0645749568939211 -0.76043426990509022 1.3800104260444643 -0.10273672640323638 -0.5491729974746703 0.554131180047989 -0.70468792319297779 0.22725749015808108 -2.7944507598876949 1.0299929380416872 -0.31801736354827875 -1.429795980453491 -0.17898440361022946 0.47607831656932836 -0.047518715262413018 -2.8135123252868648 -0.045172186568379395 0.36433675885200506 0.43665106594562536 -0.024377115070819851 -1.0528461337089536 -0.56768104434013356
decision_type=2 2 2 2 2 2 2 2 2 2 2 2 2 2 2 2 2 2 2 2 2 2 2 2 2 2 2 2 2 2
left_child=2 4 3 14 5 6 -2 8 19 -10 24 -6 13 -4 -1 18 -17 28 -16 -8 21 22 -21 -12 -5 -26 -24 -22 -18 -20
right_child=1 -3 12 10 11 -7 7 -9 9 -11 23 -13 -14 -15 15 16 17 -19 29 20 27 -23 26 -25 25 -27 -28 -29 -30 -31
leaf_value=-0.046997769534196376 -0.05634766568598118 0.048421902986180265 -0.052299565629381928 0.041364191875680474 -0.05150602541041012 -0.053272457005323438 -0.012684465820849575 -0.036481008062039341 0.04777416657323505 -0.063187704478702075 0.017369539897507839 0.041587532288278793 -0.050910323453755485 0.027616624428263077 -0.051968573365646233 0.041440444268539024 0.028916998889706905 0.052937618328075343 0.046071041162936664 -0.054420825595476785 0.014396228740027057 0.049377794358342303 0.036654890075445964 -0.064117705755259685 -0.032443881949690299 0.037076011938644966 -0.025235821153872951 0.04661759616172715 -0.053805635477098927 0.0034797754302888203
leaf_weight=1.5070959348231552 0.51438698964193186 3.5023082271218309 0.37864189688116257 1.7422056789509957 1.0859761368483303 0.65796526195481497 0.57120190560817086 0.55433741863817054 0.29190390277653933 0.51839890191331583 0.22327152639627457 0.2437943946570148 2.9709143913351017 0.57145546562969685 0.26106792502105247 0.26890182495117176 0.12194424308836493 0.17840473353862751 0.8860725495032965 0.52796707721426472 0.95028261654078949 1.1648213155567644 0.56875058310106408 0.36794561892747868 0.46294053178280425 0.52280538575723767 0.33374715363606811 4.1294721066951823 1.9367453120648868 0.59489057632163134
leaf_count=83 20 81 28 32 117 34 9 14 4 18 2 4 433 14 23 4 3 1 13 31 14 12 11 19 14 7 15 51 144 35
internal_value=0.00142319 0.0167063 -0.0169411 -0.00715028 0.00753611 0.0127124 0.0170002 0.0209259 0.0244397 -0.0232147 0.0170872 -0.0344387 -0.0395998 -0.00423234 -0.0211288 -0.0119511 -0.0319609 -0.0407838 0.0168338 0.0291224 0.0322338 0.0158784 -0.0114 -0.0333443 0.0280169 0.00442705 0.0137675 0.0405899 -0.0489056 0.0289625
internal_weight=28.6106 15.6153 12.9953 9.07429 12.113 10.7832 10.1253 9.61088 9.05655 0.810303 3.31917 1.32977 3.92101 0.950097 5.75512 4.24803 2.506 2.23709 1.74203 8.24624 7.67504 2.59529 1.43046 0.591217 2.72795 0.985746 0.902498 5.07975 2.05869 1.48096
internal_count=1290 435 855 380 354 233 199 179 165 22 74 121 475 42 306 223 152 148 71 143 134 69 57 21 53 21 26 65 147 48
is_linear=0
shrinkage=0.05


Tree=79
num_leaves=31
num_cat=0
split_feature=42 47 49 24 24 33 40 20 48 37 21 10 23 30 2 36 47 17 20 7 29 11 5 15 29 18 0 33 40 17
split_gain=2.50145 1.92276 1.23978 1.21246 1.19708 1.0258 0.970665 1.177 1.43094 0.943856 1.00177 0.843727 0.807693 0.989924 1.26989 0.673639 0.643724 0.44233 0.690588 0.465006 0.409266 0.529906 0.35947 0.332887 0.315647 0.453034 0.194039 0.165572 0.335546 0.0408211
threshold=0.89384356141090404 0.52804893255233776 1.4425713419914248 0.16039285808801654 -0.6576903462409972 -0.43579435348510737 -1.1108849644660947 -1.714368939399719 1.7440409660339358 1.0411947369575503 -0.16000325232744214 -1.206772446632385 -0.27751887589693064 -0.22832152992486951 0.069952763617038741 -2.4118722677230831 0.52461010217666637 -0.6506650149822234 0.48519869148731237 0.77820566296577465 0.56509137153625499 -0.6376722753047942 0.31551204621791845 0.61928689479827892 1.0471106171607973 0.44630447030067449 -1.0538322329521177 -0.75305098295211781 -2.8731089830398555 -0.77048379182815541
decision_type=2 2 2 2 2 2 2 2 2 2 2 2 2 2 2 2 2 2 2 2 2 2 2 2 2 2 2 2 2 2
left_child=1 2 4 -3 -1 20 15 11 12 10 -10 23 16 22 17 -6 -9 -15 19 -19 21 -2 29 -8 25 -11 -16 28 -17 -14
right_child=5 3 -4 -5 6 -7 7 8 9 24 -12 -13 13 14 26 27 -18 18 -20 -21 -22 -23 -24 -25 -26 -27 -28 -29 -30 -31
leaf_value=-0.053084145454378076 -0.0052669525015666581 -0.05090813485117316 -0.052316382288739055 0.043107239181229641 -0.053057361822290906 -0.02751619794967133 0.027609944973013164 -0.055753271643660396 0.03802478468048754 0.047945010340348648 -0.053813479640033558 0.045908443154343309 -0.081077332571541885 0.045488449045330143 -0.0077921253233498135 0.050855661684788556 0.042333327794067864 -0.054169667921514925 0.039651054558012454 0.022050128076433695 0.050695137003285012 0.052115319643819158 0.026252466369608901 -0.057778694553467118 0.051913442203536386 -0.013055398380241667 -0.056734823545631433 0.048358444810030786 -0.019658445411207152 -0.052134706926972287
leaf_weight=0.86198244569823756 0.91488979011774063 2.9661708190105851 1.0229878621175874 0.38776411674916733 0.2058586943894628 0.6287788012996306 0.17927917372435365 1.7479174672626054 0.4952274779789152 0.60424494557082653 0.74157584784552455 2.0991649813950177 0.13854189217090596 1.1626664232462747 0.27901095896959305 0.38234413787722588 0.18497219448909152 0.53700945293526248 0.76303225010633469 0.31896341266110539 3.2210601456463337 0.71813791617751099 0.15176234487444151 0.31413838220760226 1.4200913347303867 0.61331245675683022 0.73862636741250731 1.9339170823805145 0.30194221530109699 1.0098735340871017
leaf_count=70 14 434 82 6 10 15 3 119 10 5 52 27 1 14 4 7 4 27 19 10 77 8 4 17 16 19 33 30 16 96
internal_value=0.00241844 -0.00524945 0.00115859 -0.0400386 0.00434176 0.0325738 0.00737421 0.0017975 -0.00540061 0.0189987 -0.0170406 0.0320795 -0.0188433 -0.00841092 0.00447622 0.0340317 -0.0463667 0.0219604 0.00506397 -0.0257677 0.0403576 0.0199674 -0.046069 -0.0267534 0.0358976 0.0172177 -0.0433159 0.0408791 0.0197412 -0.0556263
internal_weight=27.0452 21.5624 18.2084 3.35393 17.1855 5.48287 16.3235 13.4994 10.9068 3.87445 1.2368 2.59258 7.03238 5.09949 3.79931 2.82406 1.93289 2.78167 1.61901 0.855973 4.85409 1.63303 1.30018 0.493418 2.63765 1.21756 1.01764 2.6182 0.684286 1.14842
internal_count=1249 1135 695 440 613 114 543 480 433 102 62 47 331 208 107 63 123 70 56 37 99 22 101 20 40 24 37 53 23 97
is_linear=0
shrinkage=0.05


Tree=80
num_leaves=31
num_cat=0
split_feature=31 39 49 36 23 6 46 15 7 39 43 21 6 0 5 25 5 27 48 46 31 46 29 46 27 42 24 14 15 42
split_gain=2.83144 1.93299 1.54075 2.96824 1.31869 1.02894 1.47045 0.915227 0.86107 0.813249 0.767681 1.0502 0.691613 0.652228 0.593101 0.543499 0.48749 0.443253 0.701558 0.391748 0.304886 0.203559 0.15279 0.242664 0.482151 0.149028 0.389019 0.0260279 0.00910117 0.00780817
threshold=0.62456980347633373 -0.19127560406923291 -0.73740315437316883 0.9899924397468568 -0.62006303668022145 1.0918293595314028 -0.40872338414192194 0.45815873146057134 -1.2416300177574155 -0.11436152085661887 0.92544731497764599 -1.4702430367469785 1.7245252132415774 -1.0538322329521177 0.37592512369155889 -1.825576603412628 -1.422717213630676 0.22725749015808108 1.4332211613655093 -0.32190918922424311 0.67337831854820263 1.1761949658393862 -1.2189644575119016 -1.1144440770149229 0.10361227765679361 0.87462106347084057 -0.63271307945251454 0.94154059886932384 -1.2440345287322996 0.88679862022399913
decision_type=2 2 2 2 2 2 2 2 2 2 2 2 2 2 2 2 2 2 2 2 2 2 2 2 2 2 2 2 2 2
left_child=1 4 9 20 -1 6 14 -5 -9 25 11 -11 29 -8 15 -6 -17 22 -19 -10 -4 -12 -18 -24 -25 26 -2 -7 -13 -3
right_child=2 12 3 7 5 27 13 8 19 10 21 28 -14 -15 -16 16 17 18 -20 -21 -22 -23 23 24 -26 -27 -28 -29 -30 -31
leaf_value=-0.052366453612689323 0.0021881818655764577 -0.050614606555021403 0.029098833852517714 0.049459246373087656 -0.046219245463021266 0.037971206081666577 0.052655723427134649 0.035597751583520271 -0.056327233995116834 0.042758468608432049 0.014896753612055724 -0.067663786460089373 0.031122322047209786 -0.05246646930066054 -0.035782444470221247 -0.058014744725727832 0.049394188292598194 0.029431171312494578 -0.056574064156322018 0.0071589844314783159 -0.05347957138144882 0.052611249186600519 0.05183930678076655 -0.0521931449123497 0.046370117076582645 0.050798388099782127 0.050946759847753598 0.052163530580188827 -0.052294104783852685 -0.05654226133092053
leaf_weight=1.1400258862413464 0.65255328360944975 2.6564536918886024 0.1184463743120433 1.921295337378979 0.29893656261265311 0.59076542127877452 0.16301637887954656 0.92766537517309178 0.6105151530355214 0.43510586675256491 0.67277738684788324 0.1130596250295639 0.27141858730465163 1.5556228263303631 0.57304872851818789 0.17317275330424342 1.5254396935924897 0.72160528833046533 0.35315522132441401 0.40364206582307804 1.9844985832460225 0.76414533704519272 0.41336118802428334 0.23423984879627613 0.26382741052657366 3.3100583031773567 1.0964150130748747 0.71288203448057175 0.65045581944286845 0.70245655626058567
leaf_count=123 15 441 6 26 8 17 1 10 16 5 15 1 7 120 15 5 16 16 22 7 147 6 4 16 4 77 20 6 55 15
internal_value=0.0023566 -0.014994 0.0180418 -0.00102812 -0.00222967 0.00531179 -0.00308507 0.0249927 0.000784747 0.0328279 0.0103069 -0.0192393 -0.0456506 -0.0424954 0.011779 0.0186205 0.0238808 0.0279194 0.00117074 -0.0310593 -0.0488284 0.0349531 0.0397166 0.0235195 1.60491e-05 0.0445604 0.0327546 0.0457321 -0.05457 -0.0518543
internal_weight=26.0101 12.3494 13.6606 5.96606 8.7191 7.57907 6.27543 3.86312 1.94182 7.69457 2.63554 1.19862 3.63033 1.71864 4.55679 3.98374 3.6848 3.51163 1.07476 1.01416 2.10294 1.43692 2.43687 0.911428 0.498067 5.05903 1.74897 1.30365 0.763515 3.35891
internal_count=1242 836 406 212 373 250 227 59 33 194 82 61 463 121 106 91 83 78 38 23 153 21 40 24 20 112 35 23 56 456
is_linear=0
shrinkage=0.05


Tree=81
num_leaves=31
num_cat=0
split_feature=29 21 20 2 48 9 15 49 47 48 26 21 16 20 46 27 32 48 39 46 0 5 20 6 4 29 17 5 15 35
split_gain=2.35924 1.53506 1.5289 1.19959 1.18123 1.04983 0.889899 0.738165 1.72041 0.73369 0.630271 0.572357 0.495599 0.466076 0.532329 0.740001 0.458136 0.433322 0.4202 0.834072 0.824138 0.407982 0.535756 0.397974 0.345113 0.284602 0.223989 0.351489 0.204024 0.101705
threshold=0.95294722914695751 -0.78898501396179188 -1.1205980181694029 -0.60456243157386769 -0.75703775882720936 -0.040920039638876908 -1.1618530750274656 -0.75987708568572987 -1.4298224449157713 1.7440409660339358 0.51446127891540538 0.52255672216415416 1.4131729006767275 -1.8337813615798948 -0.92543771862983693 -0.099437478929758058 -0.13337638974189756 1.8525366187095644 -0.20365498214960095 0.57077589631080639 -1.1327579617500303 0.082809101790189757 -1.7021912932395933 -0.26365409791469568 -0.17899895459413526 1.0155121088027956 -0.6629393696784972 1.1302197575569155 -0.93897283077239979 -0.46921034157276148
decision_type=2 2 2 2 2 2 2 2 2 2 2 2 2 2 2 2 2 2 2 2 2 2 2 2 2 2 2 2 2 2
left_child=1 6 21 28 5 16 -1 18 17 13 -6 26 -13 23 15 -15 -3 -9 -5 20 -20 22 -2 -8 -16 -10 -12 -28 -4 -18
right_child=2 4 3 7 10 -7 9 8 25 -11 11 12 -14 14 24 -17 29 -19 19 -21 -22 -23 -24 -25 -26 -27 27 -29 -30 -31
leaf_value=0.045549638143899812 0.039316022898652062 0.037253724979000299 0.0097816182159963568 0.050867512239927318 -0.050066002309968265 0.047229041543897961 -0.024941897069523322 -0.0078783547452586349 0.027836287869867939 0.039603001363143542 0.051732906340274748 -0.051372881982996048 0.029722252749448803 0.042328864556313107 0.019290799269669201 -0.043579163422382459 -0.014317290178319717 0.046483293974952815 0.051020785877817255 0.046647252794361813 -0.058232138858221316 0.046259669048524243 -0.05456971333277412 0.045270361089260552 -0.05681903693410733 -0.053641819306917207 -0.051157464739008354 0.052323061707656326 -0.054384548253544808 -0.057059656732347613
leaf_weight=1.141316896304488 0.39327276218682528 0.20603427942842245 0.14244235958904028 1.2491354458034041 4.1655006320215762 0.85104537103325106 0.33871463406831026 0.54941028682515014 0.11689411662518989 0.75864289002493013 0.32666993886232376 0.96990610985085368 0.2338178800418973 0.52093870146200061 0.17063567088916931 0.4831674043089158 0.18323709256947041 1.101559843868017 0.25093560293316841 0.86304629361256957 0.5530304256826637 3.6892351675778627 0.24763264507055271 0.49936982151120934 1.171598187182098 1.289123656693846 0.19005300290882554 0.14441587030887604 0.95073660183697917 0.57879425538703799
leaf_count=15 12 6 6 28 522 15 16 15 4 13 3 125 10 11 6 17 5 12 4 12 29 79 11 6 75 96 22 1 62 22
internal_value=-0.000118813 -0.0147339 0.0164679 0.00213188 -0.0285973 0.00671775 0.00666883 0.0109451 -0.00622226 -0.00458518 -0.0392504 -0.0150917 -0.0356205 -0.0151124 -0.0265446 0.000990645 -0.0288965 0.0283928 0.0289416 0.0125119 -0.0241319 0.0398628 0.00304051 0.0168938 -0.0471433 -0.0468679 0.0222846 -0.00647698 -0.0460236 -0.0467819
internal_weight=24.3303 12.9339 11.3965 7.06631 7.84947 1.81911 5.08438 5.97314 3.05699 3.94307 6.03036 1.86486 1.20372 3.18442 2.34634 1.00411 0.968066 1.65097 2.91615 1.66701 0.803966 4.33014 0.640905 0.838084 1.34223 1.40602 0.661139 0.334469 1.09318 0.762031
internal_count=1260 890 370 268 731 48 159 200 127 144 683 161 135 131 109 28 33 27 73 45 33 102 23 22 81 100 26 23 68 27
is_linear=0
shrinkage=0.05


Tree=82
num_leaves=31
num_cat=0
split_feature=42 39 49 40 31 44 43 33 17 17 7 29 17 25 17 18 45 5 16 46 34 36 15 15 7 47 36 22 16 15
split_gain=2.37822 1.82718 1.37382 1.22604 1.00351 1.0026 0.861864 0.85715 0.783068 0.639606 0.62184 0.611025 0.823373 0.99973 0.749547 0.443575 0.693906 0.412244 0.346178 0.532181 0.322052 0.304459 0.289821 0.284706 1.14118 0.282615 0.243311 0.159787 0.106237 0.0977145
threshold=0.89384356141090404 -0.28903104364871973 1.4425713419914248 -1.1108849644660947 1.3674087524414065 -1.1706720590591428 0.92544731497764599 -0.43579435348510737 -0.77048379182815541 -0.57659009099006642 -1.2416300177574155 0.93491452932357799 -0.66726353764533985 0.72001770138740551 4.1232662200927743 0.42925351858139044 -0.32010778784751887 1.714001536369324 -0.23234888166189191 1.3476175069808962 -0.51828718185424794 0.11312000453472139 -1.0499203801155088 0.55391308665275585 -1.2020253539085386 0.28911793231964117 -0.056682832539081567 -0.57094967365264881 1.2390635609626772 0.1145480088889599
decision_type=2 2 2 2 2 2 2 2 2 2 2 2 2 2 2 2 2 2 2 2 2 2 2 2 2 2 2 2 2 2
left_child=1 2 5 10 -5 9 17 21 -7 -1 25 12 15 14 22 -10 -17 -6 19 -12 -19 -2 -14 29 -25 -3 -18 -22 -15 -13
right_child=7 3 -4 4 6 8 -8 -9 11 -11 18 23 13 28 -16 16 26 20 -20 -21 27 -23 -24 24 -26 -27 -28 -29 -30 -31
leaf_value=0.022546885833361674 0.048767106086263098 0.041097795066025365 -0.052125933750273301 -0.051654779940153342 -0.055547166006088861 -0.064359717578082495 0.030229709750556367 -0.023817697926909773 0.047315364430435422 -0.054515355541643377 -0.052367703737111609 0.031206867304844774 0.051085992544069841 0.015713629832977295 0.046789577175460118 0.052315138272928545 0.027942484618129693 0.051609362687581262 0.041001452570312825 0.045310582643278502 0.027238798806329408 0.007212783898064525 -0.052693635906215008 0.046488140373871514 -0.032692409678280167 -0.052684590830787095 -0.054002000596955008 -0.053807145832548156 0.051995446167677033 0.051847421547588507
leaf_weight=0.40176613256335258 3.6668677385896444 0.097272227518260812 0.85481535922736007 3.4056767909787569 0.82147330557927511 0.27382649946957549 0.87369561288505782 0.52855543419718642 1.4434680915437641 0.81639763852581271 0.30215941695496451 0.84634493943303857 0.070821136236187798 0.39231456164270628 0.24772196449339379 0.39958906918764125 0.11714135296642791 0.19799008965492249 1.0959930722601743 0.25894857756793499 0.085132976993918419 0.5010223202407359 1.3431159970350661 1.3784225760027768 0.67929692985489953 0.4612991139292717 0.39960204856469883 0.21291514346376061 0.41538577619940042 1.7779728658497331
leaf_count=10 89 3 78 510 66 6 14 15 17 58 27 28 1 20 4 3 2 2 19 5 3 10 119 24 17 47 23 17 3 23
internal_value=0.00419682 -0.00343576 0.00893347 -0.0222099 -0.0346725 0.0136771 -0.00827774 0.0361651 0.0190024 -0.0290992 0.00927093 0.0214024 0.00892384 -0.0112588 -0.0334394 0.0300435 0.00283573 -0.0338136 0.0246497 -0.00728966 0.00217868 0.0437719 -0.0474955 0.034273 0.020349 -0.0363529 -0.0354259 -0.0306576 0.0343727 0.0451908
internal_weight=24.367 19.6706 11.858 7.81256 5.59688 11.0032 2.19121 4.69645 9.78502 1.21816 2.21567 9.5112 4.82916 2.46936 1.66166 2.3598 0.916332 1.31751 1.6571 0.561108 0.496038 4.16789 1.41394 4.68204 2.05772 0.558571 0.516743 0.298048 0.8077 2.62432
internal_count=1263 1149 436 713 612 358 102 114 290 68 101 284 192 147 124 45 28 88 51 32 22 99 120 92 41 50 25 20 23 51
is_linear=0
shrinkage=0.05


Tree=83
num_leaves=31
num_cat=0
split_feature=42 39 43 49 30 7 43 36 39 15 36 25 4 39 21 14 25 22 18 0 47 12 36 29 31 21 32 25 46 21
split_gain=2.3762 1.70337 1.33813 1.21723 0.940473 0.918552 0.821198 1.17703 0.790037 0.706321 0.729851 0.604601 0.565641 0.486013 1.063 0.457078 0.414729 0.387576 0.336505 0.327415 0.288005 0.239731 0.236882 0.17508 0.160146 0.239886 0.156182 0.129612 0.115975 0.10396
threshold=0.88679862022399913 -0.28903104364871973 0.92544731497764599 1.4425713419914248 -1.2925649881362913 0.61978712677955639 0.43563264608383184 0.99150449037551891 0.71797394752502453 0.5185079574584962 0.99872043728828441 -1.5233168601989744 -0.17878711223602292 -0.20365498214960095 -0.71251890063285817 0.11459201946854593 -1.2032759189605711 -0.28070278465747828 -2.9223752021789546 -1.1478865742683408 -1.5659691691398618 -0.69780138134956349 -1.9894813299179075 1.203634560108185 0.42117622494697576 -1.2741965651512144 0.79957213997840892 -1.5903892517089842 2.521839022636414 -2.6373654603958125
decision_type=2 2 2 2 2 2 2 2 2 2 2 2 2 2 2 2 2 2 2 2 2 2 2 2 2 2 2 2 2 2
left_child=1 3 19 6 -2 8 7 11 -4 16 -11 -1 20 26 -15 18 -9 -10 -14 -3 -12 -8 -13 29 25 -18 -6 -21 -29 -17
right_child=4 2 5 -5 13 -7 21 9 17 10 12 22 15 14 -16 23 24 -19 -20 27 -22 -23 -24 -25 -26 -27 -28 28 -30 -31
leaf_value=0.016665212637976139 -0.025450300379452534 0.028949014728941437 0.046838014584881127 -0.051958326486559049 0.050884178377565065 -0.051602655078527342 0.0066313650080790558 -0.0045396019012950732 -0.052624473577176603 -0.054371281565587126 0.0012829750797167258 0.027584737336772521 0.024386481160985581 0.051812420537801711 -0.022892966464930997 0.0442466338676736 0.052159809879411115 0.040384806380786425 -0.053680787402203903 0.0041609915113170921 -0.058289235687525233 0.048329115338872686 -0.052485856156310629 0.051725849484617031 0.049229079675224406 -0.00057462981009348644 0.01608123877541397 -0.051257113524367751 -0.012218452853261768 0.0025435870530178587
leaf_weight=0.4911231193691491 0.70923422090709198 0.14428721182048665 1.0863269357942047 0.89759536110796112 3.0376216210424904 0.57051196647807945 0.45214268146082748 0.68856427446007762 0.39886651514098048 0.58068171190097961 0.41169371455907822 0.098863839171826728 0.25856310874223709 0.98370423167943954 0.92293674498796352 0.22839674120768749 0.38251629471778914 0.15574084827676404 0.29612691560760396 0.11695128912106501 0.400019120424984 1.4505412308499206 1.4060292013455198 0.80141501128673553 1.5302046760916708 0.49436258943751443 0.36063011363148678 3.7127158213406743 0.2005211287178098 0.43228820897638931
leaf_count=11 12 3 21 86 72 64 14 13 44 34 9 3 7 12 18 3 3 3 14 5 13 25 139 8 18 18 13 559 15 19
internal_value=0.00147529 -0.00775649 -0.0283982 0.00390751 0.0286252 0.00304818 0.0087275 0.00208157 0.0220489 0.0123877 -0.00331243 -0.0315052 0.00716977 0.0358547 0.0156502 0.0213549 0.029678 -0.0265063 -0.0172905 -0.045057 -0.0280747 0.0384203 -0.0472256 0.0360162 0.0394662 0.0224294 0.0471908 -0.0477066 -0.0492567 0.0169602
internal_weight=23.7012 17.687 6.38592 11.3011 6.01413 2.21145 10.4035 8.50085 1.64093 6.50483 3.40918 1.99602 2.8285 5.30489 1.90664 2.01679 3.09565 0.554607 0.55469 4.17448 0.811713 1.90268 1.50489 1.4621 2.40708 0.876879 3.39825 4.03019 3.91324 0.660685
internal_count=1278 1151 714 437 127 132 351 312 68 159 107 153 73 115 30 51 52 47 21 582 22 39 142 30 39 21 85 579 574 22
is_linear=0
shrinkage=0.05


Tree=84
num_leaves=31
num_cat=0
split_feature=31 39 49 48 6 46 39 43 21 0 27 47 18 37 21 6 26 46 40 5 20 21 31 22 21 36 22 40 28 14
split_gain=2.05777 1.64764 1.31943 2.20828 1.0562 1.04306 0.809288 0.910018 0.690691 0.686783 0.906623 0.740439 0.708008 0.655231 0.904095 0.581598 0.509533 0.449225 0.839291 0.443487 0.40121 0.473325 0.236517 0.141025 0.0890806 0.252712 0.198956 0.0811769 0.0489898 0.0356887
threshold=0.62456980347633373 -0.19127560406923291 -0.73740315437316883 1.7605182528495791 1.1250693798065188 -0.23364006727933881 -0.26255279779434199 0.90307927131652843 -1.1229969859123228 1.216885566711426 0.31785030663013464 -1.5949105024337766 -3.0873595476150508 1.0416296720504763 0.55320230126380932 1.7245252132415774 1.6248468756675722 -0.70843145251274098 -0.73693886399269093 1.714001536369324 -1.5340092778205869 -2.3443747758865352 0.67337831854820263 -0.50926026701927174 -0.16000325232744214 1.0039024949073794 -0.62481114268302906 -1.2960213422775266 -0.81720945239067067 0.83187511563301098
decision_type=2 2 2 2 2 2 2 2 2 2 2 2 2 2 2 2 2 2 2 2 2 2 2 2 2 2 2 2 2 2
left_child=1 4 6 20 5 9 -2 8 -8 10 11 -1 -11 14 -5 -3 -12 24 -19 27 -4 -22 -23 -9 -13 26 -26 -10 -15 -6
right_child=2 15 3 13 29 -7 7 23 19 12 16 17 -14 28 -16 -17 -18 18 -20 -21 21 22 -24 -25 25 -27 -28 -29 -30 -31
leaf_value=-0.064554622582374391 0.048830835189666535 -0.051590317102213061 0.025262732079334521 0.037074099441999631 0.033119280752045711 -0.051476989472536372 0.036787926040840288 0.045714468171905262 0.0097938251492814318 0.04613439827984743 -0.053023217452483375 0.047946084908081998 -0.055067580168848919 0.033972514854034665 -0.055421046895424819 0.030165521198563996 0.022973305932295185 0.052300055499988951 -0.05275157971115816 0.02219191912621241 0.051921586980173046 0.019845008932876315 -0.05366932884564355 0.017235760629766256 0.044845433960816722 0.053089196856381561 -0.05096735614183872 -0.056408519671979906 0.051692914875347752 0.051708725189805786
leaf_weight=0.22378820786252562 3.1495608175173402 2.8471370262559508 0.22978668659925494 0.5985677130520346 0.4367057974450288 1.2067774019669748 0.4692150130867957 1.3548659035004673 0.04909806977957476 0.21512772142887115 0.74610139033757128 1.5493261087685821 0.87882507895119466 0.58277997747063626 0.47292508138343692 0.23552832193672646 0.31312280613929033 0.36115186288952827 0.40149593702517483 0.25692050671204925 0.12131217867136079 0.11575567675754395 1.9958966765552759 0.64007096644490946 0.086368749849498161 0.32471885532140732 0.145386343589053 0.81390531198121641 1.1792603302747009 0.63160856813192368
leaf_count=8 87 474 6 6 18 138 7 23 3 2 63 21 56 10 16 7 8 3 33 5 1 7 153 16 2 2 20 62 16 7
internal_value=0.00150013 -0.0145585 0.0156542 -0.00301688 -0.0019396 -0.00956417 0.0303398 0.0140906 -0.0141381 7.84328e-05 0.00936572 0.0230411 -0.035166 0.0270825 -0.00375051 -0.0453438 -0.0305575 0.0298751 -0.00300438 -0.0354745 -0.0376479 -0.0441219 -0.0496395 0.0365771 0.0417829 0.0246235 -0.0152606 -0.0526421 0.045832 0.0441097
internal_weight=22.6331 10.6032 12.0299 5.29628 7.5205 6.45219 6.73364 3.58408 1.58914 5.24541 4.15146 3.09224 1.09395 2.83353 1.07149 3.08267 1.05922 2.86845 0.762648 1.11992 2.46275 2.23296 2.11165 1.99494 2.1058 0.556474 0.231755 0.863003 1.76204 1.06831
internal_count=1280 862 418 215 381 356 203 116 77 218 160 89 58 48 22 481 71 81 36 70 167 161 160 39 45 24 22 65 26 25
is_linear=0
shrinkage=0.05


Tree=85
num_leaves=31
num_cat=0
split_feature=39 40 49 31 36 6 46 0 17 1 27 30 37 21 48 25 43 17 42 32 39 21 14 35 42 21 25 27 2 25
split_gain=2.02223 1.55868 1.16095 1.029 0.970747 0.820199 0.686533 0.700611 0.861094 0.791688 0.697424 0.682938 0.60387 1.22513 1.43144 0.586231 0.55203 0.503848 0.408207 0.38518 0.379047 0.368429 0.190969 0.188335 0.185536 0.159274 0.438833 0.0527622 0.0507918 0.0361218
threshold=-0.054377619177103036 -1.1108849644660947 1.4425713419914248 0.62456980347633373 -1.5439995527267454 -1.429795980453491 -0.70843145251274098 1.5792645215988161 -0.46465431153774256 1.0060949921607973 0.553514063358307 -1.421151280403137 1.0416296720504763 0.4285548478364945 -0.69096150994300831 -0.9061760902404784 0.98245212435722362 -0.77048379182815541 0.30648577213287359 0.31496554613113409 -0.40961687266826624 -1.7641591429710386 -0.70899793505668629 -0.49666905403137201 0.87462106347084057 -1.0000000180025095e-35 0.67881783843040477 0.68272688984870922 -0.43680520355701441 -1.0036681294441221
decision_type=2 2 2 2 2 2 2 2 2 2 2 2 2 2 2 2 2 2 2 2 2 2 2 2 2 2 2 2 2 2
left_child=1 11 3 6 18 -5 10 9 -9 -8 17 -1 13 23 24 16 -6 -3 -2 25 -21 -17 -12 -7 -15 -19 -27 -20 -13 -25
right_child=4 2 -4 5 15 12 7 8 -10 -11 22 28 -14 14 -16 21 -18 19 27 20 -22 -23 -24 29 -26 26 -28 -29 -30 -31
leaf_value=-0.014567886089702671 -0.051826776193825752 -0.070691331007035424 -0.051970524160884712 -0.057815820376193372 -0.051583107574099389 0.010954517620317026 -0.052461528318539043 0.047551159994239423 -0.051264730434387541 0.02629919690948573 0.01410839394500747 0.032018994750037395 0.0472815726758593 0.0078929372778037601 -0.055551815705270381 0.012820075100207832 0.048495258603911046 0.048614453742752167 0.023036274400238574 0.033529794881186799 -0.053497551632299446 -0.051980690685706633 -0.055555250502479087 0.051934160082868108 0.051025876169186059 -0.050888087499420614 0.051089528349448257 0.050173303582654122 0.049660390171615977 0.037415393320599073
leaf_weight=0.5222686389461163 0.16201513144187618 0.13929728604853231 0.92495648702606637 0.32334461249411095 0.23151305969804559 0.48031049640849266 1.9166914722882191 0.60659515275619924 0.34633860690519203 0.38278149138204742 0.1261720797047019 0.4788752091117211 1.9084478318691251 0.53114514285698511 1.0435605666134509 0.2373329498805109 0.34037521900609136 1.1991803501732654 0.37375291204079986 0.24455549940466881 0.25618926482275117 2.894522837130352 0.44655847176909436 1.0861707478761673 0.46986982598900795 0.16611296334304126 0.28908678004518151 0.3439541500993073 2.7570095062255882 0.7074140943586823
leaf_count=11 18 2 91 8 27 16 194 9 37 16 5 14 30 18 66 12 5 15 18 4 23 460 26 13 9 23 3 5 75 15
internal_value=0.00218349 0.00998561 0.00210674 0.00605464 -0.0273552 0.0198275 -0.00868756 -0.0244116 0.0116371 -0.0393506 0.00914926 0.0384867 0.0238593 0.0135083 -0.014577 -0.0385697 0.00798132 0.0214699 0.0198591 0.0274267 -0.0109948 -0.0470701 -0.0402084 0.0387613 0.0281393 0.0390561 0.0138755 0.0360414 0.0470497 0.0462078
internal_weight=21.9364 17.3529 13.5948 12.6698 4.58347 6.55026 6.11956 3.25241 0.952934 2.29947 2.86715 3.75815 6.22692 4.31847 2.04458 3.70374 0.571888 2.29442 0.879722 2.15512 0.500745 3.13186 0.572731 2.2739 1.00101 1.65438 0.4552 0.717707 3.23588 1.79358
internal_count=1268 723 623 532 545 175 357 256 46 210 101 100 167 137 93 504 32 70 41 68 27 472 31 44 27 41 26 23 89 28
is_linear=0
shrinkage=0.05


Tree=86
num_leaves=31
num_cat=0
split_feature=31 39 43 42 39 43 47 5 10 21 15 33 10 21 6 5 48 40 20 16 36 40 27 3 21 36 35 46 33 20
split_gain=2.09911 1.51392 1.21433 1.10788 0.937215 0.88657 0.705577 0.673957 0.669851 0.642113 0.600593 0.907532 0.694628 0.593005 0.578694 0.561931 0.486871 0.486243 0.296232 0.270542 0.507243 0.238544 0.544828 0.21566 0.158959 0.235872 0.389419 0.147009 0.113361 0.0958215
threshold=0.62456980347633373 -0.19127560406923291 0.33224651217460638 0.89384356141090404 -0.32477989792823786 0.92544731497764599 -1.4653472900390623 -1.422717213630676 -1.206772446632385 -1.0000000180025095e-35 0.45815873146057134 0.71396759152412426 -0.76941514015197743 -1.5485115051269529 1.7245252132415774 0.6576623022556306 1.3666469454765322 -1.1108849644660947 -1.7682933211326597 0.10874573141336442 -1.3298637270927427 -0.73693886399269093 -0.24439633637666699 -0.34000068902969355 0.55320230126380932 0.99988356232643139 -0.36257949471473688 2.521839022636414 -0.58576953411102284 -1.5226978063583372
decision_type=2 2 2 2 2 2 2 2 2 2 2 2 2 2 2 2 2 2 2 2 2 2 2 2 2 2 2 2 2 2
left_child=1 2 6 4 10 13 8 -4 -1 16 24 -12 -13 -6 -3 -14 29 -8 -15 20 -7 -9 23 -23 -2 26 -26 -20 -5 -10
right_child=3 14 7 28 5 19 17 21 9 -11 11 12 15 18 -16 -17 -18 -19 27 -21 -22 22 -24 -25 25 -27 -28 -29 -30 -31
leaf_value=-0.053263920340152496 0.050880264429224747 -0.051536296958839628 -0.056133023506428771 0.050511585655492609 0.017053619494225104 0.04155739190302013 0.016332989363964198 0.051352134913313308 0.0035584080181826935 -0.052238283788714014 0.04162203917780382 -0.054369251706915672 -0.029577167467447901 0.028716894272944417 0.03549409923443566 0.043025975379856668 0.033622239331948543 -0.051997001294493764 -0.054104840134603233 0.050550000171350223 -0.034660128385051447 0.042766593774594297 0.045166006244380164 -0.051740325342683462 0.050871949689019584 0.04720859362454366 -0.051594641290967538 -0.0041443099798332203 0.015576929936004872 -0.0531710009586496
leaf_weight=0.50419062166474793 1.4560499647632235 2.7312603564932947 0.22227308596484396 2.1016050633043055 0.52054540487006251 0.44475255534052849 0.31119142565876234 1.1117742769420151 0.11425127834081683 0.34447614476084676 1.1336415698751809 0.70080825081095088 0.49346034135669448 0.13151276321150307 0.20536817982792843 0.57947151083499193 1.5612110602669416 1.5938421289902178 1.506952517200262 0.49052643124014139 0.4287263788282869 0.076733654364943837 0.64758191490545791 0.28297317703254521 0.16725168749690067 0.47053295746445656 0.20808690460398771 0.16318568540737022 0.26106216199696142 0.21360140386968873
leaf_count=45 22 485 8 69 12 5 8 17 5 29 20 34 17 5 5 7 18 195 153 7 16 2 12 25 3 9 21 12 10 17
internal_value=0.00144044 -0.0153282 -0.00266283 0.016217 0.00813356 -0.0111597 -0.0174684 0.026696 -0.00120883 0.0105419 0.0217858 0.00667928 -0.0156535 -0.0299526 -0.04545 0.00963451 0.02199 -0.0408351 -0.043534 0.0208351 0.00414783 0.0353841 0.0177598 -0.0315798 0.0408657 0.0236271 -0.00593531 -0.0492233 0.0466515 -0.0334017
internal_weight=21.1789 9.92073 6.9841 11.2582 8.8955 3.6862 4.64276 2.34134 2.73773 2.23354 5.2093 2.90738 1.77374 2.3222 2.93663 1.07293 1.88906 1.90503 1.80165 1.36401 0.873479 2.11906 1.00729 0.359707 2.30192 0.845872 0.375339 1.67014 2.36267 0.327853
internal_count=1293 871 381 422 343 210 317 64 114 69 133 78 58 182 490 24 40 203 170 28 21 56 39 27 55 33 24 165 79 22
is_linear=0
shrinkage=0.05


Tree=87
num_leaves=31
num_cat=0
split_feature=31 39 43 20 42 1 4 20 15 21 48 47 7 47 39 33 5 16 4 4 37 37 9 47 43 16 46 4 3 5
split_gain=1.73132 1.65816 0.993884 1.02282 0.828 0.804102 0.763576 0.865009 0.683376 0.717245 0.540059 0.828709 0.496531 0.42246 0.491289 0.444655 0.742597 0.408705 0.527229 0.395958 0.345289 0.341211 0.313304 0.301149 0.348404 0.289777 0.282275 0.233082 0.0941616 0.0709739
threshold=1.3166425824165346 -0.19127560406923291 0.43563264608383184 -1.7682933211326597 0.89384356141090404 1.7343594431877138 -0.17899551242589948 -1.150906980037689 -1.2725561261177061 -0.71251890063285817 1.7991901040077212 -1.4171867370605467 0.63958939909935009 0.51183044910430919 0.34978440403938299 0.82050034403800975 0.60962340235710155 -0.27612425386905665 -0.17899856716394422 -0.17899906635284421 1.0469335317611697 -1.9696857929229734 -0.50730326771736134 0.41701714694499975 0.88588929176330578 -1.6469630002975462 -0.95210728049278248 -0.17899899929761884 -0.13338680565357205 -0.090637788176536546
decision_type=2 2 2 2 2 2 2 2 2 2 2 2 2 2 2 2 2 2 2 2 2 2 2 2 2 2 2 2 2 2
left_child=1 2 3 12 5 6 7 -2 9 -3 17 20 25 15 -15 -8 -17 18 -5 -9 22 -4 29 -23 27 -1 -20 -25 -18 -12
right_child=4 8 21 10 -6 -7 13 19 -10 -11 11 -13 -14 14 -16 16 28 -19 26 -21 -22 23 -24 24 -26 -27 -28 -29 -30 -31
leaf_value=0.043237100503916534 0.031950169248705168 0.04325550101203679 -0.024616522176585217 0.02923041366526102 0.049272446662004872 -0.055566347680300526 0.050852319016535086 0.051534240124786239 -0.05090712023009894 -0.043294338354848687 -0.0074137759854409763 -0.051468452262892476 0.046351004951404588 0.043653854941878609 -0.051642827604372145 -0.029045890765915558 0.023498905016335864 -0.051784172129465192 -0.0048305671812063364 -0.054546351916853711 0.052441992317477461 0.047188436768000802 0.040781955904288569 0.044214147504671217 0.047420085833126902 -0.05117927141072031 -0.057062927523295094 -0.05188048635835895 0.051739381452164779 -0.05286316039884268
leaf_weight=0.12003901135176409 0.64401214849203825 0.46429845970124006 0.25834427215158973 0.47845525899901975 2.0086158029735088 0.40712830121628929 1.9245964055880889 0.098319888114929199 2.543211989337582 0.49412143160588984 0.15807292703539133 0.48937514564022411 1.0763105354271827 0.22962705534882832 0.329044702462852 0.60148171335458744 0.53477956680580918 1.3832915662787839 0.46165412245318282 0.83536912081763126 0.60273250937461853 1.6491491734050217 0.256723992526531 0.084016077686101642 0.28081515524536371 0.25159586826339364 0.58826497825793911 0.25351045629940872 0.65877516195178065 0.18812795681878924
leaf_count=2 15 5 6 13 71 17 30 1 514 18 9 64 15 5 35 15 16 177 16 77 5 29 3 2 5 24 31 23 8 11
internal_value=0.00371425 -0.00835173 0.00348118 -0.0075099 0.0213384 0.0123798 0.0171037 -0.012628 -0.0373474 -0.001366 -0.0190313 0.00340634 0.0291459 0.0280677 -0.0124737 0.0341569 0.0162564 -0.0320934 -0.0142718 -0.0433758 0.02568 0.0298277 -0.00107352 0.0360308 0.0062728 -0.0206825 -0.0340961 -0.0279609 0.0390861 -0.0321113
internal_weight=20.3539 12.0821 8.58048 6.05464 8.27175 6.26313 5.85601 1.5777 3.50163 0.95842 4.6067 1.69503 1.44795 4.2783 0.558672 3.71963 1.79504 2.91167 1.52837 0.933689 1.20566 2.52584 0.602925 2.26749 0.618342 0.371635 1.04992 0.337527 1.19355 0.346201
internal_count=1262 972 435 370 290 219 202 93 537 23 329 92 41 109 40 69 39 237 60 78 28 65 23 59 30 26 47 25 24 20
is_linear=0
shrinkage=0.05


Tree=88
num_leaves=31
num_cat=0
split_feature=39 40 48 20 31 0 37 21 39 39 34 5 40 45 17 3 42 6 37 31 5 37 20 24 31 18 22 42 4 31
split_gain=1.69748 1.40104 1.47224 0.885021 0.850211 0.848831 0.726977 0.892633 0.67985 0.662271 0.560159 0.440701 0.610284 0.439452 0.379721 0.368461 0.358157 0.357579 0.353252 0.260425 0.573771 0.262777 0.244593 0.239301 0.201505 0.269708 0.485387 0.174154 0.401319 0.743834
threshold=-0.054377619177103036 0.18751855939626697 1.7440409660339358 -1.7682933211326597 0.67171961069107067 1.3560142517089846 1.0416296720504763 -0.070004474371671663 0.71797394752502453 -0.27232111990451807 -0.39109960198402399 1.714001536369324 -1.1108849644660947 -0.59660252928733815 -0.54687514901161183 -0.32783946394920344 0.89778181910514843 0.53561443090438854 1.0500686168670657 0.42117622494697576 0.062525443732738509 1.0368213057518008 -1.5226978063583372 -0.65444105863571156 0.63685420155525219 0.44630447030067449 1.5765484571456911 0.88129737973213207 -0.1765320003032684 0.52605187892913829
decision_type=2 2 2 2 2 2 2 2 2 2 2 2 2 2 2 2 2 2 2 2 2 2 2 2 2 2 2 2 2 2
left_child=1 5 3 14 -2 9 7 -4 10 27 13 12 -11 -6 -3 -7 17 -14 -16 -5 21 23 -22 -21 25 -8 -27 28 29 -1
right_child=4 2 6 19 8 15 24 -9 -10 11 -12 -13 16 -15 18 -17 -18 -19 -20 20 22 -23 -24 -25 -26 26 -28 -29 -30 -31
leaf_value=-0.052453921948755367 -0.051097198645327295 0.051288316366474601 0.029471390099705449 -0.053184059181800462 -0.029330495548010399 0.022975257926298308 0.043468751661208893 -0.052984321690680847 -0.05214917599525648 0.039027027049351987 -0.051879111097879821 0.042498909961080397 0.011498177259291295 0.038488349661982724 0.023088191389459178 -0.054843922606188825 0.038231480653942301 -0.055695412206159547 -0.055500686769378117 0.02605587487862665 0.01633427362402803 0.04713411455481141 -0.053218760890527343 -0.053922758725485513 0.043755942146351784 0.046540922721370608 -0.052200832652360855 0.050850313850144158 0.051153329861591358 0.04648500616941547
leaf_weight=0.3374738935381173 1.9205350710544724 0.43614056333899498 0.64129644958302401 1.4468435011804086 0.30636108294129383 0.23072915431112051 0.43790410738438379 0.67233648360706866 0.58997803926467884 0.5569718535989524 0.29910592082887899 0.72110842913389195 0.27562492224388091 1.0841768519021568 0.33604475203901507 0.44640994165092696 0.1900904793292284 0.70299190399236977 0.24889478320255876 0.17888036137446761 0.14282187120988954 0.29815033776685596 1.0994294730480758 0.1960102589800955 1.6149122826755047 0.21712876670062542 0.29161258460953832 2.4863885845988989 1.0070906355977056 0.43462465889751911
leaf_count=17 409 6 19 205 18 6 6 73 60 13 49 14 12 26 11 19 5 39 16 6 5 4 79 14 26 2 20 74 20 6
internal_value=0.00163487 0.00921047 -0.0049418 -0.0247919 -0.0265885 0.0250269 0.0175105 -0.0127306 -0.00594035 0.0304092 0.0101945 0.00967247 -0.00404469 0.0235466 0.015977 -0.0283277 -0.0245714 -0.0367705 -0.0103518 -0.0371734 -0.0250786 0.0121011 -0.0452222 -0.0157607 0.033019 0.0147025 -0.0100582 0.0423041 0.0303609 0.00324013
internal_weight=19.8481 15.6479 8.25841 4.38322 4.20016 7.3895 3.87519 1.31363 2.27962 6.71237 1.68964 2.44679 1.72568 1.39054 1.02108 0.677139 1.16871 0.978617 0.58494 3.36214 1.91529 0.673041 1.24225 0.374891 2.56156 0.946645 0.508741 4.26558 1.77919 0.772099
internal_count=1279 717 492 346 562 225 146 92 153 200 93 83 69 44 33 25 56 51 27 313 108 24 84 20 54 28 22 117 43 23
is_linear=0
shrinkage=0.05


Tree=89
num_leaves=31
num_cat=0
split_feature=42 39 43 47 48 43 20 6 11 3 15 17 35 25 0 36 28 0 15 31 29 16 36 42 25 27 43 25 46 20
split_gain=1.6609 1.4127 0.928745 1.19027 1.00833 0.84102 0.830441 0.656511 0.673236 0.628558 0.532975 0.520472 0.426695 0.392634 0.374799 0.365471 0.338619 0.335762 0.287529 0.282939 0.321516 0.486873 0.250617 0.245789 0.21324 0.137685 0.178105 0.100026 0.0957534 0.0904518
threshold=0.87939563393592846 -0.28903104364871973 0.46939179301261907 -1.4171867370605467 1.3351942300796511 0.92544731497764599 0.48886829614639288 -1.429795980453491 1.5130706429481509 -0.28078378736972803 0.42185051739215856 -0.61729449033737172 0.84311997890472423 0.2593063116073609 -0.44918863475322718 1.0085023641586306 0.62955254316329967 -1.1197890043258665 -1.2242917418479917 0.42117622494697576 -1.1898783445358274 -0.36438114941120142 0.039189619943499572 0.85420247912406932 -0.99047926068305958 -0.21163466572761533 1.1415938735008242 -0.16017981618642804 2.521839022636414 -1.6727423071861265
decision_type=2 2 2 2 2 2 2 2 2 2 2 2 2 2 2 2 2 2 2 2 2 2 2 2 2 2 2 2 2 2
left_child=1 2 3 4 -1 18 11 -6 -9 13 24 22 19 -8 -13 -14 -12 -5 -3 20 -10 -22 -2 29 -7 26 -4 -21 -20 -19
right_child=6 5 25 17 7 10 9 8 12 -11 16 14 15 -15 -16 -17 -18 23 28 27 21 -23 -24 -25 -26 -27 -28 -29 -30 -31
leaf_value=-0.051499228899646837 0.050183954338694839 0.012251142076133072 -0.01077660749639274 0.046547321311208117 -0.057502048172173359 0.039595223493966276 0.051310854488924952 -0.054856715148040115 0.046252325543503968 -0.044215228296796555 -0.034483107265587017 0.050766045564282186 -0.027527158473927171 -0.010773271232196069 -0.051850003175039863 0.030558890033879578 0.039935937561534546 -0.0030008027266092072 -0.050783150914215161 0.050036624482658901 0.033674388658753336 -0.051893541838433421 0.0024630393075649945 0.01853525190724525 -0.051917304183128093 0.051184496641490412 0.051556724802330402 0.026889890309062994 -0.014042875096916613 -0.051999436051414528
leaf_weight=0.6139798026997586 3.0373259335756306 0.2103519290685657 0.24563226709142316 0.11168021010234941 0.28446801728568871 0.074385799234732985 0.51197522133588769 0.27813536091707725 0.43860222632065338 0.59605073183774937 0.19252444664016366 0.13818448781967163 0.61316401301883139 0.50670598680153489 0.24991396814584677 0.48499658703804016 0.74186636204831302 0.10071803163737048 2.6546522681601359 1.708221666980535 0.33414458832703453 0.3308295782189834 0.30253079161047924 0.14837436657398928 0.4413564021233467 1.0319959279149769 0.21481973677873611 0.64220727328211058 0.19003632734529663 1.4524209741503007
leaf_count=73 86 7 17 5 7 3 7 17 8 12 23 3 17 13 17 7 28 6 550 28 6 31 9 5 64 19 3 12 17 175
internal_value=0.0029124 -0.00640279 0.00500228 -0.00212915 0.00904575 -0.0292738 0.0265192 0.0163136 0.0206608 -0.00343309 0.00208227 0.0394928 0.0252749 0.0204294 -0.015313 -0.00187377 0.0246024 -0.037436 -0.0441576 0.0339065 0.0130218 -0.00889629 0.0458613 -0.0429483 -0.0387184 0.0410403 0.0183044 0.0437122 -0.0483288 -0.048822
internal_weight=18.8823 13.5396 9.03439 7.54194 5.72875 4.50517 5.34269 5.11477 4.8303 1.61473 1.45013 3.72796 4.55217 1.01868 0.388098 1.09816 0.934391 1.81319 3.05504 3.45401 1.10358 0.664974 3.33986 1.70151 0.515742 1.49245 0.460452 2.35043 2.84469 1.55314
internal_count=1275 1128 436 397 206 692 147 133 126 32 118 115 109 20 20 24 51 191 574 85 45 37 95 186 67 39 20 40 567 181
is_linear=0
shrinkage=0.05


Tree=90
num_leaves=31
num_cat=0
split_feature=39 40 47 15 31 48 33 30 40 39 15 7 43 6 17 12 37 47 15 31 3 21 35 0 39 36 33 38 0 3
split_gain=1.43685 1.37144 1.08908 1.15379 0.847924 0.832772 0.713777 0.70265 0.647893 0.46565 0.469444 0.604763 0.536336 0.452063 0.422202 0.489249 0.476618 0.465775 0.411154 0.376035 0.470621 0.37501 0.48933 0.230134 0.218244 0.207928 0.439534 0.198971 0.152646 0.109865
threshold=-0.054377619177103036 -0.15336740761995313 -1.3752998709678648 -1.1536427736282346 0.67171961069107067 1.3351942300796511 -0.62448090314865101 -1.2925649881362913 -1.5166667103767393 -0.35500389337539667 -1.2942132353782652 -1.0634092092514036 0.65777161717414867 -1.4708710312843321 -0.77048379182815541 1.473860561847687 1.0416296720504763 -1.5573325753211973 -1.0157985687255857 0.71619459986686718 -0.30965752899646753 -1.5485115051269529 -0.41184368729591364 -1.105155825614929 -0.15861956030130384 1.0071026086807253 0.91305848956108104 -0.64267966151237477 -1.1219771504402158 -0.12145369499921797
decision_type=2 2 2 2 2 2 2 2 2 2 2 2 2 2 2 2 2 2 2 2 2 2 2 2 2 2 2 2 2 2
left_child=1 7 5 -4 -2 -3 21 8 -1 -9 -11 -12 18 -7 -15 16 17 -16 -13 20 25 -6 27 -19 -20 26 -18 -23 -5 -17
right_child=4 2 3 28 6 13 -8 9 -10 10 11 12 -14 14 15 29 19 23 24 -21 -22 22 -24 -25 -26 -27 -28 -29 -30 -31
leaf_value=0.034780594793824914 -0.051015249324162897 -0.051424232611833966 0.037802082486963803 0.0017585267136275744 0.051694204125502033 -0.057275844597706363 -0.050957928377703722 0.04963374692098621 -0.054499176238036795 0.047776947344333666 0.048196429942365976 0.050834825234956409 -0.056047837574626475 -0.065626430924026952 0.051433667833565122 0.02144759935168368 -0.051645147945693574 0.050980264254431674 -0.052647952732442306 0.047505236470798302 -0.039184120346629728 -0.0074225728534592838 -0.05289051005828882 -0.048005600703041572 0.01941018559271266 0.049932166903315388 0.038881170734230225 0.046768521648131792 -0.051591154858285207 0.048096700543316967
leaf_weight=0.36079601291567087 1.7200814022216939 0.53355556889437128 0.48857734072953496 0.1443573078140622 0.47211408987641323 0.21307686809450377 0.56936511211097229 2.5260518351569772 0.46523338649421919 0.99018321558833133 0.56125006265938293 0.35694625414907921 0.47638852358795702 0.14990793913602818 0.17291274666786172 0.5539576723240317 0.21944474428892147 0.064191490411758201 0.24539629882201541 0.80177045380696643 0.42748573608696472 0.31484938343055535 0.32420321088284287 0.68867922131903547 0.18376916437410085 0.42645981535315514 0.34471330372616649 0.36662268149666488 1.8831711141392566 1.2813462761696424
leaf_count=6 405 71 7 8 5 6 102 83 20 24 12 8 27 2 2 14 17 1 13 14 13 19 21 64 8 4 8 6 272 20
internal_value=0.00238612 0.00950756 -0.00364506 -0.0311719 -0.0251368 0.00813895 -0.00339299 0.0274118 -0.0155032 0.0340502 0.020061 0.00501296 -0.0141844 0.0140859 0.0170495 0.0195377 0.00756817 -0.0225695 0.011185 0.0201369 0.00466328 0.0149329 -0.00232467 -0.0395658 -0.0217926 0.0235849 0.00366848 0.0217315 -0.0477927 0.0400531
internal_weight=18.3269 14.5596 8.39361 2.51611 3.76724 5.8775 2.04715 6.16601 0.826029 5.33999 2.81393 1.82375 1.2625 5.34395 5.13087 4.98096 3.14566 0.925783 0.786112 2.21987 1.4181 1.47779 1.00568 0.752871 0.429165 0.990618 0.564158 0.681472 2.02753 1.8353
internal_count=1282 724 523 287 558 236 153 201 26 175 92 68 56 165 159 157 123 67 29 56 42 51 46 65 21 29 25 25 280 34
is_linear=0
shrinkage=0.05


Tree=91
num_leaves=31
num_cat=0
split_feature=42 30 39 43 49 39 33 35 21 2 32 3 17 16 20 30 3 11 30 21 25 40 35 46 4 46 27 38 46 21
split_gain=1.309 1.23848 1.10879 0.939561 0.890598 0.567536 0.631698 0.558152 0.547578 0.501361 0.831683 0.586479 0.70594 0.480833 0.437894 0.610438 0.742272 0.300102 0.284904 0.23627 0.165499 0.164343 0.152554 0.139912 0.136085 0.277446 0.130643 0.198666 0.100099 0.0832792
threshold=0.87939563393592846 -1.2925649881362913 -0.29654878377914423 0.92544731497764599 1.4425713419914248 -0.15861956030130384 -0.87259763479232777 -0.4086806178092956 -2.8428971767425533 -0.32257366180419916 -1.2108606696128843 -0.31212134659290308 -0.64048266410827626 1.1600245237350466 -1.5508474707603452 0.67275184392929088 -0.27492760121822352 1.5321565866470339 0.78547528386116039 -2.3006583452224727 -1.5488132238388059 -0.28560771048068995 0.23977113515138629 0.15317334234714511 -0.17895926535129544 -0.23854216933250424 0.4998783171176911 -0.55532118678092945 2.521839022636414 0.55320230126380932
decision_type=2 2 2 2 2 2 2 2 2 2 2 2 2 2 2 2 2 2 2 2 2 2 2 2 2 2 2 2 2 2
left_child=2 -2 4 19 8 21 18 26 -1 10 11 22 -13 -9 -11 16 29 24 -7 -4 -21 -3 23 -10 25 -17 27 -5 -22 -16
right_child=1 5 3 7 -6 6 -8 13 9 14 -12 12 -14 -15 15 17 -18 -19 -20 20 28 -23 -24 -25 -26 -27 -28 -29 -30 -31
leaf_value=-0.057588201259406717 -0.054502946436559001 0.050618073400562347 0.0080285077918443113 -0.050584718830533462 -0.051689848698691192 -0.05550392419275392 0.039185172373369652 -0.051849786318370485 -0.01973504112219238 0.04731095418147125 -0.051776032606573145 0.051533254304700252 -0.054889908263724654 0.036725505637751718 0.051392399584623216 -0.023299634590717017 -0.048667163390629688 -0.016014019292676582 0.0089028913667255176 0.028571879349351282 -0.050906495134846276 0.013941543048887815 0.041492530045469905 0.035022665276386526 0.049987930652994755 0.044561954951056894 0.049477298659674235 0.041446410031823255 -0.012447967724749541 0.0091721945233652485
leaf_weight=0.2922098806593566 0.44715177174657572 2.4635010845959187 0.21545740566216443 0.096385457320138812 0.64473391440697003 0.38571153301745653 0.75683635193854459 0.51221452071331419 0.2422233051620426 1.2902705115266142 0.69227760774083469 0.21862830966711067 0.5424432139843699 0.21861044247634709 0.26114014536142327 0.23254373343661416 0.6971617201343181 0.30178994568996143 0.30946053005754948 0.071838958188891744 2.5176445876713855 0.34865988884121213 0.95651369076222181 0.22503010183572769 0.98592425626702596 0.42750870599411428 0.53083702735602856 0.14974170248024166 0.18138254457153369 0.21130855288356543
leaf_count=19 16 84 11 21 84 14 13 73 12 27 70 3 48 11 3 12 50 9 7 3 556 10 21 10 23 12 8 7 17 19
internal_value=0.00214938 0.024662 -0.00619176 -0.0261619 0.00472424 0.0329635 0.00757802 0.00601236 0.00952458 0.0122166 -0.00401874 0.0111134 -0.0243184 -0.0253544 0.0228144 0.0126753 -0.0158772 0.0298208 -0.0268328 -0.0424066 -0.0463284 0.0460708 0.0300534 0.00663637 0.0382246 0.0206536 0.0355164 0.00540625 -0.048322 0.0325089
internal_weight=17.4271 4.71132 12.7158 4.49411 8.22171 4.26417 1.45201 1.50779 7.57697 7.28476 2.87712 2.18484 0.761072 0.730825 4.40765 3.11738 1.16961 1.94777 0.695172 2.98632 2.77087 2.81216 1.42377 0.467253 1.64598 0.660052 0.776964 0.246127 2.69903 0.472449
internal_count=1273 144 1129 707 422 128 34 120 338 319 164 94 51 84 155 128 72 56 21 587 576 94 43 22 47 24 36 28 573 22
is_linear=0
shrinkage=0.05


Tree=92
num_leaves=31
num_cat=0
split_feature=20 42 29 46 36 10 2 32 21 36 27 32 17 23 47 39 4 21 35 47 2 48 10 28 26 27 46 0 48 4
split_gain=1.43875 0.961645 0.858867 0.733743 0.61928 0.590018 0.575729 0.761452 0.473102 0.581338 0.466336 0.505176 0.457087 0.422802 0.409546 0.363815 0.363813 0.553767 0.350613 0.412909 0.323689 0.242667 0.215824 0.197205 0.190435 0.165428 0.141524 0.130615 0.119473 0.277966
threshold=-1.714368939399719 0.88129737973213207 0.93491452932357799 -0.70843145251274098 0.11312000453472139 -1.206772446632385 -0.60456243157386769 -1.4530305266380308 -0.27879105508327479 1.0039024949073794 0.15529599785804751 0.31975933909416204 -0.77048379182815541 2.1887995004653935 0.60671314597129833 -0.20365498214960095 -0.17899551242589948 -1.7156569957733152 -0.2294909060001373 -1.4298224449157713 -0.32257366180419916 -0.7179795205593108 -1.2267066836357114 -0.286729946732521 1.2381865382194521 0.34258374571800237 0.72667655348777782 -0.44918863475322718 1.3666469454765322 -0.17688876390457151
decision_type=2 2 2 2 2 2 2 2 2 2 2 2 2 2 2 2 2 2 2 2 2 2 2 2 2 2 2 2 2 2
left_child=5 2 3 8 10 22 7 -4 12 -10 11 15 -2 -5 16 -3 17 -8 -18 23 -15 -21 -1 -20 -16 28 -19 -6 29 -14
right_child=1 4 6 13 27 -7 14 -9 9 -11 -12 -13 25 20 24 -17 18 26 19 21 -22 -23 -24 -25 -26 -27 -28 -29 -30 -31
leaf_value=-0.051023829456652937 -0.061533784578578332 0.023411353391522831 0.044250323249099797 -0.04824721260570497 0.00067713005023920837 0.046490471917193209 0.045311181972688221 -0.053173607336897272 -0.051056191427794995 0.048412695669164105 0.050594931950685977 0.045872589499363382 -0.050947271340021985 -0.051633399842264498 -0.050992192038584364 -0.030687567423460845 0.04943412180925668 -0.051347389671472787 0.011457027520386616 0.026612811950167872 0.039194654224694397 -0.042378721577351952 0.028340087737737104 0.051575482873501124 0.045199271116981597 -0.0055551845259975046 -0.0014423016661428293 -0.052629510556267606 0.049391828614799037 0.039391464556387541
leaf_weight=0.23216917016543448 0.18010533973574627 0.54942770488560222 0.2669928465038538 2.6291926547419266 0.18110318668186665 2.2819698618259308 0.3130357931368053 0.80609984812326707 0.76165183749981213 0.18198876781389117 1.2623414397239683 0.69505410268902768 0.11838423693552602 0.15539434249512851 0.33621760946698476 0.71545905899256423 1.0271546486765148 0.4478543079458176 0.68360708840191364 0.18410568498074997 0.26599995605647553 0.41421748558059379 0.13575114309787784 0.55500825867056824 0.060750504722818732 0.36146186967380345 0.20806191558949649 0.3144147885031997 0.55091974139213562 0.30330993630923364
leaf_count=28 4 12 3 546 5 60 5 71 150 3 46 16 16 21 62 18 21 57 18 7 9 19 2 7 2 19 9 16 9 12
internal_value=0.00313495 -0.00304452 -0.0105877 -0.0244151 0.0188914 0.037017 0.00377504 -0.0289339 -0.00408476 -0.0318728 0.0268937 0.0116285 0.0132328 -0.0407951 0.0120728 -0.00718867 0.0170796 -0.0094042 0.0260393 0.0129577 0.00570069 -0.0211498 -0.021741 0.0294336 -0.0362714 0.0233266 -0.0355171 -0.0331469 0.0340602 0.0140302
internal_weight=17.1792 14.5293 10.8115 5.50841 3.7178 2.64989 5.30311 1.07309 2.45782 0.943641 3.22228 1.95994 1.51418 3.05059 4.23001 1.26489 3.83305 0.968952 2.86409 1.83694 0.421394 0.598323 0.36792 1.23862 0.396968 1.33408 0.655916 0.495518 0.972614 0.421694
internal_count=1273 1183 1070 789 113 90 281 74 213 153 92 46 60 576 207 30 143 71 72 51 30 26 30 25 64 56 66 21 37 28
is_linear=0
shrinkage=0.05


Tree=93
num_leaves=31
num_cat=0
split_feature=31 39 49 42 39 43 6 2 33 46 5 21 6 27 20 42 33 35 4 46 26 7 25 0 21 46 46 0 35 42
split_gain=1.43382 1.00005 0.803978 0.745459 0.632688 0.869177 0.669146 0.534373 0.509719 0.482784 0.464173 0.442295 0.42719 0.419514 0.547426 0.387973 0.321943 0.275356 0.4029 0.275167 0.527647 0.238577 0.192584 0.617702 0.158974 0.189101 0.141826 0.110464 0.103947 0.0943165
threshold=0.51575326919555675 -0.19127560406923291 1.4200972914695742 0.89384356141090404 -0.28631144762039179 0.92544731497764599 -1.429795980453491 -0.83066952228546131 -0.8280753195285796 -0.44423526525497431 0.89669334888458263 -1.5485115051269529 1.7245252132415774 0.35237465798854833 -1.726208448410034 0.36891120672225958 1.0697347521781924 5.7572312355041513 -0.17899853736162183 -0.95210728049278248 0.51446127891540538 0.95642638206481945 -0.3655420839786529 -0.75762376189231861 0.55320230126380932 1.6483359932899477 2.521839022636414 -0.17959750443696973 -0.27429193258285517 0.89010810852050792
decision_type=2 2 2 2 2 2 2 2 2 2 2 2 2 2 2 2 2 2 2 2 2 2 2 2 2 2 2 2 2 2
left_child=1 7 3 4 6 11 -2 -1 29 13 -11 -6 -3 15 -15 16 -10 18 -18 20 -8 26 -21 -24 -7 -26 -13 -17 -25 -9
right_child=2 12 -4 -5 5 24 19 8 9 10 -12 21 -14 14 -16 27 17 -19 -20 22 -22 -23 23 28 25 -27 -28 -29 -30 -31
leaf_value=-0.051182354324190972 -0.038906803742614522 -0.05098356967267334 -0.052166238520452192 0.046849431812882932 0.016024560013461957 0.047153195082352113 -0.039892869180492618 0.013367896823784607 0.04269696684894804 -0.05136773179019808 0.044830731050624788 -0.053511374989303473 0.035158536759447225 0.051367460908844934 -0.052138409717040618 0.0017411322562760883 0.051899677129715764 0.048297822633139073 -0.056743421665891615 0.045595735345096478 0.050653297642538987 0.035459673014690843 0.044508957484901024 0.0050801009107956218 -0.019309278376203706 0.038253022444034883 0.0022989298399675082 -0.055561202491629949 -0.052916353198526757 0.050841509744044847
leaf_weight=0.51207347027957428 0.38974234391935159 1.8783903853036483 0.42408669926226217 1.8185046147555111 0.42517622304148872 0.5418314100243149 0.36187366745434735 0.24288445967249561 1.1071287665981806 0.7878196507226688 0.14913338888436556 1.1481896380428209 0.15586537029594172 0.16724048554897308 0.54088034690357734 0.1453542762901634 0.12003023177385375 0.18284278176724911 0.2952359933406109 1.9665906643494966 0.28970124199986458 0.091846003662794717 0.7903648561332377 0.11277635861188173 0.28667393699288368 0.28405123041011393 0.12636053003370751 0.19958846387453366 0.24531467491760717 0.54395592026412487
leaf_count=67 11 464 37 80 12 10 16 18 26 124 3 156 5 2 62 10 1 4 31 40 7 4 24 3 14 6 9 10 21 11
internal_value=0.00221293 -0.0148318 0.0150901 0.0183025 0.0109499 -0.00695602 0.0234611 -0.00279464 0.00273359 -0.00504706 -0.036056 -0.0285116 -0.0443833 0.00548619 -0.0276929 0.0169461 0.0267287 -0.00282935 -0.0253408 0.0299144 0.00036549 -0.0423698 0.0360952 0.0198267 0.0277554 0.00933961 -0.0479783 -0.0314148 -0.0346511 0.039274
internal_weight=16.3315 7.02842 9.30308 8.879 7.06049 2.90413 4.15636 4.99417 4.48209 3.69525 0.936953 1.79157 2.03426 2.7583 0.708121 2.05018 1.70524 0.598109 0.415266 3.76662 0.651575 1.3664 3.11505 1.14846 1.11256 0.570725 1.27455 0.344943 0.358091 0.78684
internal_count=1288 838 450 413 333 211 122 369 302 273 127 181 469 146 64 82 62 36 32 111 23 169 88 48 30 20 165 20 24 29
is_linear=0
shrinkage=0.05


Tree=94
num_leaves=31
num_cat=0
split_feature=39 43 31 15 39 36 27 36 4 17 20 21 39 46 22 32 17 3 16 29 37 40 10 15 5 15 40 31 29 17
split_gain=1.25234 1.09067 0.817407 0.703555 0.939241 0.696149 0.637548 0.558076 0.518271 0.435344 0.536318 0.414058 0.366913 0.448026 0.351211 0.37436 0.293204 0.434221 0.280847 0.486714 0.476354 0.279293 0.264468 0.25505 0.236043 0.153523 0.148493 0.235082 0.146738 0.192515
threshold=-0.11596874147653578 0.43563264608383184 0.67171961069107067 0.42639307677745825 -0.40740932524204249 -1.5439995527267454 -0.64763209223747242 0.99872043728828441 -0.1789988502860069 0.40970504283905035 -1.5226978063583372 -2.8428971767425533 -0.25299327075481409 -0.97318792343139637 -0.69661888480186451 -0.041214466094970696 -0.51423293352127064 -0.015117540024220942 -0.37286995351314539 0.76063027977943432 1.0455961823463442 -0.41735835373401636 -1.206772446632385 -0.9031459093093871 0.11615373566746713 -1.4415037035942075 -1.2960213422775266 -0.18273188918828961 1.203634560108185 0.49829435348510748
decision_type=2 2 2 2 2 2 2 2 2 2 2 2 2 2 2 2 2 2 2 2 2 2 2 2 2 2 2 2 2 2
left_child=1 3 -2 4 18 -4 8 16 -3 10 11 -9 -8 -14 24 -16 17 -5 -1 20 -20 -15 -13 -6 -7 -17 -10 -28 29 -11
right_child=2 6 5 7 23 14 12 9 26 28 -12 22 13 21 15 25 -18 -19 19 -21 -22 -23 -24 -25 -26 -27 27 -29 -30 -31
leaf_value=0.047692835468331987 -0.050704998056338324 -0.054172018714671921 0.040476543563548323 -0.040504147581509747 0.010761755877713431 -0.050797487959864454 0.048428990541649813 -0.058859086720021249 0.051240682213392889 0.052610043231617457 -0.053472178128742977 -0.016416202771567946 -0.059776025107860432 0.050676028827838095 0.034594831417283506 0.05056223054477943 -0.052299281586243633 0.035726495849132206 -0.052736363842163209 0.041584281849172178 0.029559472876572887 -0.0085296181467855448 0.045649574206818588 -0.051571247939667775 0.033753982881532529 -0.052755272382557977 -0.05131994865940688 0.036130980727806704 0.051349214839819794 -0.016719650747433999
leaf_weight=1.1475250422954562 1.590130974305793 0.36750289378687739 0.63541261828504536 0.5112791124265641 0.23309962241910431 0.10665945964865398 2.5913066603243351 0.18648678530007601 0.24672317504882812 0.16049084067344654 0.57031848886981618 0.26175479963421822 0.17506172112189233 0.52267299965023994 0.15723543893545866 0.03742845356464386 1.1071385508403171 0.29435480409301895 0.38645740714855514 0.80109099904075265 0.32264004275202751 0.32185287261381768 0.49852688005194079 0.5544626512564732 0.36509024351835251 0.9136548181995745 0.13233425817452371 0.18328036321327079 0.40588223189115524 0.26623299508355558
leaf_count=23 442 18 13 68 14 17 102 9 4 1 43 14 8 13 3 1 138 7 34 23 5 19 11 90 14 114 19 7 5 22
internal_value=0.00170075 0.00948487 -0.0233527 -0.00196698 0.0148355 -0.0037209 0.028924 -0.0155482 -0.00799642 0.000775313 -0.0151686 0.00790487 0.0384314 0.0130221 -0.0214946 -0.036874 -0.0356003 -0.0126517 0.0290469 0.0148786 -0.0152917 0.0281125 0.0242812 -0.0331222 0.0146375 -0.0486894 0.0221806 -0.000536376 0.0298266 0.00935525
internal_weight=16.0541 12.2485 3.80561 7.70774 3.44528 2.21548 4.54073 4.26247 0.929841 2.34969 1.51709 0.946768 3.61089 1.01959 1.58007 1.10832 1.91277 0.805634 2.65771 1.51019 0.709097 0.844526 0.760282 0.787562 0.47175 0.951083 0.562338 0.315615 0.832606 0.426724
internal_count=1301 697 604 507 189 162 190 318 48 105 77 34 142 40 149 118 213 75 85 62 39 32 25 104 31 115 30 26 28 23
is_linear=0
shrinkage=0.05


Tree=95
num_leaves=31
num_cat=0
split_feature=39 40 36 30 36 25 48 17 31 42 42 31 43 15 26 35 47 10 22 26 17 39 26 28 29 0 10 46 17 47
split_gain=1.19244 1.18214 0.961316 0.845903 0.622621 0.677173 0.568044 0.441071 0.406956 0.343684 0.435353 0.587775 0.335222 0.322275 0.326496 0.309705 0.399821 0.336818 0.280067 0.269206 0.250003 0.231358 0.182464 0.177892 0.379996 0.0973965 0.0585289 0.00837142 0.00370769 0.00238863
threshold=-0.11596874147653578 0.20613011717796328 0.99150449037551891 -1.2925649881362913 -1.5439995527267454 -0.9061760902404784 1.3351942300796511 -0.76788756251335133 1.0328896045684817 0.89198139309883129 0.53347334265708934 0.51575326919555675 0.72199594974517833 -1.119224429130554 1.5091900825500491 -0.12969275563955304 -1.4171867370605467 -1.206772446632385 -1.1818064451217649 0.51446127891540538 -0.54687514901161183 -0.27618822455406183 0.014490826055407526 -0.81720945239067067 1.203634560108185 -1.0856047868728635 -0.62033432722091664 1.4453263878822329 0.9589446783065797 0.35034000873565679
decision_type=2 2 2 2 2 2 2 2 2 2 2 2 2 2 2 2 2 2 2 2 2 2 2 2 2 2 2 2 2 2
left_child=1 3 13 7 8 12 -4 -1 -2 10 28 26 -6 -3 -15 22 17 20 -7 23 -17 -13 -8 -19 -25 -18 -12 -11 -5 -20
right_child=4 2 6 9 5 18 15 -9 -10 27 11 21 -14 14 -16 16 25 19 29 -21 -22 -23 -24 24 -26 -27 -28 -29 -30 -31
leaf_value=0.039795722166219183 -0.050778212283641003 0.043463658999057714 -0.051389192489362912 0.050864972687253908 -0.050796831064696013 0.02422891086090203 0.0095192436844139146 -0.053529338624567407 0.038679971445173718 0.050555404505774781 -0.0085495227225125744 0.049296521002251084 0.036461493614786171 -0.051461205104874175 0.017313727144817947 0.028377713678655738 0.0094181905338820097 0.022344177673135658 -0.054082217588939843 0.046486367861155377 -0.05548384967351952 0.00097506877681486986 0.047637468906332858 -0.053055121446594612 0.036011031398205252 -0.052379972489042387 -0.052614565532133256 0.040253560589600758 0.04381665938462484 -0.050458327292993502
leaf_weight=0.17542723566293716 0.16669109486974809 0.1147841140627851 0.38820491149090219 0.62573674321174477 0.14902767352759916 0.12922420119866806 0.53179715969599806 0.45491753704845894 0.53565708361566067 1.8114625448361041 0.095840135356411338 0.50915111508220434 0.42102247476577759 1.4381850811187185 0.19609644450247277 0.12828179635107517 0.077468466013669968 0.7005033479072158 0.65191847039386663 0.63076140545308579 0.28927436913363713 0.48241058620624244 0.76636211830191314 0.29409629665315085 0.20201481878757477 0.36024163628462691 0.35258766729384639 0.22129144053906191 0.2658576937392354 1.5032021570950744
leaf_count=3 37 3 53 14 30 10 10 24 10 74 7 10 15 251 15 3 4 15 43 10 17 19 18 22 4 41 24 9 12 462
internal_value=0.000473307 0.00853817 -0.00619647 0.0265869 -0.0247247 -0.0351018 0.00634382 -0.0275566 0.0174485 0.0344069 0.0213058 0.00430498 0.0136496 -0.037521 -0.0432089 0.0119739 0.00227234 0.0107957 -0.0472675 0.0200536 -0.0297199 0.0257874 0.0320222 0.00612028 -0.0167877 -0.0414426 -0.0431968 0.0494339 0.0487633 -0.0515545
internal_weight=14.6695 11.1128 6.11807 4.99468 3.55674 2.85439 4.36901 0.630345 0.702348 4.36434 2.33158 1.43999 0.57005 1.74907 1.63428 3.9808 2.68264 2.24493 2.28434 1.82738 0.417556 0.991562 1.29816 1.19661 0.496111 0.43771 0.448428 2.03275 0.891594 2.15512
internal_count=1269 662 466 196 607 560 197 27 47 169 86 60 45 269 266 144 116 71 515 51 20 29 28 41 26 45 31 83 26 505
is_linear=0
shrinkage=0.05


Tree=96
num_leaves=31
num_cat=0
split_feature=39 49 29 21 11 46 33 46 42 6 33 23 27 26 3 48 36 32 9 1 15 36 27 45 25 11 5 47 44 25
split_gain=1.1291 1.02976 0.717109 0.598584 0.644581 0.549854 0.435948 0.491207 0.593514 0.412145 0.382587 0.342998 0.324562 0.315353 0.62069 0.408316 0.313206 0.305452 0.352137 0.301204 0.449438 0.165991 0.15612 0.143643 0.128156 0.122724 0.122106 0.0467247 0.0601075 0.0355102
threshold=-0.11596874147653578 1.4425713419914248 0.93491452932357799 -0.85045707225799549 -0.63795158267021168 1.6483359932899477 1.1279535293579104 -0.40872338414192194 0.88129737973213207 -0.96845149993896473 0.99789348244667064 1.0000000180025095e-35 -0.15019536018371579 0.42225608229637152 -0.20717379450798032 -0.69096150994300831 -3.2641253471374507 0.44607874751091009 2.198588609695435 -0.068441949784755693 -1.1536427736282346 1.0085023641586306 1.4801526665687563 0.72029042243957531 -1.2208824157714842 1.5155894756317141 3.0205012559890752 0.41701714694499975 1.6878506541252138 -0.17090664803981778
decision_type=2 2 2 2 2 2 2 2 2 2 2 2 2 2 2 2 2 2 2 2 2 2 2 2 2 2 2 2 2 2
left_child=1 2 6 4 -2 26 7 16 10 -7 -9 13 -10 14 15 -4 -1 19 -19 22 -21 -8 -18 29 -6 27 -5 -15 -29 -13
right_child=3 -3 11 5 24 9 21 8 12 -11 -12 23 -14 25 -16 -17 17 18 -20 20 -22 -23 -24 -25 -26 -27 -28 28 -30 -31
leaf_value=-0.054139218478322676 0.039383527313808696 -0.051582042176032197 0.024353082699110545 -0.05092100063436629 0.019745583717119472 0.041696643726624065 -0.054295600370301504 -0.051187612438599053 -0.013680294716259825 -0.050754492625492288 0.022146117661323884 0.049994678915036506 0.050727735400658946 0.050084335053252584 0.039460666174640203 -0.055342195220255942 0.044065498406221593 -0.052412301221119756 0.051207558644669707 0.051276213397744345 -0.052722712910544568 0.012205322036847764 0.0084331327071652841 0.008382191535144556 -0.052857749165138274 0.0096929942102455015 0.010512931654050879 0.0036670527747433334 0.046699635641709064 0.035517420520718677
leaf_weight=0.13583447411656413 0.68620272539556026 0.604255511309021 0.23249145713634789 1.7368980630999442 0.074143888661637902 0.34824494714848697 0.42437592381611455 0.87336962204426327 0.36668612016364932 0.18437225744128216 0.22333365073427558 1.6649400531314318 0.41920325905084599 0.65906283864751436 0.54109969362616561 0.52062820550054312 1.7090282633434992 0.25162438326515246 0.12162050232291222 0.18066417425870895 0.24444356653839161 0.12047462188638747 0.37482407130300988 0.28103079833090294 0.33722940785810374 0.40380400884896517 0.084834101842716225 0.14990478265099227 0.17691710125654936 0.5680894684046508
leaf_count=6 16 87 11 485 5 9 53 152 13 38 8 56 10 20 22 37 43 30 2 3 23 7 16 6 34 12 6 14 7 24
internal_value=0.0042356 0.0119124 0.0155172 -0.0207785 0.00971587 -0.0349947 0.00283716 0.00755433 -0.0124886 0.0096935 -0.0362539 0.028801 0.0206758 0.0163701 -0.00138977 -0.0307399 0.0200567 0.0235534 -0.0186481 0.0298316 -0.00852479 -0.0395912 0.0376563 0.0420717 -0.0397721 0.0329099 -0.0480602 0.0424192 0.0269617 0.0463116
internal_weight=14.6996 11.2477 10.6435 3.45193 1.09758 2.35435 5.44548 4.90063 1.88259 0.532617 1.0967 5.19797 0.785889 2.68391 1.29422 0.75312 3.01804 2.8822 0.373245 2.50896 0.425108 0.544851 2.08385 2.51406 0.411373 1.38969 1.82173 0.985885 0.326822 2.23303
internal_count=1255 662 575 593 55 538 366 306 183 47 160 209 23 123 70 48 123 117 32 85 26 60 59 86 39 53 491 41 21 80
is_linear=0
shrinkage=0.05


Tree=97
num_leaves=31
num_cat=0
split_feature=31 39 43 49 39 6 20 37 4 36 32 7 17 1 21 29 25 26 25 1 26 30 33 31 40 2 0 42 18 42
split_gain=1.24482 0.853294 0.875874 0.729943 0.682124 0.700575 0.563781 0.545078 0.517862 0.447101 0.4362 0.386125 0.333513 0.333607 0.33099 0.367604 0.391145 0.314206 0.308998 0.243156 0.225096 0.165728 0.115482 0.0640506 0.170246 0.0202883 0.013042 0.00484143 0.00161129 0.00112892
threshold=0.62456980347633373 -0.19127560406923291 0.46939179301261907 1.4200972914695742 0.16161283105611804 -1.38971871137619 0.22645208984613421 1.0478221178054812 -0.17899046838283536 -1.5439995527267454 -0.041214466094970696 0.87721711397171032 -0.71012961864471424 -0.87967237830162037 -2.8428971767425533 -1.7111532092094419 -1.2032759189605711 0.30904529988765722 -1.0241779088973997 1.7343594431877138 -0.48825514316558832 0.28434249758720404 -0.64782479405403126 1.3281325101852419 -0.48421300947666163 -0.57644608616828907 -0.60731729865074147 0.89198139309883129 -1.5864831209182737 0.88679862022399913
decision_type=2 2 2 2 2 2 2 2 2 2 2 2 2 2 2 2 2 2 2 2 2 2 2 2 2 2 2 2 2 2
left_child=1 2 7 4 5 -2 19 12 18 -6 -11 29 13 -1 -9 -16 -17 -10 -8 21 -4 -7 -22 24 -23 -25 -27 -20 -12 -3
right_child=3 11 20 -5 9 6 8 14 17 10 28 -13 -14 -15 15 16 -18 -19 27 -21 22 23 -24 25 -26 26 -28 -29 -30 -31
leaf_value=-0.052775914949357378 -0.039965636751046002 -0.050311370810724537 -0.013130558354498362 -0.05198807786050065 0.033000618814154468 0.0095918540279517697 0.044656180338120452 -0.058114789898536245 -0.011831211156528255 0.051861352363088142 -0.056499260028865399 0.031921279178125088 -0.051115468457594994 0.022262687089657101 0.045705524480022838 -0.055203725315035194 0.02629897606746805 0.049424198220792498 -0.051789289077116975 -0.0075856917486187992 0.049792786827577984 0.05076309539216535 0.018433737949705438 0.038289796451974729 -0.0029974292384073991 0.050533421302333015 0.037774674815424139 -0.064265279063160902 -0.050880745505517223 -0.053327673344855359
leaf_weight=0.23915355233475566 0.38764479872770508 1.2408517085714263 0.27191627072170366 0.38672619755379845 0.31726099224761128 0.36963257705792862 0.095380468526855111 0.17344507668167342 0.34261793526820816 0.11778254806995392 0.16910960525274277 0.15314328344538797 1.2240761929424482 0.38910559471696604 0.54426787956617761 0.27271811407990743 0.31986846565268934 0.53819233411923051 0.33553301298525184 0.26895788847468782 0.72954597184434522 0.38290879689157009 0.49128018948249508 0.4837456946261226 0.23928977153264019 2.3574702898040414 0.21889180690050203 0.10121939331293106 0.51994401356205322 0.41360788885503996
leaf_count=13 13 450 18 38 6 14 4 13 17 1 3 12 236 19 10 17 14 10 62 11 19 10 18 13 17 97 10 1 97 16
internal_value=0.00126866 -0.0148786 -0.0035578 0.014942 0.0185144 0.0250885 0.0294866 -0.0184576 0.00206913 -0.0172863 -0.03706 -0.0440347 -0.0359159 -0.00630156 0.00622261 0.0160383 -0.0112099 0.025597 -0.0368753 0.0384521 0.0280101 0.041508 0.0371734 0.0447118 0.0300875 0.0476853 0.0494494 -0.0546807 -0.0522597 -0.0510654
internal_weight=14.0953 6.46298 4.65538 7.63231 7.24558 6.12148 5.73384 3.16263 1.41294 1.1241 0.806836 1.8076 1.85234 0.628259 1.3103 1.13685 0.592587 0.88081 0.532133 4.3209 1.49274 4.05194 1.22083 3.68231 0.622199 3.06011 2.57636 0.436752 0.689054 1.65446
internal_count=1279 855 377 424 386 279 266 322 94 107 101 478 268 32 54 41 31 27 67 172 55 161 37 147 27 120 107 63 100 466
is_linear=0
shrinkage=0.05


Tree=98
num_leaves=31
num_cat=0
split_feature=39 49 29 46 47 33 42 4 36 39 42 32 5 22 3 20 32 5 0 40 37 21 0 4 0 6 21 17 0 7
split_gain=0.962305 0.897935 0.747694 0.66504 0.523322 0.624826 0.467272 0.61908 0.390229 0.352067 0.340224 0.297655 0.297364 0.322752 0.519435 0.283344 0.272582 0.254572 0.272972 0.227624 0.333803 0.676412 0.209821 0.202788 0.189484 0.154743 0.123604 0.0824231 0.155508 0.0721959
threshold=0.16161283105611804 1.4200972914695742 0.63407918810844432 0.16072203218936923 0.40742906928062445 1.1064780354499819 0.89384356141090404 -0.17899551242589948 -1.5439995527267454 -0.26958453655242914 0.84830018877983104 0.082844011485576644 -1.422717213630676 0.61984211206436168 -0.31212134659290308 0.89184221625328075 -0.15106422454118726 -1.0361194014549253 -1.1447061896324155 0.50318104028701793 1.0416296720504763 0.55320230126380932 -0.84848487377166737 -0.178999088704586 -1.1155098080635069 -0.33653330802917475 -1.0000000180025095e-35 -0.6506650149822234 1.0687991976737978 0.67919403314590465
decision_type=2 2 2 2 2 2 2 2 2 2 2 2 2 2 2 2 2 2 2 2 2 2 2 2 2 2 2 2 2 2
left_child=1 2 3 4 5 12 7 9 15 10 24 -6 -1 25 -15 -2 -10 -11 -19 -9 21 -21 -16 -5 -4 -14 -22 -27 -29 -7
right_child=8 -3 6 23 11 29 -8 19 16 17 -12 -13 13 14 22 -17 -18 18 -20 20 26 -23 -24 -25 -26 27 -28 28 -30 -31
leaf_value=-0.054693743902549698 0.039874307018418848 -0.051394070093713141 0.045034419318279478 0.050833509146216198 0.021801661004122182 -0.05459021467860331 0.048995581061798854 0.050703192060334051 0.015939763506716532 0.051214156051534822 0.048395621098531433 -0.051100943416248004 0.0053013709899057881 0.031881197471642676 0.050825369875039932 -0.051614122348204644 -0.05110353998710733 0.051051586683749664 -0.053937695158097737 0.032995547652939765 0.014566042292689303 -0.052628885168738551 -0.054228880503393841 -0.048493330139957033 -0.051433102296948863 0.047309798075513373 0.047197264526169132 -0.0063026782813152341 0.049765084352850895 -0.0027327735381301363
leaf_weight=0.1252596511039864 0.2854439498623832 0.59201537910848934 0.068736153421923518 0.054897036403417587 0.18784272740595032 0.3325194832868873 1.4200482117012141 0.84306510910391885 0.17276996979489911 0.078783445060252699 0.35661988146603107 0.54987278627231717 0.37221487611532111 0.56375605566427112 0.054378405213356018 0.12029474158771336 1.2378700963454328 0.068670056760310683 0.62900148169137604 0.55978263472206924 0.43066902458667755 0.3922890517860651 0.37736255466006685 0.80358691152650852 0.1962131410837169 1.305160284740849 0.88978664390742757 0.23366196383722315 0.26272320793941617 0.08408957184292376
leaf_count=4 14 93 3 1 20 36 81 25 15 1 9 117 16 23 1 21 361 1 71 12 12 27 37 162 24 27 18 18 4 13
internal_value=0.00342235 0.00862381 0.0117847 -0.00185024 0.00592473 0.0135705 0.0239804 0.0161102 -0.0304632 -0.0115333 0.0165106 -0.0325379 0.0208662 0.0238526 0.000274307 0.0127495 -0.0428923 -0.0339831 -0.0436039 0.0285144 0.0202828 -0.00228491 -0.0409971 -0.0421417 -0.0264064 0.0346505 0.0365545 0.0407143 0.0233725 -0.0441232
internal_weight=13.6494 11.833 11.241 5.30733 4.44884 3.71113 5.93366 4.51362 1.81638 1.39802 0.621569 0.737716 3.29452 3.16926 0.995497 0.405739 1.41064 0.776455 0.697672 3.11559 2.27253 0.952072 0.431741 0.858484 0.264949 2.17376 1.32046 1.80155 0.496385 0.416609
internal_count=1267 856 763 479 316 179 284 203 411 109 36 137 130 126 61 35 376 73 72 94 69 39 38 163 27 65 30 49 22 49
is_linear=0
shrinkage=0.05


Tree=99
num_leaves=31
num_cat=0
split_feature=42 20 10 40 48 36 37 27 36 21 37 23 20 27 23 21 48 4 38 5 33 36 20 0 16 0 21 5 3 44
split_gain=1.19177 0.745408 0.848217 0.781344 1.18129 0.62887 0.587365 0.503675 0.381466 0.363909 0.290629 0.278618 0.36876 0.288211 0.241544 0.227024 0.281826 0.21382 0.189994 0.178416 0.167301 0.162458 0.376433 0.1208 0.111975 0.0698017 0.121963 0.0475109 0.0348761 0.0343796
threshold=0.89617446064949047 -1.714368939399719 -1.206772446632385 -1.1108849644660947 1.7440409660339358 0.11312000453472139 1.0411947369575503 -0.034164372831583016 -0.28228814899921412 -1.3812686800956724 -2.0167409181594844 0.54458722472190868 0.48519869148731237 0.27672296762466436 -1.0000000180025095e-35 -0.070004474371671663 -0.76400095224380482 -0.17899906635284421 -0.48074896633625025 0.6576623022556306 -0.86316877603530873 1.0039024949073794 -0.64394089579582203 -1.1412285566329954 -0.55357390642166127 -0.19921454042196271 0.55320230126380932 -0.024609372951090332 -0.06630090624094008 -0.79282692074775685
decision_type=2 2 2 2 2 2 2 2 2 2 2 2 2 2 2 2 2 2 2 2 2 2 2 2 2 2 2 2 2 2
left_child=1 2 -1 10 7 25 9 -5 15 -6 -3 17 13 -13 18 28 -17 -10 -12 21 -16 22 -8 -19 -15 -2 -27 -24 -9 -4
right_child=5 3 29 4 6 -7 19 8 11 -11 14 12 -14 24 20 16 -18 23 -20 -21 -22 -23 27 -25 -26 26 -28 -29 -30 -31
leaf_value=-0.053508951725381816 0.050526263411243104 -0.040534020527297002 0.029538134463643492 -0.052240211543260889 0.046198891306767409 -0.031208822168578815 0.048015568739707998 0.016358497501312515 0.044189550899686132 -0.051509707663413534 -0.052138205835269472 0.038074149460246925 0.037726387467182099 0.010798802881229613 0.0041823117702847884 0.034374388828809818 -0.050794586619794128 0.032996594768401957 0.03131442070648198 0.048504135023160561 0.045091153183929429 0.033490421203799546 -0.014046822499098867 -0.051930999886589869 -0.053230939799671452 0.050530913235174113 0.009321569164386664 -0.052777665620214111 0.046309242296988518 0.047746226726597188
leaf_weight=0.28083678102120746 1.2497037649154663 0.1905717939371242 0.36338263563811768 1.9957055503036802 0.11926764249801647 0.32990187034010876 0.20539963198825706 0.15516381338238716 0.064322015270591115 0.47409032040741317 0.1626755865290761 0.12908902461640526 0.28615857649128884 0.079032112378627062 0.3413954365532843 0.15975717967376113 0.24777801765594665 0.043283862527460193 0.11743917362764467 0.57847865531221021 0.93275883735623033 0.54015554301440716 0.12830265820957709 1.2823584994766877 0.50192803633399308 0.37848697043955426 0.3415904501453042 0.20681398711167276 0.26017385255545378 0.90462964796461065
leaf_count=31 66 34 13 478 2 19 3 15 2 86 28 7 15 4 18 6 61 2 11 14 31 12 10 228 37 14 9 13 7 26
internal_value=1.19541e-05 -0.00697617 0.0251148 -0.0123776 -0.0194251 0.0326812 0.010825 -0.0325167 -0.0202506 -0.0318698 0.0177428 -0.030374 -0.0101926 -0.0295046 0.0248882 0.00910526 -0.0174076 -0.0448383 -0.0171504 0.0260938 0.0341301 0.0140977 -0.00528203 -0.049158 -0.0445205 0.0433816 0.030982 -0.0379492 0.0351201 0.0425282
internal_weight=13.0506 10.7509 1.54885 9.2021 7.45726 2.29968 2.25251 5.20475 3.20904 0.593358 1.74484 2.38617 0.996208 0.710049 1.55427 0.822873 0.407535 1.38996 0.280115 1.65915 1.27415 1.08067 0.540516 1.32564 0.58096 1.96978 0.720077 0.335117 0.415338 1.26801
internal_count=1302 1194 70 1124 1002 108 140 862 384 88 122 295 63 48 88 89 67 232 39 52 49 38 26 230 41 89 23 23 22 39
is_linear=0
shrinkage=0.05


Tree=100
num_leaves=31
num_cat=0
split_feature=29 46 49 42 42 36 49 25 2 23 6 1 38 27 17 12 27 5 37 21 25 44 34 36 38 15 3 31 29 23
split_gain=1.07647 0.644421 0.522066 0.502201 0.485086 0.517575 0.504549 0.675805 0.503371 0.378486 0.376717 0.418529 0.343491 0.343384 0.331888 0.307297 0.291947 0.283959 0.212355 0.147669 0.234259 0.144417 0.130951 0.358734 0.304882 0.103121 0.158533 0.0924605 0.0898375 0.0832892
threshold=0.90503448247909557 -0.44423526525497431 1.4200972914695742 0.89010810852050792 0.89384356141090404 0.99612027406692516 -0.73740315437316883 -1.1522042155265806 -0.60456243157386769 -0.62006303668022145 -0.73998683691024769 0.60285365581512462 -0.67075231671333302 -0.47731436789035792 -0.71137025952339161 1.4360260367393496 1.4801526665687563 1.1302197575569155 -2.0167409181594844 0.26985305547714239 -0.17346540838479993 2.9665824174880986 -0.65056639909744252 -1.5439995527267454 -0.29629312455654139 0.37588447332382208 -0.28831654787063593 -0.072138305753469453 1.0155121088027956 -0.41453655064105982
decision_type=2 2 2 2 2 2 2 2 2 2 2 2 2 2 2 2 2 2 2 2 2 2 2 2 2 2 2 2 2 2
left_child=1 9 4 15 5 6 8 -8 -2 17 21 12 -12 -5 -10 -3 18 -1 -14 -20 27 -11 23 -16 -25 -17 -27 -21 -9 -7
right_child=2 3 -4 13 -6 29 7 28 14 10 11 -13 16 -15 22 25 -18 -19 19 20 -22 -23 -24 24 -26 26 -28 -29 -30 -31
leaf_value=-0.051206804420171462 -0.051212074157921006 -0.050752642579578344 -0.051926582364210855 -0.041295659971109705 0.050262874803716398 0.023444149149468192 0.029754825861759478 0.010895667201112631 -0.040014428110411976 -0.051093896938705856 -0.053373889244051093 -0.052486265668977253 -0.052214897855180381 0.025532135857894753 0.049174146661327897 0.051367775918397342 -0.022765581083453446 0.051225060101055778 0.046112034945585655 -0.051350556941880489 0.034087626565795427 0.030656878584630332 0.045610184614151728 -0.051326804959166111 0.050270190403407779 0.047239495281573653 -0.051273938617156158 0.023959613164825592 -0.050318347543815561 0.050962196209590506
leaf_weight=0.45567161682993207 0.22765705164056305 1.6972995214164259 0.25440035492647428 0.29062206018716097 1.1561205275356767 0.41111125284805894 0.44863982219248977 0.064746646210551817 0.16689188312739145 0.31525886827148575 0.14398408599663648 0.20609834068454791 0.071590598905461156 0.56773274252191175 0.41977750463411201 0.088221319019794353 0.27032349561341096 0.079456999897956848 1.247427171561865 0.13742625142913312 0.59493722801562177 0.065194301540032029 1.0047582166735076 0.23707263451069582 0.10724911931902203 0.064736549975350499 0.11062589194625616 0.057938176556492471 0.80688634281978011 0.83038478437811114
leaf_count=120 29 495 27 13 74 11 12 6 5 63 12 21 4 17 9 1 16 1 29 25 40 4 37 27 6 2 18 6 123 19
internal_value=0.00319838 -0.0110395 0.0181993 -0.0289904 0.0212327 0.0141298 0.00425104 -0.0201069 0.0191161 0.00284358 0.00952647 0.0160229 0.0216179 0.00290556 0.0273871 -0.0429525 0.0261554 -0.0359975 0.0324249 0.0353986 0.0184882 -0.0370851 0.0337465 0.0181461 -0.0196814 0.00727522 -0.0149069 -0.0290162 -0.0457712 0.0418498
internal_weight=12.6002 6.46455 6.1357 2.81924 5.8813 4.72518 3.48368 1.32027 2.16341 3.64531 3.11018 2.72973 2.52363 0.858355 1.93575 1.96088 2.37964 0.535129 2.10932 2.03773 0.790302 0.380453 1.76886 0.764099 0.344322 0.263584 0.175362 0.195364 0.871633 1.2415
internal_count=1272 887 385 546 358 284 254 141 113 341 220 153 132 30 84 516 120 121 104 100 71 67 79 42 33 21 20 31 129 30
is_linear=0
shrinkage=0.05


Tree=101
num_leaves=31
num_cat=0
split_feature=39 49 31 43 47 15 36 16 47 45 5 48 39 3 6 5 47 26 35 1 20 25 10 46 46 27 15 31 0 25
split_gain=0.908953 0.863596 0.585966 0.562103 0.612553 0.490684 0.597981 0.491258 0.464212 0.497177 0.416158 0.363484 0.339318 0.394755 0.311911 0.308852 0.2539 0.242241 0.287525 0.218625 0.216932 0.180258 0.141295 0.131008 0.091262 0.0517755 0.0998682 0.112982 0.0320207 0.0228029
threshold=-0.1202682927250862 1.4425713419914248 0.67171961069107067 0.43563264608383184 0.41003356873989111 0.5185079574584962 0.99872043728828441 1.0000000180025095e-35 0.52804893255233776 -0.62687024474143971 -1.422717213630676 1.8615551590919497 -0.26005721092224116 -0.27575914561748499 1.7245252132415774 1.4178965091705324 -1.547881484031677 2.2917944192886357 5.7572312355041513 0.97361233830451976 0.80741703510284435 -0.54406678676605214 -0.40256895124912256 -0.32190918922424311 -0.99454641342163075 -0.36839053034782404 -1.119224429130554 -1.3321007490158079 -0.71447160840034474 -0.87282708287239064
decision_type=2 2 2 2 2 2 2 2 2 2 2 2 2 2 2 2 2 2 2 2 2 2 2 2 2 2 2 2 2 2
left_child=1 3 14 4 5 7 15 20 9 29 -5 17 25 22 -2 -7 -9 18 23 -11 24 -22 -14 -8 -1 26 -12 -28 -26 -4
right_child=2 -3 8 10 -6 6 11 16 -10 19 12 -13 13 -15 -16 -17 -18 -19 -20 -21 21 -23 -24 -25 28 -27 27 -29 -30 -31
leaf_value=0.01733105519376445 -0.050805146149704453 -0.051245653937525275 -0.022827192833899553 -0.053774699014477137 -0.050833266880379452 -0.052094837034385236 -0.056088058762406245 0.05117505401136857 -0.050858108295212215 0.04293030936259 0.050801242014197528 0.043079872795994414 -0.007977723622978149 -0.044198368435076116 0.029244631722287862 0.031419808948003135 -0.051826110162089822 0.03124859314629528 0.0324007989833991 -0.0084570480879226639 -0.030756739213404712 0.03098412404675779 0.044271312934083415 -0.0014315682293888404 0.051193096992370804 0.049625512287990586 0.051429851295497098 -0.019082586318587322 0.03531715763897756 -0.052142230560180941
leaf_weight=0.32289144909009371 1.2672754926607019 0.51108394155744541 0.09736710088327527 0.13642577792052213 0.43863734730985005 0.72125548345502499 0.37889689242001612 0.076362721621990204 0.3521244953153656 0.79208140063565202 0.31081313360482454 0.60662564227823157 0.1787463987711817 0.24934466136619393 0.13461510231718432 0.13077718671411276 0.27634414075873781 0.30898780096322298 0.18275108304806054 0.28019781783223152 0.21128308470360935 0.26839641761034716 0.4686239343136549 0.15427800687029947 1.0905425325036051 1.772781946696341 0.092002615332603455 0.14851091522723536 0.44811708363704017 0.20814545231405635
leaf_count=12 450 94 8 7 105 108 18 1 97 21 8 19 16 15 7 3 37 11 7 18 10 12 22 18 25 89 1 19 18 20
internal_value=0.00426182 0.0119738 -0.0190934 0.0155745 0.00589902 0.0107054 -0.00532583 0.0254847 0.000376019 0.01347 0.03176 0.012404 0.0353831 0.00925598 -0.0431184 -0.0392763 -0.0295259 -0.00575242 -0.0217218 0.0295023 0.0337721 0.0037893 0.0298448 -0.0402728 0.0414979 0.0454637 0.0320815 0.00789024 0.0465694 -0.0427995
internal_weight=12.6163 9.48448 3.13181 8.9734 5.61615 5.17751 2.48357 2.69394 1.72992 1.37779 3.35725 1.63154 3.22082 0.896715 1.40189 0.852033 0.352707 1.02491 0.715926 1.07228 2.34123 0.47968 0.64737 0.533175 1.86155 2.32411 0.551327 0.240514 1.53866 0.305513
internal_count=1296 675 621 581 404 299 184 115 164 67 177 73 170 53 457 111 38 54 43 39 77 22 38 36 55 117 28 20 43 28
is_linear=0
shrinkage=0.05


Tree=102
num_leaves=31
num_cat=0
split_feature=31 42 46 6 49 6 37 21 40 33 24 5 42 5 22 33 5 3 36 23 33 0 22 30 21 10 48 6 5 19
split_gain=0.869549 0.61325 0.555559 0.461408 0.454437 0.413974 0.416957 0.508335 0.631855 0.437153 0.361851 0.326788 0.32921 0.30444 0.400283 0.373986 0.254424 0.258434 0.189813 0.18241 0.178485 0.173702 0.139702 0.106341 0.098243 0.181835 0.0918947 0.213082 0.0855225 0.154062
threshold=0.62456980347633373 0.89384356141090404 -0.44423526525497431 1.0645749568939211 1.4200972914695742 -1.4708710312843321 1.0416296720504763 0.20130348950624469 0.011687966063618662 -0.85547414422035206 -0.6505959928035735 0.89669334888458263 0.91268283128738414 -0.51360657811164845 -0.92961961030960072 1.1064780354499819 0.32413493096828466 0.46840165555477148 1.0085023641586306 -0.62006303668022145 -1.1274873018264768 -1.1316338777542112 -0.65918552875518788 0.44582390785217291 -2.2030572891235347 -1.0955287814140318 -0.6567932367324828 -0.96845149993896473 -0.1983968988060951 0.21481231600046161
decision_type=2 2 2 2 2 2 2 2 2 2 2 2 2 2 2 2 2 2 2 2 2 2 2 2 2 2 2 2 2 2
left_child=2 3 13 4 5 -2 7 9 10 -7 -9 12 20 14 -1 16 19 -18 -17 22 -4 -5 -15 -16 -21 -26 -12 -28 -27 -30
right_child=1 -3 11 21 -6 6 -8 8 -10 -11 26 -13 -14 15 23 18 17 -19 -20 24 -22 -23 -24 -25 25 28 27 -29 29 -31
leaf_value=0.034889967601397967 -0.04196493608488526 0.046547841159594185 0.0089427871789586662 0.036583366541021234 -0.051536596334430834 -0.031413421928929007 0.043814931642540161 -0.050866671747817283 -0.05182149116456445 0.040073786952876132 0.047923512150983401 0.030344034778291624 0.013456977216393801 0.050702891390273876 -0.05240403241677271 -0.054099242991343381 -0.052219089840478398 0.022801803876875148 0.034079664710768509 0.049020040958354272 -0.050955773698641751 -0.054627547307315893 -0.051532117656029566 0.022548256785982039 -0.050699352802134494 0.038277656317875101 0.043371171622032245 -0.050691677484749599 0.041702613080200422 -0.050712904888183946
leaf_weight=0.20314351399429142 0.29418968735262652 1.2183772362768648 0.13501513726077963 0.060589727945625782 0.26867632812354703 0.25450498890131723 1.2358583919703958 0.16212431236635894 0.5934435564558953 1.3388627894455574 0.39146849699318409 0.19076525315176684 0.26703426335006941 0.046533044427633286 0.5616850778460506 0.30274888442363579 0.2321585688041522 0.22707929869648069 0.076437679119408131 0.56567602115683324 1.5771046624286102 0.37686955160461355 0.11853290314320553 0.051676767878234386 0.077757291379385363 0.6167804544093094 0.16798030305653811 0.093842404312454164 0.098142348229885101 0.083435566048135623
leaf_count=15 19 79 16 3 36 13 32 26 91 37 17 21 14 1 112 48 34 7 3 10 466 41 36 6 14 26 8 22 4 20
internal_value=0.00219384 0.0145965 -0.0125494 0.00716505 0.0116444 0.0153898 0.0193712 0.00930895 -0.012571 0.0286553 0.0159947 -0.0321547 -0.0381788 0.00049307 -0.0259419 0.00931997 0.0176969 -0.0151235 -0.0363238 0.0270769 -0.0462323 -0.0419945 -0.0227115 -0.0460892 0.032777 0.0222895 0.0325873 0.0096572 0.0293984 -0.000762579
internal_weight=11.8885 6.45679 5.43171 5.23841 4.80095 4.53227 4.23809 3.00223 1.40886 1.59337 0.815416 2.16992 1.97915 3.26179 0.816505 2.44528 2.0661 0.459238 0.379187 1.60686 1.71212 0.437459 0.165066 0.613362 1.44179 0.876116 0.653291 0.261823 0.798358 0.181578
internal_count=1277 424 853 345 301 265 246 214 164 50 73 517 496 336 133 203 152 41 51 111 482 44 37 118 74 64 47 30 50 24
is_linear=0
shrinkage=0.05


Tree=103
num_leaves=31
num_cat=0
split_feature=31 39 33 42 4 10 47 39 38 11 24 6 0 19 44 28 43 26 4 45 44 3 44 36 35 11 5 28 43 39
split_gain=0.840071 0.752362 0.486129 0.371459 0.378848 0.371415 0.383934 0.384476 0.363658 0.343395 0.31624 0.313 0.277992 0.393123 0.339661 0.301888 0.275768 0.26476 0.270057 0.231961 0.421962 0.227034 0.224411 0.171794 0.171282 0.140527 0.137344 0.23019 0.13582 0.104497
threshold=1.3166425824165346 0.13741016387939456 1.1279535293579104 0.89384356141090404 -0.17899551242589948 -1.2267066836357114 0.40742906928062445 -0.32477989792823786 -0.67075231671333302 1.5386469364166262 -0.6576903462409972 -0.29514621198177332 1.216885566711426 -3.7524623870849605 -0.79591244459152211 -0.19027918577194211 0.554131180047989 1.0000000180025095e-35 -0.17891111224889752 0.42714832723140722 0.037533119320869453 -0.32783946394920344 0.23906229436397555 0.98793259263038646 5.7572312355041513 -1.0000000180025095e-35 0.35287131369113928 -0.67253315448760975 1.0931082367897036 -0.15471060574054715
decision_type=2 2 2 2 2 2 2 2 2 2 2 2 2 2 2 2 2 2 2 2 2 2 2 2 2 2 2 2 2 2
left_child=1 2 5 4 8 -1 9 16 -2 10 29 17 14 -14 15 -12 -8 18 -6 -19 -21 -15 -20 -10 -4 -22 -16 -28 -9 -7
right_child=3 -3 24 -5 11 6 7 28 23 -11 12 -13 13 21 26 -17 -18 19 22 20 25 -23 -24 -25 -26 -27 27 -29 -30 -31
leaf_value=-0.050590625197010047 0.019633845610862566 -0.050818557720619412 -0.052453553499081554 0.047233198207345201 0.051902570112255797 0.0072857097726629879 -0.050826135876368167 -0.050665796996214277 -0.053179863112088194 -0.051514376217563433 0.02294268300298569 0.049782955739776598 0.051559431337848238 0.026541277717968784 0.042262303855410098 -0.051817094375360542 0.042363510876692996 0.044665906909435678 -0.053257760242036295 -0.053985872647722838 -0.0025588836045738412 -0.053953919554790092 0.019963023100518226 0.03610154184582106 0.024453993836198517 0.050771974881773096 0.050730849010643099 -0.01792584446070088 0.04094509645558491 -0.052270520932310327
leaf_weight=0.29949727456551034 0.42389325611293316 0.87916914955712844 0.55853479402139772 0.97639523819088925 0.12019957602024078 0.11515003256499767 0.1080172565998504 0.59715365362353656 0.46022234356496516 0.19279873126652081 0.33433626883197576 0.73835427174344648 0.19303777813911438 0.11758126551285386 1.8618654742604128 0.2265294133685537 0.29951056675054133 0.68375485646538414 0.35282359062694091 0.21870260313153267 0.20873751479666747 0.34351325943134714 0.1487672032089904 0.061024127993732691 0.083176859654486179 0.30256638955324822 0.21990558318793774 0.27445170225109894 0.043399001471698284 0.20437735470477481
leaf_count=65 19 351 100 69 1 5 29 193 70 31 20 23 2 6 67 36 10 24 20 8 17 24 17 4 4 8 6 15 2 18
internal_value=0.00344732 -0.00758827 -0.00132979 0.0197865 0.0125806 0.00353288 0.00669169 -0.0203039 -0.0147585 0.0136204 0.016848 0.0218958 0.0211119 -0.00834726 0.0277178 -0.00725223 0.0176631 0.0117803 -0.0154105 0.0237391 0.00413819 -0.0334273 -0.0315412 -0.0427274 -0.042485 0.0289999 0.036042 0.0126148 -0.0444589 -0.0308079
internal_weight=11.6474 6.95201 6.07284 4.69544 3.71905 5.43112 5.13163 1.04808 0.94514 4.08355 3.89075 2.77391 3.57122 0.654132 2.91709 0.560866 0.407528 2.03555 0.62179 1.41376 0.730007 0.461095 0.501591 0.521246 0.641712 0.511304 2.35622 0.494357 0.640553 0.319527
internal_count=1264 984 633 280 211 529 464 234 93 230 199 118 176 32 144 56 39 95 38 57 33 30 37 74 104 25 88 21 195 23
is_linear=0
shrinkage=0.05


Tree=104
num_leaves=31
num_cat=0
split_feature=42 5 47 47 17 49 45 20 20 3 26 16 31 5 26 4 27 18 11 5 14 39 39 14 9 40 26 25 28 37
split_gain=0.819937 0.835222 0.483049 0.474097 0.455214 0.45505 0.471806 0.332977 0.307829 0.346568 0.302213 0.246694 0.244427 0.367398 0.441296 0.288557 0.28404 0.252923 0.205483 0.264365 0.204285 0.161088 0.107396 0.0943526 0.130076 0.0649486 0.0846679 0.064075 0.059839 0.0452768
threshold=0.87939563393592846 -0.31992186605930323 -1.5949105024337766 0.60271564126014721 -0.56188645958900441 1.4425713419914248 -1.0004698634147642 -1.6727423071861265 0.48886829614639288 -0.28078378736972803 2.7734664678573613 1.9018121361732485 1.3166425824165346 -0.17339038103818891 0.51446127891540538 -0.17899551242589948 -0.41779734194278711 -0.39687487483024592 1.5141587853431704 0.63179677724838268 -2.0048147439956661 0.1044866442680359 -0.37006738781929011 -1.245118200778961 -0.78898864984512318 -1.5166667103767393 0.47473526000976568 -0.52977237105369557 0.67777794599533092 1.0368213057518008
decision_type=2 2 2 2 2 2 2 2 2 2 2 2 2 2 2 2 2 2 2 2 2 2 2 2 2 2 2 2 2 2
left_child=1 10 -3 5 8 6 -4 -8 21 -10 23 12 13 29 20 17 -16 -14 -17 -20 -15 28 -5 24 -1 26 -25 -18 -2 -9
right_child=4 2 3 22 -6 -7 7 11 9 -11 -12 -13 15 14 16 18 27 -19 19 -21 -22 -23 -24 25 -26 -27 -28 -29 -30 -31
leaf_value=0.050906322760829105 0.050121407064778814 -0.054186491758669936 -0.052284517140437407 0.035130659706289327 -0.038750042041297429 -0.051314510037282893 0.04821272075388551 0.016756787790171496 0.033044393285011173 -0.033184136211843039 0.019574142670884268 -0.053456982574040496 0.027530326291099774 0.050806618597234357 -0.051792574219707066 0.047437364167004642 0.04616245563347704 -0.050792802650521489 -0.026376948960179739 0.03591772722415168 -0.051492659269038524 0.0014431998893175398 -0.050343058137041256 -0.05023843787243714 -0.050459678191348382 -0.050992684064987873 0.045201869672459982 0.011324805240255229 0.020841721692537722 0.046841086906955369
leaf_weight=0.059522174298763275 1.5567249855957932 0.34695994318462808 0.25620084896217932 0.040351382223889232 0.25439797819126475 0.28207844996359188 0.74096295353956332 0.19985552306752463 0.469499871134758 0.34100234974175681 0.21216487861238409 0.13971319701522578 0.20125308074057102 0.053182303905484951 0.12854425574187189 1.0950602358207104 0.30239649186842144 0.21128536423202637 0.2675525746308266 0.46859758906066418 0.59239697642625011 0.21993130724877108 0.41180496208835382 0.052459304686635622 0.067583123571239301 1.2728303192416195 0.041717161191627383 0.23421436885837466 0.19652802543714631 0.33419907279312611
leaf_count=1 82 39 33 3 23 50 26 31 10 11 11 11 7 1 16 31 9 45 11 12 111 5 171 20 27 420 2 19 12 5
internal_value=0.00315378 -0.00523243 0.00316417 0.00650302 0.0252722 0.0105438 0.013883 0.0172944 0.0311232 0.00518008 -0.0362673 0.0118763 0.0141088 0.000626229 -0.0136167 0.0251941 0.0149652 -0.0125836 0.0337048 0.0132768 -0.0430653 0.0417795 -0.0427152 -0.0441968 -0.00299097 -0.0480282 -0.00796144 0.0309569 0.0468393 0.0355828
internal_weight=11.051 8.01289 6.30661 5.95965 3.03808 5.50749 5.22541 4.96921 2.78369 0.810502 1.70628 4.22825 4.08854 1.84479 1.31073 2.24375 0.665155 0.412538 1.83121 0.73615 0.645579 1.97318 0.452156 1.49411 0.127105 1.36701 0.0941765 0.536611 1.75325 0.534055
internal_count=1255 1112 631 592 143 418 368 335 120 21 481 309 298 192 156 106 44 52 54 23 112 99 174 470 28 442 22 28 94 36
is_linear=0
shrinkage=0.05


Tree=105
num_leaves=31
num_cat=0
split_feature=40 20 39 35 0 15 36 49 22 10 5 39 44 35 46 17 25 0 46 47 26 0 37 37 33 29 10 35 25 37
split_gain=0.756138 0.765699 0.711154 0.62106 0.446037 0.412502 0.426654 0.55284 0.414305 0.397001 0.34053 0.302691 0.259646 0.238214 0.232342 0.228768 0.250699 0.186332 0.17566 0.1305 0.213445 0.10844 0.0946111 0.0782054 0.0670789 0.0561364 0.0504851 0.0468154 0.0421365 0.0075592
threshold=-1.1108849644660947 -1.714368939399719 -0.086133878678083406 0.63649398088455211 1.162793040275574 0.42185051739215856 0.9899924397468568 -0.75987708568572987 -0.25330328941345209 -1.206772446632385 1.3279263377189638 0.56935599446296703 1.7217914462089541 0.34128664433956152 1.8699263930320742 -0.62258622050285328 -0.17346540838479993 0.35320374369621282 3.0274802446365361 0.41996766626834875 0.42225608229637152 -1.1219771504402158 1.0535437464714053 1.0518890023231509 -1.0576592087745664 0.76063027977943432 1.156796991825104 -0.491032063961029 -0.028648987412452694 1.0385061502456667
decision_type=2 2 2 2 2 2 2 2 2 2 2 2 2 2 2 2 2 2 2 2 2 2 2 2 2 2 2 2 2 2
left_child=4 9 3 5 11 6 7 8 15 -2 12 19 13 21 -13 28 -17 -15 -4 24 -21 -7 -5 -23 -1 -8 -22 -11 -3 -29
right_child=1 2 18 22 -6 10 25 -9 -10 27 -12 14 -14 17 -16 16 -18 -19 -20 20 26 23 -24 -25 -26 -27 -28 29 -30 -31
leaf_value=0.025643740473095783 -0.050847914793910647 0.050750184520406777 -0.050921987360526638 -0.052665214330024107 -0.052595698064388713 0.050426282362635647 0.025042987700292493 -0.050956856433802745 -0.044008389217071245 0.022084963407183661 0.035451144346671085 -0.051481235872728896 0.044857167412861457 -0.051432186423132145 0.047972919024917418 0.027305558982211531 -0.051598234405052762 0.031371491460885068 0.020413091448552221 -0.042783112185461755 0.050308577473042106 -0.052157254790133438 -0.00080201771967465497 0.0081228983861171191 0.050300782466604479 0.050847297099847047 0.0097326146238259428 0.040912609030831021 0.027349258838943926 0.050897566738572445
leaf_weight=0.35607842635363418 0.13178492500446726 0.509534834884107 1.2135003098519517 0.67573535069823254 0.16968488541897375 0.028531372547149436 0.32312816008925427 0.4090954359853648 0.25051237957086359 0.24456203635781992 0.25840027327649284 0.17838758882135142 0.11531406478025008 0.10030967404600233 0.087544282199814916 0.25917965918779373 0.16460406128317107 0.21054327732417732 0.092905997065827139 0.1203277155291288 0.20452458504587412 0.88915740989614278 0.10109050944447517 0.057271302794106305 1.223947595106438 0.60611478611826897 0.12261945009231567 0.30716827523428936 0.30904268845915794 0.49502158351242542
leaf_count=17 26 16 465 87 19 1 14 115 16 17 10 47 4 19 2 14 16 15 10 20 14 145 3 10 60 17 8 14 15 11
internal_value=0.00149397 -0.00617363 -0.0128269 -0.00463713 0.0256273 0.00250348 0.0141054 0.000538378 0.0146497 0.0309389 -0.0172898 0.0314148 -0.0270165 -0.0334622 -0.0187411 0.0264777 -0.00334188 0.00465143 -0.0458489 0.0379934 0.0141568 -0.0456142 -0.0459161 -0.0485095 0.044744 0.0418743 0.0351 0.0412357 0.0419155 0.0470742
internal_weight=10.2156 7.75251 6.57397 5.26757 2.46311 4.49074 2.83121 1.90197 1.49287 1.17854 1.65953 2.29343 1.40113 1.28581 0.265932 1.24236 0.423784 0.310853 1.30641 2.0275 0.447472 0.97496 0.776826 0.946429 1.58003 0.929243 0.327144 1.04675 0.818578 0.80219
internal_count=1247 1060 992 517 187 427 223 192 77 68 204 168 194 190 49 61 30 34 475 119 42 156 90 155 77 31 22 42 31 25
is_linear=0
shrinkage=0.05


Tree=106
num_leaves=31
num_cat=0
split_feature=39 31 49 44 47 25 42 4 6 14 33 46 31 36 4 20 32 36 1 30 2 34 33 37 47 9 0 3 32 10
split_gain=0.741117 0.625837 0.50359 0.438755 0.492243 0.33981 0.316702 0.492628 0.314466 0.307149 0.28429 0.3587 0.254485 0.222658 0.367549 0.213018 0.205287 0.200339 0.199873 0.157558 0.151831 0.0998802 0.116642 0.208287 0.0835128 0.243685 0.0803731 0.0570063 0.0927211 0.0123249
threshold=0.16161283105611804 0.62456980347633373 1.4200972914695742 -0.79591244459152211 0.41003356873989111 -0.66460019350051869 0.87462106347084057 -0.17899551242589948 -1.38971871137619 -1.1471644043922422 1.1064780354499819 -0.047255655750632279 1.3674087524414065 1.0071026086807253 -0.17886504530906674 0.18679861724376681 0.082844011485576644 1.0085023641586306 0.66501599550247203 0.69077771902084362 -0.78467088937759388 -0.56319347023963917 0.96621274948120128 -0.38899332284927363 -1.4522326588630674 -0.047518715262413018 -1.1447061896324155 -0.33728300034999842 0.076146919280290618 -0.44590656459331507
decision_type=2 2 2 2 2 2 2 2 2 2 2 2 2 2 2 2 2 2 2 2 2 2 2 2 2 2 2 2 2 2
left_child=1 3 6 13 10 12 7 9 -9 -3 11 20 -2 -1 -15 -8 27 -12 29 -10 -5 -22 23 -23 -21 -26 -11 -6 -29 -13
right_child=5 2 -4 4 16 -7 15 8 19 26 17 18 -14 14 -16 -17 -18 -19 -20 24 21 22 -24 -25 25 -27 -28 28 -30 -31
leaf_value=-0.050875954000401992 -0.050599461001340273 0.028108967365536232 -0.051423124455575502 -0.0050814666979487159 0.050482978574001663 -0.050979601176866597 0.050386265368963415 -0.019583435422134709 0.0024111290729673164 0.03896137803560619 -0.053558072477345058 -0.029962332441557795 0.031243508803839748 0.051293464749856271 -0.053140288843002773 -0.010052835442350992 -0.050664180272267427 0.050431024216625868 0.028865005008523487 0.050390293588938373 0.051032268009807549 0.043766891075186824 0.040529193342157051 -0.031548788176054804 -0.0091156409612890964 0.046553241098807575 -0.051243364127695271 -0.05022104294154385 0.05056698827672941 -0.052813031825962087
leaf_weight=0.71131668868474551 0.14369880862068385 0.19928046548739076 0.23693998553790141 0.27387887390796151 0.06445886567234993 0.88175054977182366 1.2235517269000409 0.34022907423786852 0.36281085363589283 0.026174867758527398 0.23711177392397065 0.083494048798456788 0.28016398940235376 0.16653639078140259 0.17051338218152523 0.16550804115831841 0.51726397464517504 0.057558983564376831 0.12923039018642157 0.80449284007772848 0.60538497474044595 0.17084420355968211 0.4889357618521899 0.19840369338635266 0.29364617110695734 0.59471919748466373 0.43648557492997486 0.057722092256881186 0.037738233804702759 0.20123080897610601
leaf_count=174 52 14 34 13 2 348 78 12 14 2 48 9 7 2 20 6 178 2 10 20 13 7 13 16 16 30 85 26 1 16
internal_value=0.00187356 0.00705852 0.0196028 -0.00702605 0.00236861 -0.033294 0.0233872 0.0143939 0.0249426 -0.023787 0.0128128 0.0191212 0.00349694 -0.0350143 -0.00153954 0.0431849 -0.0353571 -0.0332455 -0.0227055 0.032312 0.0290867 0.0354806 0.02451 0.00329839 0.0387203 0.0281521 -0.0461401 0.0141542 -0.0103766 -0.0461122
internal_weight=10.1611 8.85546 4.68384 4.17162 3.12326 1.30561 4.4469 3.05784 2.3959 0.661941 2.44607 2.1514 0.423863 1.04837 0.33705 1.38906 0.677183 0.294671 0.413955 2.05567 1.73745 1.46357 0.858184 0.369248 1.69286 0.888365 0.46266 0.159919 0.0954603 0.284725
internal_count=1268 861 311 550 354 407 277 193 92 101 147 97 59 196 22 84 207 50 35 80 62 49 36 23 66 46 87 29 27 25
is_linear=0
shrinkage=0.05


Tree=107
num_leaves=31
num_cat=0
split_feature=20 47 35 30 39 43 36 37 24 7 7 21 20 48 2 10 23 44 39 40 6 29 32 15 15 35 15 26 33 28
split_gain=0.740165 0.592438 0.460256 0.401302 0.453853 0.675865 0.529627 0.396259 0.355352 0.420137 0.391736 0.342634 0.39484 0.306413 0.253959 0.240496 0.239205 0.195349 0.200254 0.180326 0.157702 0.0928174 0.0786411 0.072235 0.10487 0.0608079 0.0395782 0.0328778 0.0264443 0.0154563
threshold=-1.714368939399719 0.5660575032234193 0.63649398088455211 -1.421151280403137 -0.26005721092224116 0.33224651217460638 -1.5439995527267454 1.0411947369575503 -0.63658267259597767 0.85741484165191661 -1.2416300177574155 -0.19200100749731061 -0.11299355700612067 1.7605182528495791 3.3320112228393559 -1.206772446632385 0.47607831656932836 1.5832071900367739 -0.37006738781929011 -1.1108849644660947 -0.17083534598350522 1.0471106171607973 -1.5314739942550657 -1.3210086822509763 -1.2505766749382017 -0.56842389702796925 0.46235546469688421 0.035909280180931098 -0.41208729147911066 0.72600331902503978
decision_type=2 2 2 2 2 2 2 2 2 2 2 2 2 2 2 2 2 2 2 2 2 2 2 2 2 2 2 2 2 2
left_child=15 2 3 -2 5 7 27 11 9 -8 -10 12 -5 16 22 20 26 -3 -19 -13 -1 -15 -4 -11 -25 -17 -9 -6 -7 -12
right_child=1 17 14 4 6 28 8 13 10 23 29 19 -14 21 -16 25 -18 18 -20 -21 -22 -23 -24 24 -26 -27 -28 -29 -30 -31
leaf_value=-0.050781774483507881 -0.052137132482922843 -0.050590979238899804 0.0077734297006948512 -0.047732398366174128 0.020199707169143797 0.048804146310110888 -0.052203598487703201 -0.0062862068339813414 -0.052120391325870333 0.051113504291312929 0.030077306085700545 0.050454710264767361 0.033630353652136534 0.018212778111256888 0.050615611299697209 0.019294288481193227 0.028906086705377296 0.050417926633263277 -0.05043873718960902 -0.051089222154805873 0.037591558729058401 0.050792794691286294 -0.052520444314382735 0.050425069410654277 -0.050323993480165474 0.047981282982942797 -0.052858479529884088 0.047143067878856068 0.030840593099596414 0.050995027093351644
leaf_weight=0.12370106461457908 0.28424062917474557 0.78597506461665023 0.05973697011359036 0.21793318609707057 0.18484733568038825 1.208152574021369 0.96661560784559697 0.058665141463279502 0.16464344714768231 0.11696153692901134 0.16602791869081523 0.047346658073364023 0.47217886138241572 0.34967002249322832 0.074819412082433701 0.2229151683859526 0.21116121392697096 0.1090384665876627 0.089707994367927313 0.57096868706867365 0.085287168156355508 0.58324337564408779 0.57116644550114859 0.046087352558970451 0.058761025662533939 1.0783012567553676 0.20512763422448188 0.29221338755451143 0.24671114515513171 0.18866144120693207
leaf_count=25 45 359 8 20 14 72 202 6 27 3 18 2 16 19 2 18 10 6 31 132 3 17 84 2 24 44 23 14 13 4
internal_value=0.00286426 -0.00297417 0.00190769 0.0059878 0.00858715 0.0182569 -0.00987393 0.00352721 -0.0228852 -0.0379625 0.0116172 -0.0162825 0.00793649 0.0219377 -0.0364825 0.0350705 -0.010754 -0.0393924 0.00489435 -0.0433136 -0.014717 0.0385813 -0.0468115 0.024098 -0.00603854 0.0430668 -0.0425012 0.0367033 0.0457579 0.0412036
internal_weight=9.84087 8.33066 7.34594 6.64022 6.35598 4.17116 2.18482 2.71629 1.70776 1.18843 0.519333 1.30843 0.690112 1.40787 0.705723 1.5102 0.474954 0.984722 0.198746 0.618315 0.208988 0.932913 0.630903 0.22181 0.104848 1.30122 0.263793 0.477061 1.45486 0.354689
internal_count=1263 1173 777 683 638 330 308 245 280 231 49 170 36 75 94 90 39 396 37 134 28 36 92 29 26 62 29 28 85 22
is_linear=0
shrinkage=0.05


Tree=108
num_leaves=31
num_cat=0
split_feature=31 39 23 49 39 43 46 17 27 10 35 1 9 21 35 5 45 21 0 15 10 27 25 42 28 39 21 27 20 14
split_gain=0.583495 0.618728 0.382729 0.363288 0.328664 0.477955 0.299232 0.460837 0.379055 0.272315 0.243033 0.261633 0.378231 0.23945 0.291242 0.219723 0.244635 0.186767 0.165586 0.123351 0.182767 0.107848 0.103907 0.092705 0.10225 0.0696673 0.126942 0.0643094 0.0508802 0.0396439
threshold=1.3166425824165346 0.13741016387939456 -0.62006303668022145 1.4200972914695742 -0.26958453655242914 0.92544731497764599 -0.40872338414192194 -0.55828508734703053 -0.50819179415702809 1.9473831653594973 -1.021971523761749 -0.068441949784755693 -0.26563993096351618 -0.64501157402992237 -0.25465013086795801 -1.422717213630676 1.3800104260444643 -2.1441878080368038 -0.94762951135635365 0.58684217929840099 0.33279711008071905 1.4801526665687563 -1.3896911740303037 0.89384356141090404 0.67777794599533092 -0.28512986004352564 -0.10132554173469542 -1.1535177826881406 0.27515228092670446 -1.5300126671791074
decision_type=2 2 2 2 2 2 2 2 2 2 2 2 2 2 2 2 2 2 2 2 2 2 2 2 2 2 2 2 2 2
left_child=1 2 9 4 19 17 10 8 -8 -1 -4 15 -13 -10 23 -12 21 -6 -7 28 -21 25 -19 24 -15 -17 -27 -24 -2 -29
right_child=3 -3 6 -5 5 18 7 -9 13 -11 11 12 -14 14 -16 16 -18 22 -20 20 -22 -23 27 -25 -26 26 -28 29 -30 -31
leaf_value=-0.050753213289811139 0.04975835388508739 -0.050674009951926557 -0.051104440790520067 -0.051472718127293815 0.033380883212675704 0.048740596868636382 -0.051786244518092321 -0.05065562335418921 0.048111483826904389 0.034598921763484065 -0.053031298519376671 -0.051720890605703479 0.031470411221796238 -0.051121040174180982 -0.051958845615959995 0.044061261786193101 -0.022110134356520279 0.050434689607601862 0.0059124112671802131 -0.00054364831562824542 0.047479593308283871 0.0032805450323189957 0.050244450085634856 0.050426757350209017 0.039834437889350913 0.044816660235396717 -0.024228105900603862 0.050142345569258874 0.01758774690056009 -0.052329146183036516
leaf_weight=0.55125974374823261 1.0293215615674856 0.70864133839495469 0.13516140799038145 0.17631754977628578 0.099633487872779702 0.46127159520983696 0.22925100498832762 0.53474068944342468 0.41545282816514373 0.11252642213366926 0.085469979676418784 0.29480790696106851 0.25464228959754054 0.062337656738236547 0.1898422839585685 1.326962771010586 0.21171306201722462 0.029084440320730542 0.44188558892346919 0.45251333620399248 0.35242371680215001 0.2385633208323269 0.016479965299368238 0.17649824637919664 0.061268400284461677 0.16178233409300447 0.11311675701290336 0.0096354158595207684 0.1395705030299722 0.46220351156080008
leaf_count=207 73 359 16 19 3 19 40 145 12 7 9 33 18 16 22 52 13 1 17 16 17 12 1 7 5 6 19 1 19 90
internal_value=0.00291838 -0.00686744 -0.00084595 0.018553 0.0220867 0.00461286 0.00439123 -0.0123887 0.00564586 -0.0362841 0.0143168 0.0176076 -0.0131659 0.0201879 -0.00349002 0.0255176 0.0287891 -0.0293059 0.0277862 0.0355446 0.0204823 0.0346443 -0.0413772 0.0271708 -0.00603671 0.0393152 0.0164058 -0.0468455 0.0459171 -0.0502366
internal_weight=9.53438 5.86404 5.1554 3.67034 3.49402 1.52019 4.49161 1.66939 1.13465 0.663786 2.82222 2.68706 0.54945 0.905399 0.489947 2.13761 2.05214 0.617037 0.903157 1.97383 0.804937 1.84043 0.517403 0.300104 0.123606 1.60186 0.274899 0.488319 1.16889 0.471839
internal_count=1274 998 639 276 257 132 425 247 102 214 178 162 51 62 50 111 102 96 36 125 33 89 93 28 21 77 25 92 92 91
is_linear=0
shrinkage=0.05


Tree=109
num_leaves=31
num_cat=0
split_feature=20 40 47 10 42 48 26 48 2 30 33 11 21 26 2 20 37 2 47 15 6 15 4 31 16 26 7 20 16 1
split_gain=0.610739 0.486561 0.399461 0.380259 0.354611 0.421716 0.307027 0.34394 0.305026 0.440533 0.262044 0.257711 0.251022 0.350686 0.236309 0.196835 0.24817 0.183324 0.173587 0.390609 0.165187 0.14948 0.114713 0.0968898 0.142972 0.095116 0.0818863 0.0807531 0.066176 0.0655013
threshold=-1.714368939399719 -1.1108849644660947 0.5660575032234193 -1.206772446632385 0.89617446064949047 1.7440409660339358 -0.024377115070819851 1.7991901040077212 -0.078426007181406007 -0.22832152992486951 -0.79256409406661976 1.5278774499893191 -0.22049245238304135 -0.044610053300857537 -0.79574707150459278 0.81007248163223278 -0.76042935252189625 3.3320112228393559 -1.4171867370605467 0.39040160179138189 -0.17083534598350522 0.29731577634811407 -0.17899899929761884 -0.51624289155006398 1.4131729006767275 1.3267713785171511 -0.86538615822792042 -0.24441084265708921 -0.25212037563323969 1.0399888157844546
decision_type=2 2 2 2 2 2 2 2 2 2 2 2 2 2 2 2 2 2 2 2 2 2 2 2 2 2 2 2 2 2
left_child=3 14 4 20 5 8 7 -7 9 -3 -11 12 -12 -14 -2 23 -17 22 -8 -20 -1 -9 -10 24 -16 -4 -15 -6 -28 -25
right_child=1 2 25 -5 27 6 18 21 17 10 11 -13 13 26 15 16 -18 -19 19 -21 -22 -23 -24 29 -26 -27 28 -29 -30 -31
leaf_value=-0.052633879667675548 -0.05205781530941999 -0.050584531672660693 -0.050453595198013068 0.04330726300154232 0.0070366232893613566 0.040802882476065248 0.042464578856844203 0.040328921251072979 0.011129948599713578 -0.042930644580937483 0.042328758339131106 -0.053121187256544113 -0.050770278413891749 0.047323647766594118 -0.050586097472236718 -0.051884638003370911 0.026580716361093611 0.027269619791144412 0.051148195137519982 -0.050815624947146643 0.033722713782687951 -0.052082524147961051 -0.051839707720138663 0.045591386677298201 0.05098963908329035 0.03772698065195848 0.027762710011136883 0.048476892567968874 -0.050253618689949126 0.00452204528026627
leaf_weight=0.16885695874225348 0.10612820216920216 0.48551082843914595 0.6504929729271679 1.2049355962080879 0.18204608466476202 0.17911459179595124 0.66546397365164001 0.049383239820599556 0.078150529181584605 0.25034953199792664 0.6175657862331716 0.13286672334652383 0.23305791866732739 0.21692353021353483 0.074461882933974155 0.16555988090112805 0.25750368135049928 0.089855825994163641 0.18707374576479163 0.1886407199781388 0.082399278413504251 0.38425729318987578 0.97024825937114734 0.90046891511883564 0.064781956374645233 0.032089297892525792 0.063848927966319025 0.33186375489458431 0.047330357367173059 0.10881790332496166
leaf_count=26 12 184 336 62 14 10 23 3 6 47 24 12 60 7 20 35 18 5 5 47 3 49 143 68 1 4 7 12 21 8
internal_value=0.00194101 -0.00366541 -0.0102858 0.0316398 -0.00569293 -0.00988629 0.0105978 -0.0174835 -0.0205211 -0.00898529 0.00394533 0.0128928 0.0203339 -0.00387181 0.0201535 0.0250299 -0.00412558 -0.0412713 0.0271243 -4.63427e-05 -0.0243133 -0.0415587 -0.0471458 0.0357693 -0.00332889 -0.0463081 0.0294411 0.0337972 -0.00544978 0.0411634
internal_weight=9.17005 7.71386 6.03613 1.45619 5.35355 4.83964 1.65393 0.612755 3.18571 2.04745 1.56194 1.31159 1.17873 0.561161 1.67772 1.57159 0.423064 1.13825 1.04118 0.375714 0.251256 0.433641 1.0484 1.14853 0.139244 0.682582 0.328103 0.51391 0.111179 1.00929
internal_count=1272 1181 1019 91 679 653 137 62 516 362 178 131 119 95 162 150 53 154 75 52 29 52 149 97 21 340 35 26 28 76
is_linear=0
shrinkage=0.05


Tree=110
num_leaves=31
num_cat=0
split_feature=39 43 15 49 31 46 47 15 47 4 5 47 6 48 4 36 36 32 25 30 18 5 43 16 16 46 20 37 3 0
split_gain=0.589941 0.619581 0.458585 0.425409 0.389612 0.317661 0.304366 0.354772 0.327184 0.312957 0.245656 0.233289 0.232344 0.190893 0.262464 0.188763 0.164001 0.181837 0.155492 0.210185 0.121567 0.21502 0.0938324 0.0869174 0.153411 0.0848265 0.0652529 0.0425926 0.0481535 0.0267366
threshold=-0.26005721092224116 0.3028912246227265 -1.2725561261177061 1.4425713419914248 1.3674087524414065 0.36825507879257208 0.39009769260883337 0.5185079574584962 -1.4171867370605467 -0.17878711223602292 -0.80252718925476063 0.30810891091823583 1.0359489917755129 1.4811012744903567 -0.17864309251308438 1.0085023641586306 -0.18725073337554929 -0.014790516346693037 -1.2032759189605711 0.46721464395523077 0.44630447030067449 0.24246872216463092 0.92544731497764599 1.2994211912155154 1.3345046043395998 -1.1303544640541074 -1.2593525648117063 1.0469335317611697 0.035789754241704948 -0.41768473386764521
decision_type=2 2 2 2 2 2 2 2 2 2 2 2 2 2 2 2 2 2 2 2 2 2 2 2 2 2 2 2 2 2
left_child=1 3 11 6 23 22 7 18 9 15 12 -2 -3 14 -11 -9 -7 -18 19 -1 -20 25 -6 -4 -25 -22 -13 28 -15 -27
right_child=2 10 4 -5 5 16 -8 8 -10 13 -12 26 -14 27 -16 -17 17 -19 20 -21 21 -23 -24 24 -26 29 -28 -29 -30 -31
leaf_value=-0.039784246405539847 -0.018830564001411226 -0.038871123745650105 -0.050571819554698721 -0.050894175030801986 -0.052503891956741627 0.037787475404179559 -0.050663157340241571 -0.052812641723410339 -0.051442750933086291 0.05152456364671254 0.046704490396111333 0.05057066050520273 0.048793746827461695 0.0047746102859528815 -0.051514612906830105 0.014274867560019729 0.037062208796085114 -0.050843653338740927 0.048768965299032921 0.030732570160929819 0.050481787601968323 0.036659978311545022 0.0018399418130457463 0.050465665301276413 -0.05019077676057207 -0.0082020191688794344 0.015559938855661842 0.050021840482987905 0.042700353428357096 -0.051151085426388888
leaf_weight=0.18819521204568435 0.28440055518876795 0.18073517747689027 1.0106648559449238 0.33689558267360542 0.29717188223730773 0.40739802992902696 0.21048537583556015 0.29187480290420342 0.31425454409327347 0.09773658961057663 1.4775042249821124 0.33865726925432682 0.12991023994982243 0.16228395735379308 0.16809544770512719 0.16363475099205971 0.10091637540608644 0.14105610561091453 0.71278874273411919 0.24098143354058266 0.032175336033105739 0.52239506982732564 0.10840784478932619 0.062200063839554898 0.09671194083057344 0.052188377128913888 0.21924975083675236 0.31124898884445429 0.17282773635815829 0.11854475236032258
leaf_count=15 13 15 503 87 62 13 59 42 68 1 107 13 7 15 25 4 2 23 23 7 1 18 7 2 59 4 17 8 7 22
internal_value=0.00438414 0.0136504 -0.0133963 0.00293165 -0.0252937 -0.0032611 0.00775481 0.0112193 -0.00543687 0.00513382 0.0382068 0.0180245 -0.00221015 0.0220352 -0.0136309 -0.0287125 0.0184223 -0.0141819 0.0262224 -0.00018926 0.0341045 0.0196932 -0.0379783 -0.045167 -0.0107926 -0.0239885 0.0368119 0.0367038 0.0243341 -0.0380227
internal_weight=8.95159 5.88476 3.06683 4.09661 2.22453 1.05495 3.75971 3.54923 1.68196 1.3677 1.78815 0.842308 0.310645 0.912193 0.265832 0.45551 0.649371 0.241972 1.86727 0.429177 1.43809 0.725304 0.40558 1.16958 0.158912 0.202908 0.557907 0.646361 0.335112 0.170733
internal_count=1249 535 714 406 671 107 319 260 170 102 129 43 22 56 26 46 38 25 90 22 68 45 69 564 61 27 30 30 22 26
is_linear=0
shrinkage=0.05


Tree=111
num_leaves=31
num_cat=0
split_feature=31 46 49 42 37 49 35 42 17 47 20 3 30 2 29 38 0 20 3 1 42 46 48 15 20 2 12 22 40 37
split_gain=0.496826 0.626361 0.361695 0.364389 0.373232 0.419998 0.397944 0.298709 0.285461 0.282804 0.260387 0.302619 0.406024 0.251903 0.271997 0.246068 0.219645 0.209059 0.194432 0.112683 0.152812 0.0977668 0.0750416 0.0741391 0.0729925 0.119725 0.0654415 0.0599558 0.0307609 0.0745858
threshold=0.62456980347633373 -0.44423526525497431 1.4200972914695742 0.89384356141090404 1.0416296720504763 -0.73740315437316883 0.47248615324497228 0.90510186553001415 -0.69406056404113758 0.53316301107406627 -1.8196462988853452 -0.28524698317050928 -1.421151280403137 3.3320112228393559 0.27925018966197973 -0.67160254716873158 -0.21151433140039441 -1.5340092778205869 -0.015117540024220942 0.84650060534477245 0.88679862022399913 -1.0593112111091612 1.8525366187095644 -1.1769195199012754 0.1548486799001694 0.56513890624046337 -0.70676466822624195 -1.1155683398246763 -0.76779496669769276 1.0411947369575503
decision_type=2 2 2 2 2 2 2 2 2 2 2 2 2 2 2 2 2 2 2 2 2 2 2 2 2 2 2 2 2 2
left_child=1 10 3 4 5 8 17 19 -2 15 -1 12 -12 14 -13 23 -14 -7 -16 -3 -21 -11 -6 -10 25 -18 -17 -19 -26 -30
right_child=2 7 -4 -5 22 6 -8 -9 9 21 11 13 16 -15 18 26 24 27 -20 20 -22 -23 -24 -25 28 -27 -28 -29 29 -31
leaf_value=0.039165768908377772 -0.054319754365085328 -0.05072732511789823 -0.051135825034000028 0.048540638626742773 0.021574434104139437 0.050432939275726597 0.026602348045334869 0.014583928745139953 0.024085509091737921 0.034322470607373881 -0.053199802618010716 -0.051785732760507103 -0.050528758573643778 0.040316615614999392 -0.051514043413275624 0.017582432641199634 -0.050541325831570484 0.0079387955804472912 0.034915197668994043 -0.050407993707393794 0.050353393075105925 -0.051261483779611608 0.050493767792044258 -0.050718179029051416 0.050796059454382952 0.050862820425481653 0.044641911704014832 -0.051878370135248708 -0.00046686125012639209 0.047254302624030194
leaf_weight=0.46767816320061717 0.12927422323264171 1.0980743262916801 0.20170866313856084 0.77342416951432813 0.38458925299346436 0.05790734849870216 0.2997829623054713 0.25143633689731348 0.047461044508963823 0.04245440848171711 0.18037622713018209 0.57845425821142227 0.080511767766438425 0.14051018748432398 0.096064691431820393 0.29200482158921626 0.05974686646368399 0.044599822256714217 0.20168537390418351 0.083085676829796173 0.068774275481700897 0.1559326690621673 0.53828080743551254 0.1096516033867373 0.40533922426402569 0.056762270629405975 0.95152836153283771 0.68969242600724101 0.12521159218158573 0.23659544286783785
leaf_count=15 8 462 34 74 12 2 13 18 3 4 25 152 31 6 20 13 19 8 10 47 3 40 21 22 9 1 38 136 36 7
internal_value=0.00328678 -0.00937621 0.0143717 0.0172973 0.0108417 0.00181009 -0.0224644 -0.0351416 0.0171472 0.022925 0.00533828 -0.00198171 0.0156522 -0.0218327 -0.0317991 0.0308386 0.028533 -0.0410321 0.00703007 -0.0451444 -0.00477522 -0.0329467 0.0384422 -0.0281213 0.0357365 -0.00113808 0.0382878 -0.0482452 0.0413367 0.0307393
internal_weight=8.8486 4.13031 4.71829 4.51658 3.74316 2.82029 1.09198 1.50137 1.72831 1.59903 2.62894 2.16126 1.14454 1.01671 0.876204 1.40065 0.964167 0.7922 0.29775 1.24993 0.15186 0.198387 0.92287 0.157113 0.883655 0.116509 1.24353 0.734292 0.767146 0.361807
internal_count=1289 861 428 394 320 287 159 530 128 120 331 316 128 188 182 76 103 146 30 512 50 44 33 25 72 20 51 144 52 43
is_linear=0
shrinkage=0.05


Tree=112
num_leaves=31
num_cat=0
split_feature=39 40 36 36 15 0 20 39 5 48 15 37 15 21 15 31 4 6 11 32 9 21 31 28 44 48 37 15 42 47
split_gain=0.588408 0.516567 0.575623 0.414865 0.409142 0.367562 0.283597 0.217386 0.241654 0.213082 0.256217 0.196051 0.190823 0.173452 0.158873 0.156386 0.139931 0.139589 0.137644 0.134431 0.152222 0.135346 0.0931068 0.169061 0.0801508 0.0762913 0.0618698 0.0514948 0.0334624 0.0313043
threshold=-0.11596874147653578 0.18751855939626697 0.99150449037551891 -1.5439995527267454 0.5185079574584962 1.3560142517089846 -1.7682933211326597 -0.28903104364871973 1.714001536369324 1.8916000127792361 1.5257801413536074 -0.42718386650085444 -1.4415037035942075 -1.3360079526901243 -1.1940245032310484 1.3674087524414065 -0.17899902909994123 -0.29514621198177332 1.5129399299621584 -0.15106422454118726 -0.35713292658329004 -1.7641591429710386 1.3674087524414065 -0.67253315448760975 -0.66746622323989857 1.4811012744903567 1.0535437464714053 -1.099908649921417 0.90510186553001415 0.38242745399475103
decision_type=2 2 2 2 2 2 2 2 2 2 2 2 2 2 2 2 2 2 2 2 2 2 2 2 2 2 2 2 2 2
left_child=1 5 13 15 18 7 17 24 11 26 -11 14 -5 -3 -9 16 -2 25 -4 20 -14 -21 23 -20 -1 -6 -8 -15 -23 -26
right_child=3 2 4 12 6 -7 9 8 -10 10 -12 -13 19 27 -16 -17 -18 -19 22 21 -22 28 -24 -25 29 -27 -28 -29 -30 -31
leaf_value=0.0047325587292650585 0.050765031085677315 0.0029185979746965338 -0.012391240350270732 0.050556898324669079 -0.05073894053283004 -0.039160160987592514 -0.052467835380600153 0.042265171297128784 0.050396190602883632 -0.05121462791715551 0.045332820543319136 -0.042715940653757986 -0.050555457411112649 0.024839921233655984 -0.020629439622514473 0.047026549315311486 -0.05084974038975093 0.050960912258375582 0.038173459449389609 0.004933158077664989 0.051274077698133885 -0.050965741117975222 0.050056368382188257 -0.013672284283301403 0.050464468880337635 0.027061727785904183 -0.0078900972064214116 -0.050818427554488177 0.0078549721020903778 0.033894388918841639
leaf_weight=0.12982780113816317 0.05052310973405838 0.2115564508130775 0.19300531176850233 0.062024865299463161 0.069337795721367002 0.20306771632749576 0.48936607409268595 0.23340352950617671 0.27844184823334217 0.11351939267478883 0.17411558073945343 0.22704663942568015 0.066123324446380138 0.023220828617923073 0.17620968550909311 0.24458203371614218 0.1028469931334256 0.21076378040015697 0.49652442429214705 0.12581676896661487 0.082478277385234722 1.1215629148646256 0.48429750767536461 0.23010865878313769 1.0105233713984487 0.057757347822189331 0.092558306525461376 0.71459764521569025 0.024711608886718861 0.39701674738898862
leaf_count=10 1 20 11 2 16 18 71 13 13 21 10 27 21 3 12 7 37 5 16 15 1 512 19 17 66 5 9 250 2 30
internal_value=0.00138164 0.00879543 -0.00365187 -0.0231235 0.00846962 0.0254856 -0.0128716 0.0308384 0.0115437 -0.0279762 0.00722894 -0.0054484 -0.0352897 -0.0369933 0.0152088 0.022206 -0.0173758 0.0260038 0.0268235 -0.0390376 0.00596294 -0.0442944 0.0330738 0.0217551 0.0423234 -0.0153831 -0.0453775 -0.0484373 -0.0496977 0.0457906
internal_weight=8.09694 6.21627 3.56073 1.88067 2.61135 2.65554 1.20742 2.45247 0.915102 0.869559 0.287635 0.63666 1.48272 0.949375 0.409613 0.397952 0.15337 0.337859 1.40394 1.42069 0.148602 1.27209 1.21093 0.726633 1.53737 0.127095 0.581924 0.737818 1.14627 1.40754
internal_count=1260 662 473 598 200 189 137 171 65 111 31 52 553 273 25 45 38 26 63 551 22 529 52 33 106 21 80 253 514 96
is_linear=0
shrinkage=0.05


Tree=113
num_leaves=31
num_cat=0
split_feature=39 49 31 40 48 15 49 20 2 30 30 39 0 36 19 2 17 7 7 21 46 25 48 6 31 36 15 35 40 0
split_gain=0.534637 0.468764 0.391 0.351797 0.309134 0.483489 0.27251 0.272094 0.273672 0.281622 0.261392 0.220023 0.303299 0.213058 0.20579 0.200757 0.195343 0.20662 0.253289 0.1477 0.135798 0.182627 0.115533 0.0970079 0.0801156 0.1879 0.167297 0.0625614 0.0485454 0.0204035
threshold=-0.054377619177103036 1.4425713419914248 1.3674087524414065 -1.1108849644660947 1.7605182528495791 -1.0651496052742002 -0.73740315437316883 -1.8196462988853452 3.3320112228393559 0.27287293970584875 -1.421151280403137 -0.25299327075481409 -1.0538322329521177 0.99246951937675487 -0.52625474333763111 -0.01489812647923827 0.59062883257865917 0.63958939909935009 0.77820566296577465 -1.7641591429710386 0.55346375703811657 -0.27735796570777888 -0.80616143345832814 -0.26365409791469568 0.63685420155525219 1.0039024949073794 0.25903065502643591 -0.44632303714752192 -0.1883866339921951 -1.008682072162628
decision_type=2 2 2 2 2 2 2 2 2 2 2 2 2 2 2 2 2 2 2 2 2 2 2 2 2 2 2 2 2 2
left_child=1 3 19 10 5 11 20 23 9 22 -1 -5 -13 14 -6 16 17 -11 -19 -2 21 -4 -9 -7 25 26 -15 -14 -17 -26
right_child=2 -3 6 4 13 7 -8 8 -10 15 -12 12 27 24 -16 28 -18 18 -20 -21 -22 -23 -24 -25 29 -27 -28 -29 -30 -31
leaf_value=-0.013680516698692195 0.0097710736384089194 -0.050750973291791596 0.050758795426773945 0.05049026654064516 0.051119484622184234 -0.0073198852200424104 -0.051373881962023638 0.043136916508683294 0.037889917991674571 0.049069713803270271 0.04736355191924032 0.050387694338179537 -0.0010033282572529572 0.050880286212025408 -0.050791214847613453 0.0028923004672482128 -0.052721000365468833 -0.050792444684124506 0.02758785833314812 -0.050764126479950891 0.040171418700299527 -0.050945010905054017 -0.051800492080884122 0.043589743278111069 0.034298026084760964 0.042563201074901164 -0.050860079174525986 -0.053798229969371392 -0.052051145873166907 0.050847665001337139
leaf_weight=0.21037691133096803 0.11542343837209046 0.2960105349193326 0.071462991647422314 0.54423990147188306 0.072909541428089142 0.14601277967449278 0.15950422931928188 0.033453273586928733 0.189759075292386 0.26686001243069768 1.0537522151134897 0.18706656992435455 0.088648504752200097 0.057871554046869056 0.15452172514051188 0.047650007531046867 0.12741208169609308 0.18558738665888086 0.23182423517573625 0.79338697332423158 0.37237455463036895 0.11544632574077696 0.76170892216032637 0.26053847558796395 0.30519661400467157 0.31660181377083063 0.13388043537270278 0.15288866148330216 0.25723146274685837 0.47780688479542732
leaf_count=10 15 92 2 27 1 17 49 2 12 9 90 9 9 1 47 2 13 40 20 458 14 21 182 9 16 7 30 14 43 12
internal_value=0.00436937 0.0107337 -0.0212813 0.0136393 0.00768103 -0.000531503 0.00627504 -0.0121373 -0.0193809 -0.0250656 0.0372046 0.0293887 0.00259393 0.0265032 -0.0181209 -0.0088708 0.00412297 0.0147074 -0.00726118 -0.0430759 0.0227161 -0.0120595 -0.0478064 0.0253056 0.0343623 0.018906 -0.0201544 -0.0344215 -0.043464 0.044397
internal_weight=8.18741 6.55981 1.6276 6.2638 4.99967 3.48088 0.718788 2.50804 2.10149 1.91173 1.26413 0.972844 0.428604 1.51879 0.227431 1.11657 0.811684 0.684272 0.417412 0.90881 0.559284 0.186909 0.795162 0.406551 1.29136 0.508354 0.191752 0.241537 0.304881 0.783003
internal_count=1273 714 559 622 522 408 86 349 323 311 100 59 32 114 48 127 82 69 60 473 37 23 184 26 66 38 31 23 45 28
is_linear=0
shrinkage=0.05


Tree=114
num_leaves=31
num_cat=0
split_feature=42 42 47 26 43 36 48 20 47 2 3 46 26 21 29 42 15 15 3 4 29 46 36 40 46 9 0 31 47 25
split_gain=0.471986 0.465964 0.328532 0.335808 0.331548 0.448736 0.323245 0.282225 0.242451 0.225567 0.20745 0.200559 0.191418 0.18619 0.185742 0.182296 0.132012 0.11712 0.233607 0.114838 0.101552 0.123277 0.100001 0.0861529 0.0784416 0.071332 0.0589995 0.0497233 0.0829734 0.201361
threshold=0.87939563393592846 0.52296096086502086 0.69307252764701854 0.014490826055407526 0.554131180047989 0.99246951937675487 1.7605182528495791 0.48886829614639288 -1.4586865901947019 -0.80581837892532338 -0.28078378736972803 1.2034788131713869 2.2917944192886357 -1.8100361824035642 1.203634560108185 0.50715878605842601 -1.1536427736282346 0.64928129315376293 2.6004151105880742 -0.17899551242589948 1.203634560108185 0.72667655348777782 -1.0000000180025095e-35 -2.8731089830398555 -1.0856447815895078 -0.74647790193557728 -1.1447061896324155 1.3674087524414065 -1.4558432698249815 1.4248092174530032
decision_type=2 2 2 2 2 2 2 2 2 2 2 2 2 2 2 2 2 2 2 2 2 2 2 2 2 2 2 2 2 2
left_child=1 2 3 8 5 -5 12 11 9 -1 -9 22 14 16 24 23 -3 19 -19 -11 -15 26 -2 -10 -7 -18 -22 28 -8 -30
right_child=7 13 -4 4 -6 6 27 10 15 17 -12 -13 -14 20 -16 -17 25 18 -20 -21 21 -23 -24 -25 -26 -27 -28 -29 29 -31
leaf_value=-0.052273741783779429 0.047557996537280031 0.048402623470835911 -0.050390815477387087 -0.050843812625958086 0.046784574346266136 0.037531339250375544 0.04692189754267248 0.019658239692800897 0.050161662881572304 -0.0046523990197140383 -0.035480657039076567 -0.0086844219126562729 0.026698990042393612 -0.050469749053371274 0.033163838754008787 0.050797834721674373 0.017335019531971897 -0.053068831268192222 0.045616098459253587 0.042906143992522509 0.038740634940434157 0.010719607415530234 -0.0014421565791805288 -0.051367198449560829 -0.052399563456318771 -0.051088749159706105 -0.050544140109385571 0.05061283287102767 -0.050675929875959258 0.051557156791120821
leaf_weight=0.1522653988795355 1.1282418393529949 0.11412916146218777 0.26590825588209543 0.28522862610407207 0.72239575249841426 0.026288148248567622 0.22365914192050695 0.40910773852374405 0.021836953237652779 0.19276297721080482 0.29257801175117482 0.2207248550839721 0.2532654203241691 0.69726169417845063 0.096657341346144676 0.052621521055698395 0.065709605114534497 0.15287330612773076 0.098677505273371935 0.37166717508807778 0.020175989484414458 0.18862972198985517 0.11470962059684131 0.48410523508209713 0.31237897730898145 0.090619504684582242 0.22308844269718975 0.41765647009015083 0.093181261036079377 0.099699735641479492
leaf_count=20 85 3 171 92 46 2 7 18 2 15 13 19 19 373 3 1 7 20 3 14 2 17 11 135 48 13 86 17 24 1
internal_value=0.00285491 -0.00466844 0.00344955 0.00697823 0.018152 0.00671174 0.0174923 0.022738 -0.0115402 0.00359308 -0.00333272 0.0352364 -0.00786307 -0.0297433 -0.0279708 -0.0377731 0.00751906 0.0140181 -0.014357 0.0266641 -0.0386685 -0.0196163 0.0430359 -0.0469851 -0.0454189 -0.0223283 -0.043139 0.038422 0.0261984 0.00216811
internal_weight=7.88811 5.72274 4.32313 4.05722 2.53041 1.80802 1.52279 2.16536 1.52681 0.968246 0.701686 1.46368 0.68859 1.39961 0.435324 0.558564 0.270458 0.815981 0.251551 0.56443 1.12916 0.431894 1.24295 0.505942 0.338667 0.156329 0.243264 0.834197 0.41654 0.192881
internal_count=1287 1141 640 469 259 213 121 146 210 72 31 115 72 501 53 138 23 52 23 29 478 105 96 137 50 20 88 49 32 25
is_linear=0
shrinkage=0.05


Tree=115
num_leaves=31
num_cat=0
split_feature=47 49 31 46 5 48 42 33 46 42 33 37 12 3 10 11 0 33 39 4 20 6 4 21 42 39 5 0 0 36
split_gain=0.411811 0.348392 0.333937 0.480097 0.250911 0.2466 0.238761 0.31049 0.34383 0.21402 0.199721 0.205496 0.159262 0.143998 0.324492 0.208296 0.138491 0.120814 0.120803 0.11194 0.144742 0.110383 0.112296 0.285338 0.141088 0.107575 0.0892682 0.0599599 0.0550634 0.0527833
threshold=0.5660575032234193 1.4425713419914248 0.62456980347633373 -0.44423526525497431 0.89669334888458263 0.20332073420286181 0.89384356141090404 -0.85547414422035206 -0.75482773780822743 0.91268283128738414 1.8478607535362246 -2.0167409181594844 1.7345977425575259 -0.30965752899646753 -0.72836467623710621 -0.62529918551444996 -1.1219771504402158 -1.1274873018264768 -0.17978683859109876 -0.15076589584350583 -1.6727423071861265 -1.429795980453491 -0.17897646874189374 -1.1229969859123228 0.86124196648597728 -0.38240855932235712 0.14626085758209231 0.069143917411565795 -1.1447061896324155 1.0039024949073794
decision_type=2 2 2 2 2 2 2 2 2 2 2 2 2 2 2 2 2 2 2 2 2 2 2 2 2 2 2 2 2 2
left_child=1 2 3 10 9 25 7 18 12 17 11 -1 16 29 -15 27 -9 -5 -4 -17 -21 -10 23 -23 28 -2 -18 -16 -25 -13
right_child=5 -3 6 4 -6 -7 -8 8 21 -11 -12 13 -14 14 15 19 26 -19 -20 20 -22 22 -24 24 -26 -27 -28 -29 -30 -31
leaf_value=-0.05209693837190809 0.0042375223057548681 -0.050644078378073755 0.014751236078813882 0.012073061219076295 0.043382772503219126 0.049190335192439899 0.050163456049675405 0.040614941050632312 -0.0098422651362954448 0.017964682241921732 -0.053391628525731538 0.024805759079523954 0.036113310918053379 -0.052565692584827683 0.017865470104251237 0.043832381194694785 0.015565437960156451 -0.050823645829211742 -0.052123078811906455 0.050708229979563951 -0.030529695820983083 0.047348787406089388 0.044905273512597016 0.037874819737581 0.028340464001517868 -0.050365849011297238 -0.045594631735467503 -0.051351070245451151 -0.05055176775377275 0.0511331130571284
leaf_weight=0.10388889978639815 0.10765521577559412 0.24625925096916024 0.097207376733422279 0.08443175593856711 0.11274694558233012 0.084468120068777353 0.57441160921007384 0.07001851499080658 0.15118886076379645 0.16053017461672425 0.10829345718957473 0.41882533737225447 0.13846348179504275 0.1813398444210178 0.043354877736419328 0.5362516555469482 0.07177637843415241 0.79750726418569717 0.22119622374884862 0.091500870883464702 0.13681137218372919 0.39602531259879525 1.0667617642320668 0.019518324173987467 0.11161985970102251 0.55634093150729302 0.35350637853844091 0.11241705156862736 0.17959800193784703 0.34903917461633682
leaf_count=11 12 86 6 15 6 10 65 4 5 10 12 51 6 29 8 22 6 304 21 2 25 11 50 2 6 384 35 23 57 5
internal_value=0.00395865 0.00776171 0.00991219 -0.00162421 -0.0274734 -0.0312765 0.0207321 0.0148557 0.0206504 -0.0351368 0.0127204 0.0163483 -0.0112922 0.0201518 0.00856676 0.0206121 -0.0245446 -0.0448023 -0.0317066 0.0313489 0.00202809 0.0311684 0.0346644 0.0192072 -0.0166585 -0.0415129 -0.0352724 -0.0320865 -0.0418838 0.0367731
internal_weight=7.68295 6.93449 6.68823 3.23694 1.15522 0.748464 3.45129 2.87688 2.55848 1.04247 2.08172 1.97343 0.633765 1.86954 1.10168 0.920336 0.495301 0.881939 0.318404 0.764564 0.228312 1.92471 1.77352 0.706761 0.310736 0.663996 0.425283 0.155772 0.199116 0.767865
internal_count=1289 883 797 523 335 406 274 209 182 329 188 176 51 165 109 80 45 319 27 49 27 131 126 76 65 396 41 31 59 56
is_linear=0
shrinkage=0.05


Tree=116
num_leaves=31
num_cat=0
split_feature=39 49 15 31 36 33 47 20 21 42 30 35 21 37 48 11 22 32 20 40 9 39 7 9 30 42 35 27 22 42
split_gain=0.390133 0.391293 0.267959 0.266783 0.250609 0.239506 0.238992 0.242316 0.20948 0.232536 0.198577 0.201952 0.20888 0.348129 0.589104 0.169387 0.169022 0.191246 0.144816 0.182377 0.138447 0.13129 0.11666 0.112267 0.104594 0.0911193 0.0461697 0.0398433 0.0779749 0.0348553
threshold=-0.11596874147653578 1.4425713419914248 -1.3349910974502561 1.3674087524414065 -1.1711261868476865 1.8478607535362246 -1.6001117825508115 -1.714368939399719 -0.85045707225799549 0.88679862022399913 -1.2925649881362913 0.84311997890472423 0.52255672216415416 1.0416296720504763 -0.75163245201110829 1.5176883935928347 -0.95849066972732533 -0.024851162917912003 -1.6456886529922483 -1.5166667103767393 2.198588609695435 -0.28903104364871973 0.67919403314590465 -1.0471257567405698 0.69077771902084362 0.89010810852050792 -0.62618711590766896 1.5288965106010439 -0.52414700388908375 0.88129737973213207
decision_type=2 2 2 2 2 2 2 2 2 2 2 2 2 2 2 2 2 2 2 2 2 2 2 2 2 2 2 2 2 2
left_child=1 2 -1 8 -5 6 -4 23 9 -2 18 12 15 14 29 21 -6 -18 -9 -20 26 27 -23 -8 -15 -24 -16 -12 -29 -14
right_child=3 -3 5 4 16 -7 7 10 -10 -11 11 -13 13 24 20 -17 17 -19 19 -21 -22 22 25 -25 -26 -27 -28 28 -30 -31
leaf_value=0.046255373022475538 -0.050507722688605719 -0.050600297311691106 -0.051665328641231037 0.046780256539134757 0.044557412247126719 -0.052436126349219563 0.0098146280104094152 0.050443503282725455 -0.050493653240521186 0.047328853876331678 0.04603957771722806 -0.051219767292278395 0.016751559580835271 0.00032300507973074053 -0.0032057620212615789 -0.016412803699419453 0.035892917501713223 -0.051063343538375473 0.050769688229444492 -0.051519611096271428 0.050383323322753318 0.039199344953933603 -0.051394497112116737 0.049820793455990255 0.045931401517520995 0.01694082913487974 -0.051548610802896092 0.048830952922467176 -0.0097073650037685991 0.048475952318765246
leaf_weight=0.52942045731469889 0.11001656833104789 0.25768342416267831 0.14837103034369636 0.23751349688973278 0.090655261650681496 0.15453847113531072 0.25387813511770219 0.054689334705471992 0.66872132371645399 0.13557729357853532 0.85714084783103295 0.12384577409829933 0.14252040616702266 0.18075230816612031 0.053714534384198265 0.20137839822564285 0.081328603439033031 0.28415529418271035 0.050821200013160706 0.30567821225849856 0.038064795546233654 0.14765166316647382 0.10498893295880407 0.56703091994859178 0.41277621756307781 0.091120042838156223 0.61335625126957916 0.12697170721367002 0.10306211159331724 0.22058667382225394
leaf_count=58 38 91 23 10 3 18 14 2 466 3 38 19 17 19 10 17 2 71 1 55 2 14 18 26 17 7 178 7 13 13
internal_value=0.00351682 0.00961462 0.0124449 -0.0182508 0.00513154 0.00883084 0.010804 0.0127973 -0.0359899 0.00350184 0.00751243 0.0114618 0.0138184 0.00133974 -0.0157188 0.0265222 -0.0165551 -0.0317136 -0.0253157 -0.0369376 -0.0423635 0.0325645 0.00563079 0.0374483 0.0320419 -0.0196432 -0.0476559 0.0410809 0.022604 0.0360241
internal_weight=7.34801 5.74004 5.48236 1.60797 0.693653 4.95294 4.7984 4.65003 0.914315 0.245594 3.82912 3.41793 3.29408 1.66177 1.06824 1.63231 0.456139 0.365484 0.411189 0.356499 0.705136 1.43094 0.343761 0.820909 0.593529 0.196109 0.667071 1.08717 0.230034 0.363107
internal_count=1270 677 586 593 86 528 510 487 507 41 447 389 370 256 220 114 76 73 58 56 190 97 39 40 36 25 188 58 20 30
is_linear=0
shrinkage=0.05


Tree=117
num_leaves=31
num_cat=0
split_feature=42 47 24 43 39 43 37 48 11 36 43 26 39 40 4 4 9 48 33 7 0 33 0 28 27 20 33 39 1 28
split_gain=0.433258 0.353996 0.245527 0.282912 0.283628 0.240275 0.341717 0.280927 0.229469 0.222673 0.176695 0.17167 0.164395 0.135196 0.132954 0.177745 0.130749 0.122813 0.16769 0.115339 0.178056 0.104532 0.0893746 0.0787133 0.0651799 0.0594256 0.0475494 0.0311222 0.0238676 0.0116346
threshold=0.89617446064949047 0.5660575032234193 -0.6576903462409972 0.92544731497764599 -0.28903104364871973 0.33224651217460638 1.0411947369575503 1.3351942300796511 1.5130706429481509 0.11312000453472139 1.1920854449272158 1.5091900825500491 -0.38240855932235712 -1.0866409540176389 -0.1789986118674278 -0.17899867147207257 0.9192052185535432 1.7440409660339358 1.0378539562225344 0.65939167141914379 -0.90653789043426503 -0.97030332684516896 -1.1155098080635069 -2.7944507598876949 -0.034164372831583016 0.89184221625328075 -0.81058496236801136 -0.14476475119590757 -0.51657158136367787 -0.38318069279193873
decision_type=2 2 2 2 2 2 2 2 2 2 2 2 2 2 2 2 2 2 2 2 2 2 2 2 2 2 2 2 2 2
left_child=1 2 -1 4 5 6 11 -8 -9 10 27 14 -3 28 15 -4 -15 18 23 26 -21 -16 -23 -10 -7 29 -5 -2 -6 -19
right_child=9 12 3 19 13 24 7 8 17 -11 -12 -13 -14 16 21 -17 -18 25 -20 20 -22 22 -24 -25 -26 -27 -28 -29 -30 -31
leaf_value=-0.050804347966764009 0.050319212218528808 0.039904662173290764 -0.050468247023633263 0.015580998272460548 0.026067076293034688 0.0088005781065151577 -0.050800953103919903 -0.052216797790645531 0.050517087486697976 -0.019175191366240959 -0.017716371455501225 0.027465071357861699 -0.050338539612609902 -0.051461516776530991 0.03308022890086703 0.046469711444797238 0.010561622859110434 0.049461421162187436 -0.025869960021753929 0.050429870557118006 -0.050884346840519137 0.050334663292262063 -0.051117593828745568 0.0088291002014502969 0.05045600984153447 0.016952900409446799 0.048105060270828594 0.021855578371490086 -0.0086259985830370502 0.034644323558300952
leaf_weight=0.22312889120075752 0.77222672244533885 0.05607539089396596 0.083746066375169903 0.14764556649606675 0.08711692615179345 0.13379608548711985 0.16623802622780193 0.11130842997226853 0.17931392230093479 0.19666138198226679 0.12073229299858212 0.13768648402765393 0.50450915098190297 0.50030139531009066 0.042734483722597028 0.10862198506947573 0.1023546916549094 0.36646446736995109 0.25490416109096259 0.07841670885682106 0.097023707407061011 0.02248081378638711 0.63194685854250643 0.3072503507719373 0.31501275580376376 0.31055419694166631 0.47043654893059272 0.10967417806386937 0.1150397548917681 0.20750068593770288
leaf_count=81 74 5 31 19 7 18 46 13 6 18 11 14 376 184 2 5 12 17 18 3 28 1 174 16 14 16 26 8 14 13
internal_value=0.00213006 -0.00356112 0.000507751 0.00280776 -0.00238307 0.00396946 -0.00124771 0.0112942 0.017236 0.0294714 0.0390132 -0.0244892 -0.0413115 -0.0290585 -0.0325309 0.00426846 -0.0409275 0.0219904 0.00698182 0.0301799 -0.00559987 -0.042685 -0.0476325 0.0241924 0.038038 0.0345717 0.0403358 0.0467794 0.00632455 0.0441047
internal_weight=6.9609 5.76161 5.20102 4.9779 4.18437 3.37956 2.93075 1.90353 1.7373 1.19929 1.00263 1.02722 0.560585 0.804813 0.88953 0.192368 0.602656 1.62599 0.741468 0.793523 0.17544 0.697162 0.654428 0.486564 0.448809 0.884519 0.618082 0.881901 0.202157 0.573965
internal_count=1270 1159 778 697 621 404 372 145 99 111 93 227 381 217 213 36 196 86 40 76 31 177 175 22 32 46 45 82 21 30
is_linear=0
shrinkage=0.05


Tree=118
num_leaves=31
num_cat=0
split_feature=39 49 29 46 6 33 47 33 36 5 23 46 9 39 30 27 17 4 15 4 49 37 23 4 45 47 15 45 2 37
split_gain=0.429372 0.382727 0.287944 0.306573 0.287743 0.281358 0.213721 0.362327 0.216094 0.209616 0.238341 0.174062 0.241923 0.239966 0.158931 0.147877 0.127039 0.0984745 0.0940021 0.086703 0.0853309 0.445945 0.0698329 0.202068 0.0627025 0.0351649 0.0301045 0.0284234 0.0243411 0.0229406
threshold=-0.11596874147653578 1.4425713419914248 0.90503448247909557 -0.40872338414192194 1.0520920753479006 1.1064780354499819 0.52804893255233776 -0.85547414422035206 0.22690864652395251 0.37592512369155889 -0.62006303668022145 -0.80403074622154225 -0.028949851170182225 -0.23325751721858975 -0.025200290605425831 -0.24439633637666699 -0.64692172408103932 -0.17899886518716809 -1.4010419845581052 -0.17899893969297406 -0.73740315437316883 1.0199703574180605 0.27055186778306967 -0.17591012269258496 0.30613631010055548 -1.4698917269706724 0.59128010272979747 -0.4136787205934524 -0.51658082008361805 1.0411947369575503
decision_type=2 2 2 2 2 2 2 2 2 2 2 2 2 2 2 2 2 2 2 2 2 2 2 2 2 2 2 2 2 2
left_child=1 2 3 5 16 9 7 18 14 10 19 12 -4 -14 -9 27 -5 -12 -2 -1 28 -22 23 -16 -11 -23 -7 -6 -13 -19
right_child=6 -3 11 4 15 26 -8 8 -10 24 17 20 13 -15 22 -17 -18 29 -20 -21 21 25 -24 -25 -26 -27 -28 -29 -30 -31
leaf_value=0.050385207690029292 0.050180970258150964 -0.050661675598731505 -0.038536779773594793 0.00026857296176496461 0.0023087394745965953 -0.0016758942385584705 -0.050233079326072586 -0.050274742804414574 -0.050374730921287372 -0.043119705947494619 0.0027795102590750026 0.028318315010276714 0.045401929238894453 -0.039316134759810675 -0.050808329421019142 0.045764079168243932 -0.050635001351276146 0.034727512330094461 -0.051511151384275179 -0.051005177945168581 -0.051344986598151801 0.050157242795723471 0.048150448929654643 0.050704069854009506 0.0073810066788816634 0.027219125580804145 -0.052123123135696864 -0.052062004082550684 0.0502593162737223 0.049821784870058422
leaf_weight=0.025824343785643578 0.024124704301357269 0.24798764841398213 0.22082217992283404 0.16068710031686328 0.041380756651051342 0.036439194227568694 0.42231294728117053 0.062628263607621193 0.11270171037176624 0.13916428328957398 0.18411906261462685 0.15641563525423419 0.34956971666542813 0.1098546828143302 0.080448556633200496 0.19598042545840144 0.51668831415008809 0.48603266157442704 0.39166375732747838 0.11490089108701784 0.16165061434730854 0.41283571440726519 0.33020006283186376 0.12549662590026833 0.1100885498453863 0.28068157180678099 0.1569474337156862 0.057352064119186252 0.65885428665205836 0.52214521705172956
leaf_count=1 2 89 16 19 11 10 373 49 54 15 18 15 32 9 33 13 163 40 81 34 38 13 15 3 6 19 33 9 65 14
internal_value=0.00327925 0.00999606 0.0129464 0.00195602 -0.0206162 0.0143132 -0.0198954 -0.00852984 0.0131404 0.0212714 0.0291408 0.0257933 0.00447235 0.0251447 0.0250953 0.0206253 -0.0385596 0.0364042 -0.0456108 -0.0323991 0.0344758 0.0234418 0.0338994 0.0110502 -0.0208148 0.0408737 -0.0426175 -0.0292742 0.0460498 0.042545
internal_weight=6.896 5.34642 5.09843 2.74775 0.972089 1.77566 1.54958 1.12726 0.711475 1.58228 1.33302 2.35068 0.680247 0.459424 0.598774 0.294713 0.677375 1.1923 0.415788 0.140725 1.67044 0.855168 0.536145 0.205945 0.249253 0.693517 0.193387 0.0987328 0.81527 1.00818
internal_count=1292 682 593 386 215 171 610 237 154 128 107 207 57 41 100 33 182 72 83 35 150 70 51 36 21 32 43 20 80 54
is_linear=0
shrinkage=0.05


Tree=119
num_leaves=31
num_cat=0
split_feature=29 46 20 47 33 47 48 11 42 6 37 22 16 1 46 5 20 25 45 3 30 30 17 12 12 36 0 28 25 12
split_gain=0.37958 0.359403 0.261791 0.261225 0.244644 0.259544 0.201123 0.179876 0.168996 0.19839 0.164969 0.265994 0.152701 0.154375 0.147651 0.167175 0.157769 0.152276 0.195351 0.144614 0.1315 0.0876684 0.10505 0.0842292 0.0775561 0.0650986 0.0795875 0.06231 0.0465474 0.0452746
threshold=0.90503448247909557 0.187523327767849 -1.5340092778205869 0.40742906928062445 -0.30611810088157648 -1.4171867370605467 1.3351942300796511 -0.6382596194744109 0.89384356141090404 1.0174342393875124 1.0455961823463442 0.58969187736511242 -1.2451862692832945 1.7343594431877138 -0.59985730051994313 0.6576623022556306 -0.47824928164482111 -0.22906186431646344 -0.11866922304034232 -0.30965752899646753 1.1992961764335635 0.75895905494689953 -0.64147409796714772 -0.88164302706718434 -0.89032325148582447 -0.18725073337554929 -1.105155825614929 -0.33495531976222986 -1.1522042155265806 -0.74073079228401173
decision_type=2 2 2 2 2 2 2 2 2 2 2 2 2 2 2 2 2 2 2 2 2 2 2 2 2 2 2 2 2 2
left_child=1 3 29 4 7 6 -6 -1 9 12 11 -8 -4 14 15 -14 -17 27 -19 -12 23 -3 -23 24 -5 -20 -27 -16 -9 -2
right_child=2 21 8 20 5 -7 10 28 -10 -11 19 -13 13 -15 17 16 -18 18 25 -21 -22 22 -24 -25 -26 26 -28 -29 -30 -31
leaf_value=-0.017137544280619154 0.0089754463450524638 -0.048828913330388073 -0.050690998288561731 -0.050343346632308911 -0.050720377805566152 -0.050917853537103014 0.031388754516933008 0.01090655207146906 0.046917452221042107 -0.043572400102111407 0.048328763130971904 -0.051183705909141557 -0.041997293724321406 -0.034191380108714184 0.0086430117823521439 -0.051860881880232405 0.034822781972414195 -0.051044516555154879 0.042096147179161901 0.0021104541007586157 0.050647012177193473 0.050231176771132952 -0.050402696058239597 -0.050416480536817188 0.04883952843862277 0.050287187969815461 -0.050449673994057899 0.045471126465458332 0.045065957025893513 0.048253763593201937
leaf_weight=0.17964541632682085 0.083959531621076167 0.57503813400398929 0.1039886691723958 0.034789908211678267 0.14900766621576633 0.26445405883714612 0.17579400638351195 0.12103553349152207 0.24816823285073031 0.20397685101488594 0.35394464619457722 0.21907289198134094 0.19916529284091722 0.16743612417485554 0.14020715549122542 0.06653911410830915 0.24863227299647406 0.12493112310767218 0.17748419358395084 0.32433829247020185 0.042928412556648254 0.053116604685783386 0.050671601842623204 0.38848972436971885 0.045470774697606187 0.031913889572024789 0.050843313045331406 0.63510005088755905 0.56647855247138101 0.5814015960786495
leaf_count=14 12 290 30 25 48 91 11 10 36 38 7 42 29 20 12 5 35 30 17 15 1 4 27 269 3 2 20 33 42 53
internal_value=0.002659 -0.00848263 0.0155481 -0.000733015 0.00630577 -0.00600558 0.00371268 0.0274117 0.0078499 0.00334091 0.0112707 -0.0144226 0.00825768 0.0115851 0.0161615 -0.00613822 0.0165221 0.026045 0.000348372 0.0262283 -0.0331121 -0.0411952 0.00109959 -0.0407828 0.00584758 0.02502 -0.0116022 0.0388111 0.0390523 0.0432974
internal_weight=6.60802 3.54428 3.06375 2.86545 2.35377 1.48661 1.22216 0.86716 2.39839 2.15022 1.07315 0.394867 1.94624 1.84225 1.67482 0.514337 0.315171 1.16048 0.385173 0.678283 0.511679 0.678826 0.103788 0.46875 0.0802607 0.260241 0.0827572 0.775307 0.687514 0.665361
internal_count=1271 899 372 578 280 214 123 66 307 271 75 53 233 203 183 69 40 114 69 22 298 321 31 297 28 39 22 45 52 65
is_linear=0
shrinkage=0.05


Tree=120
num_leaves=31
num_cat=0
split_feature=20 10 40 39 30 15 17 25 28 4 42 5 29 39 38 16 46 29 48 0 38 15 20 2 26 44 45 1 15 3
split_gain=0.334886 0.311156 0.310544 0.295657 0.253334 0.251629 0.306165 0.306063 0.239469 0.203628 0.298088 0.209814 0.35604 0.175813 0.176073 0.162375 0.160151 0.155342 0.204247 0.139578 0.107436 0.101469 0.0957946 0.0865643 0.0523287 0.0285548 0.021212 0.0149435 0.0142675 0.0112035
threshold=-1.714368939399719 -1.206772446632385 -1.1108849644660947 -0.084051433950662599 -1.421151280403137 0.5280299484729768 -0.54038405418395985 1.3931732773780825 0.58132717013359081 -0.17899551242589948 0.89617446064949047 -0.08232568576931952 0.10467856004834176 -0.13865938037633893 -0.62328955531120289 0.28791455924510961 1.6483359932899477 0.76063027977943432 1.8356824517250063 -1.1531662940979002 -0.67054000496864308 0.61928689479827892 -1.0976310372352598 3.3320112228393559 0.95597153902053844 -1.0326166152954099 0.061829416081309325 -0.63487496972084034 1.7225091457366946 -0.22576783597469327
decision_type=2 2 2 2 2 2 2 2 2 2 2 2 2 2 2 2 2 2 2 2 2 2 2 2 2 2 2 2 2 2
left_child=1 21 4 5 -2 6 9 8 19 10 11 12 -4 24 20 -5 -17 18 -11 -7 -15 -1 -13 28 -6 -3 -14 -8 -21 -22
right_child=2 25 3 15 13 7 27 -9 -10 17 -12 22 26 14 -16 16 -18 -19 -20 23 29 -23 -24 -25 -26 -27 -28 -29 -30 -31
leaf_value=0.025515224096415642 -0.051974962670943307 0.020839155913686732 -0.050779857526001573 -0.050575902106659722 0.048697154182272225 0.050299873816316898 -0.0055081235102896892 0.045149650158989543 0.030957081317155074 0.034433851493528768 0.050346065193168921 0.021032740604451452 0.024263607149365724 -0.017316426041957163 -0.050749995128634998 -0.050107451428267939 0.043578427234853799 0.046877838161459233 -0.050987691288085814 -0.051434203440886589 0.050877370907123354 -0.052509383066626926 -0.051746523680243288 0.026372543513638311 0.0040347287385752119 0.046624770781696842 0.050599309388198635 -0.051258678121594563 -0.029368281540011656 0.029592321180864196
leaf_weight=0.060792183154262602 0.11283940903376777 0.12722101341933012 0.16831589792855051 0.56748277525184709 0.57542965235188592 0.039845390245318302 0.019508856639731675 0.14958502893568937 0.13294429489178583 0.18678530951729033 0.22643318306654692 0.052397789433598185 0.13298960030078888 0.12544101313687861 0.11324312671786174 0.080096252087969333 0.10596598644042388 0.57508378941565752 0.11190113698830828 0.70609909266931925 0.11504582315683365 0.13246316014556214 0.32974491437198639 0.039867889950983226 0.07401983835734427 0.68791333341505356 0.17987515218555927 0.20969970995793152 0.081735882849898189 0.13363232795381907
leaf_count=6 12 8 48 390 58 2 9 11 18 14 17 4 18 12 58 85 12 26 20 201 2 26 72 4 11 55 5 53 14 20
internal_value=0.00264755 0.0290766 -0.00233762 -0.0089936 0.0194807 -0.0026159 0.00731903 -0.0215578 -0.0315314 0.0137024 -0.000715532 -0.014108 0.0078584 0.0265733 0.00387482 -0.0372858 0.00324844 0.0316843 0.00243117 -0.0411072 0.0204094 -0.0279652 -0.0417673 -0.0455075 0.0436068 0.0426003 0.0394048 -0.0473647 -0.0491449 0.0394394
internal_weight=6.3544 1.00839 5.34601 4.09636 1.24965 3.34281 2.19274 1.15008 1.00049 1.96353 1.08976 0.863323 0.481181 1.13681 0.487362 0.753545 0.186062 0.87377 0.298686 0.867548 0.374119 0.193255 0.382143 0.827703 0.649449 0.815134 0.312865 0.229209 0.787835 0.248678
internal_count=1291 95 1196 1023 173 536 286 250 239 224 164 147 71 161 92 487 97 60 34 221 34 32 76 219 69 63 23 62 215 22
is_linear=0
shrinkage=0.05


Tree=121
num_leaves=31
num_cat=0
split_feature=20 39 30 40 29 31 6 36 4 4 10 46 0 31 37 0 21 5 10 36 29 46 9 35 42 6 3 35 0 32
split_gain=0.372002 0.312177 0.346656 0.376781 0.235446 0.210129 0.231131 0.190704 0.183665 0.230974 0.170895 0.158534 0.151197 0.119808 0.113177 0.112762 0.201369 0.0980773 0.0874392 0.083455 0.0809958 0.14291 0.0737508 0.0683837 0.0676841 0.0672278 0.160341 0.0486156 0.0474798 0.0227558
threshold=-1.714368939399719 0.16161283105611804 -1.2925649881362913 -1.1108849644660947 -1.2656030058860777 0.62456980347633373 -1.429795980453491 -1.5439995527267454 -0.17899046838283536 -0.17899896949529645 -1.206772446632385 -1.1303544640541074 1.1199078559875491 1.3674087524414065 -0.87604311108589161 -0.71849629282951344 0.55320230126380932 -0.76094669103622425 -0.55288150906562794 1.0089134573936465 0.072673689574003233 -1.1144440770149229 -0.76537996530532826 6.3082134723663339 0.88129737973213207 -0.34249620139598841 -0.19386799633502957 -0.56842389702796925 -1.1447061896324155 -1.2196224927902219
decision_type=2 2 2 2 2 2 2 2 2 2 2 2 2 2 2 2 2 2 2 2 2 2 2 2 2 2 2 2 2 2
left_child=10 2 23 20 -5 11 -7 13 9 -8 19 22 14 -3 -13 25 -17 -11 -14 -1 21 -4 -6 -2 28 26 -10 -12 -19 -24
right_child=1 7 3 4 5 6 8 -9 15 17 27 12 18 -15 -16 16 -18 24 -20 -21 -22 -23 29 -25 -26 -27 -28 -29 -30 -31
leaf_value=-0.050522587396933175 -0.051701078058182408 -0.050638211428647911 0.050582476571412988 0.045557914102338865 -0.051192237376423304 -0.05216350957156804 0.040924898659613893 -0.050542836296794173 -0.031006689398638348 0.045587604575748383 0.014252459572695881 0.016923179355672887 -0.050443211093779375 0.043900524350884769 -0.050633906135899569 0.032998764326607685 -0.051678978498854368 0.037725600209335811 0.033609428898008963 0.027533775243922632 0.04654595264024855 -0.02611386747631211 0.046420013233567231 0.012573655414226101 0.00068241250420071641 0.047846141743644814 0.044295074307637343 0.046812427238246218 -0.051022883816144962 0.011094870067572277
leaf_weight=0.084133194526657462 0.33251018484588701 0.049524857895448804 0.12122949957847595 0.2428264440968636 0.035984222718980163 0.16238205553963792 0.16026528691872943 0.49264788889558975 0.1115099216112867 0.040573552018031367 0.13989823241718113 0.069060260721017008 0.042454550566617399 0.10365051263943315 0.60596674686530583 0.16681100556161244 0.12123666977277026 0.015838958090171107 0.11409931204980239 0.057747149141505361 0.57995185645995662 0.12172027479391534 0.083247854840010405 0.047264267923310399 0.097900898661464453 0.40360586857423186 0.19312694302061573 0.63505299389362324 0.31061822094488911 0.10077979433117468
leaf_count=23 87 28 4 15 9 11 19 369 16 3 17 12 19 3 287 11 15 2 14 8 66 17 4 4 7 17 13 46 92 21
internal_value=0.00245377 -0.00298831 0.00190018 0.00633946 -0.0016946 -0.00574126 0.0047094 -0.0353926 0.0104049 -0.0108379 0.0316979 -0.0234692 -0.0334549 0.0133341 -0.0437223 0.0237352 -0.00264133 -0.0286809 0.0108159 -0.0187526 0.0363931 0.0121568 0.0142737 -0.0437019 -0.0357818 0.0344628 0.0167315 0.0409345 -0.046717 0.0270748
internal_weight=5.84362 4.92679 4.28096 3.90119 3.07829 2.83546 1.78387 0.645823 1.62149 0.625197 0.916832 1.05159 0.831581 0.153175 0.675027 0.99629 0.288048 0.464932 0.156554 0.14188 0.822902 0.24295 0.220012 0.379774 0.424358 0.708243 0.304637 0.774951 0.326457 0.184028
internal_count=1259 1165 765 674 587 572 206 400 195 123 94 366 332 31 299 72 26 104 33 31 87 21 34 91 101 46 29 63 94 25
is_linear=0
shrinkage=0.05


Tree=122
num_leaves=31
num_cat=0
split_feature=42 39 31 30 49 49 17 47 2 22 5 43 47 6 20 20 11 18 31 25 46 13 34 23 27 16 16 0 0 26
split_gain=0.334145 0.329103 0.309537 0.251698 0.236512 0.23285 0.173957 0.158737 0.143213 0.138982 0.13636 0.167263 0.336649 0.167734 0.155109 0.169572 0.130093 0.109259 0.171898 0.21074 0.104788 0.0938549 0.0669539 0.0626232 0.144496 0.0529132 0.0971619 0.0453007 0.0129757 0.0162762
threshold=0.88679862022399913 -0.28903104364871973 1.3674087524414065 -1.2925649881362913 1.4425713419914248 -0.75987708568572987 -0.77048379182815541 -1.6001117825508115 -0.57644608616828907 -0.18007626384496686 -0.51360657811164845 0.46939179301261907 -1.3250104784965513 -1.38971871137619 0.41304191946983343 0.78934317827224743 1.5129399299621584 0.44630447030067449 1.1588751673698428 0.44954825937747961 0.36825507879257208 2.5821248292922978 -0.34827230870723719 1.3666933178901675 -0.15019536018371579 1.2994211912155154 1.3345046043395998 -1.1197890043258665 -0.34041623771190638 2.7734664678573613
decision_type=2 2 2 2 2 2 2 2 2 2 2 2 2 2 2 2 2 2 2 2 2 2 2 2 2 2 2 2 2 2
left_child=1 4 25 -2 6 8 -1 -8 -4 23 14 12 13 21 -9 -16 -15 28 19 -19 -10 -12 -14 -5 -25 -3 -27 -24 -18 -30
right_child=3 2 5 9 -6 -7 7 10 20 -11 11 -13 22 16 15 -17 17 18 -20 -21 -22 -23 27 24 -26 26 -28 -29 29 -31
leaf_value=-0.052455141088314866 -0.024364660726155167 -0.05028131285175657 -0.033313703319379918 0.049278965085121057 -0.050393593972870146 -0.051040974299547029 -0.051433546005110478 -0.052329358192099877 -0.010883613100488521 -0.01501483211887588 -0.051991459695200352 0.049735405154992821 0.050292478663086261 -0.015246965709842929 0.048847894587803822 -0.050490755953129296 0.0498868552216859 -0.050865869991310514 0.036822358094179143 0.037583851341921631 0.043536147391138952 0.016360701392392586 0.03698339899181604 -0.024352682398957312 0.045868923715329517 0.050291629690832888 -0.050135341976432282 -0.050905459653392451 0.024409652652840914 0.048927301323921923
leaf_weight=0.1065379669889811 0.21020555309951294 0.62252456060377903 0.11536529776640236 0.71695148944854714 0.16957911502686318 0.16498160050832666 0.09367172961356196 0.15273140731733414 0.12045526615111157 0.12403736496344198 0.11325623356970216 0.37214409327134479 0.019680202007293701 0.16744972858577956 0.12684110691770911 0.064960711053572595 0.46496038301847875 0.15956280834506964 0.43879472324624658 0.11652030993718654 0.33300561632495373 0.09023536101449281 0.015629729256033897 0.10847931448370218 0.22563038696534932 0.039227170869708061 0.062390183506067842 0.23666653141844762 0.14164171507582279 0.12965463986620307
leaf_count=9 14 533 15 64 86 69 20 28 19 14 16 26 1 17 4 27 23 50 18 7 14 7 3 9 25 2 61 81 19 4
internal_value=0.00447774 -0.00195785 -0.0216289 0.0260263 0.00705933 0.00125745 0.0102951 0.0125969 0.016426 0.0350404 0.0147308 0.0188471 0.0133578 0.0211033 -0.0147339 0.0152032 0.0264823 0.0312975 0.0173742 -0.0135358 0.0290803 -0.0216817 -0.0385321 0.0409475 0.0230693 -0.0448206 -0.0113677 -0.0454608 0.0448166 0.0361268
internal_weight=6.02377 4.63847 1.45795 1.3853 3.18052 0.733808 3.01094 2.9044 0.568826 1.1751 2.81073 2.4662 2.09405 1.82208 0.344533 0.191802 1.61858 1.45113 0.714878 0.276083 0.453461 0.203492 0.271976 1.05106 0.33411 0.724142 0.101617 0.252296 0.736257 0.271296
internal_count=1285 1159 713 126 446 117 360 351 48 112 331 272 246 161 59 31 138 121 75 57 33 23 85 98 34 596 63 84 46 23
is_linear=0
shrinkage=0.05


Tree=123
num_leaves=31
num_cat=0
split_feature=31 39 40 47 37 1 20 5 1 4 16 46 15 26 4 6 4 46 40 31 33 15 25 5 28 12 7 48 15 16
split_gain=0.290678 0.38144 0.241269 0.320335 0.273896 0.215419 0.188867 0.229072 0.171185 0.197394 0.180415 0.146777 0.15595 0.136171 0.135996 0.132883 0.125305 0.112389 0.0962132 0.0843999 0.0817518 0.0910511 0.182672 0.0684209 0.0504228 0.113437 0.0457139 0.0440919 0.0360078 0.0347701
threshold=1.3166425824165346 -0.19127560406923291 -1.0000000180025095e-35 -1.4171867370605467 -2.0167409181594844 -0.057599702849984162 -1.1205980181694029 0.029830447398126129 1.7343594431877138 -0.17899551242589948 -0.56641769409179676 -0.84777459502220143 0.63226622343063366 2.7734664678573613 -0.17899898439645764 1.7245252132415774 -0.17899904400110242 -0.67323544621467579 -1.2960213422775266 0.88224595785141002 -0.64782479405403126 -1.0380782485008238 1.3931732773780825 0.88160118460655224 -1.6370410919189451 1.4360260367393496 -1.1426184773445127 1.5120062232017519 0.63226622343063366 -0.91814929246902455
decision_type=2 2 2 2 2 2 2 2 2 2 2 2 2 2 2 2 2 2 2 2 2 2 2 2 2 2 2 2 2 2
left_child=1 2 4 5 -1 11 7 -2 9 14 29 27 24 -14 -8 16 19 -12 -16 -3 -6 -22 -23 -7 -13 -26 -19 28 -4 -11
right_child=6 15 3 -5 20 23 8 -9 -10 10 17 12 13 -15 18 -17 -18 26 -20 -21 21 22 -24 -25 25 -27 -28 -29 -30 -31
leaf_value=-0.045234095302225823 -0.028975439774460762 -0.050343211501262974 0.045507594896132667 -0.050465535931960251 0.043447977973692514 -0.050791843257301489 0.034913996441820742 0.04578541682098726 -0.052142678781761015 -0.0507945370260817 0.00090724644262373661 0.049526940496081667 -0.052534469815953326 0.024157422549478953 0.050085825977676073 0.031960919162620609 -0.050608348660412229 0.016056912340298182 -0.048710942042787593 0.048984267251221708 0.050438571504476552 -0.044186236559332119 0.046988099959752457 0.012999381485789342 -0.031128415698398783 0.047771473984628623 0.046411782700609354 0.046954208305023587 -0.018154138295261937 0.0048636593000435345
leaf_weight=0.13373847212642431 0.11972710094414685 0.034131874330342149 0.037055503693409264 0.37150264860247317 0.54675170080736279 0.20652565994532757 0.080851447884924599 0.7105532877612859 0.11904659756692115 0.092032349377404898 0.26620969251962379 0.11040256137493998 0.1930398442200385 0.082665836438536644 0.027370751369744428 0.064333603892009705 0.65343000530265227 0.16271460754796863 0.2472462616278791 0.05727391573600471 0.10488656163215637 0.1309827973600477 0.094624978606589139 0.052776242955587804 0.094966453791130334 0.087556814192794263 0.52171896409708984 0.29236105567542836 0.055447746184654534 0.040367847308516502
leaf_count=16 15 24 3 203 35 55 18 79 14 21 19 4 39 5 5 9 513 14 67 3 4 17 6 4 16 4 25 16 19 9
internal_value=0.00237055 -0.00701003 0.00233512 -0.00984305 0.0214194 0.00260038 0.0157449 0.0350048 0.00547809 0.0102466 0.0208576 0.0135895 -0.00254961 -0.0295397 -0.0220832 -0.0369832 -0.0429381 0.0284735 -0.038864 0.0118944 0.0315809 0.0119486 -0.00594567 -0.0378083 0.0228538 0.00672004 0.0391953 0.0374347 0.00734786 -0.0338248
internal_weight=5.79229 3.40445 2.59528 1.5843 1.01098 1.2128 2.38784 0.83028 1.55756 1.43851 1.08304 0.953496 0.568632 0.275706 0.355468 0.809169 0.744836 0.950643 0.274617 0.0914058 0.877246 0.330494 0.225608 0.259302 0.292926 0.182523 0.684434 0.384864 0.0925032 0.1324
internal_count=1281 995 446 368 78 165 286 94 192 178 88 106 68 44 90 549 540 58 72 27 62 27 23 59 24 20 39 38 22 30
is_linear=0
shrinkage=0.05


Tree=124
num_leaves=31
num_cat=0
split_feature=39 43 31 43 48 23 6 6 36 0 21 22 26 9 29 16 26 35 25 33 20 23 46 5 28 6 5 0 27 16
split_gain=0.290628 0.428479 0.284186 0.300938 0.255557 0.218471 0.216585 0.194854 0.178072 0.228879 0.174613 0.157882 0.135302 0.194039 0.131263 0.130857 0.113173 0.107021 0.0704 0.0701609 0.0669519 0.0643208 0.0584386 0.0565257 0.0560247 0.0508345 0.0474913 0.0747272 0.0419539 0.0323052
threshold=-0.26005721092224116 0.3028912246227265 0.67171961069107067 0.92544731497764599 1.7440409660339358 -0.34602771699428553 -1.2697436213493345 1.5870758295059206 1.002510726451874 -0.71849629282951344 -1.7156569957733152 -0.77715525031089772 0.57907938957214367 -0.92615801095962513 -1.5830898880958555 0.062918273732066168 2.2917944192886357 -0.37190066277980799 2.1369566917419438 1.0378539562225344 -1.7021912932395933 -0.14050120487809178 2.521839022636414 0.047870870679616935 -0.91366019845008839 -0.020056634210050103 -0.80252718925476063 1.0687991976737978 -1.2364435791969297 -0.11823120713233946
decision_type=2 2 2 2 2 2 2 2 2 2 2 2 2 2 2 2 2 2 2 2 2 2 2 2 2 2 2 2 2 2
left_child=1 4 7 10 5 20 -7 -2 9 12 -4 -8 13 -6 -3 19 -17 -5 22 23 -1 -21 28 24 -13 -11 27 -16 -12 -10
right_child=2 14 3 17 8 6 11 -9 29 25 18 15 -14 -15 26 16 -18 -19 -20 21 -22 -23 -24 -25 -26 -27 -28 -29 -30 -31
leaf_value=0.050163400596858504 -0.047608256843311922 -0.051324612131395622 0.031887676353389009 0.042974177278957838 0.05067961062464308 -0.051133258050408095 -0.050950840982991567 0.032338488420571729 0.049886991848730751 -0.051022253789977781 0.050158689382382084 0.042477961661436955 0.046642283557675572 -0.051245120476071764 -0.015651736227787455 -0.052116972634630603 0.017161010653376132 -0.0052514550648329363 0.037038541405080408 0.032732364717401999 -0.050987613003381872 -0.026438281780683776 0.011176569866089135 0.047122045307622894 -0.0092283843067673035 0.023307871090005001 0.046609781076050051 0.046551818762237782 -0.050072717458934671 0.024993686031255246
leaf_weight=0.017183380201458931 0.60908086079871271 0.039470149669796117 0.11951762868557125 0.3993888032855466 0.079151451587677002 0.18888600543141376 0.10574317543068901 0.087117421790026128 0.32656247552949935 0.18397153430851176 0.010734695009887218 0.09402822726406157 0.24265282292617485 0.11387426205328666 0.085808699310291447 0.12259222861030139 0.11355719022685662 0.1615842676255852 0.03098948672413826 0.078360100626014173 0.3410840283322617 0.11096889432519674 0.04792296135565266 0.3116012720274739 0.11829797574318945 0.026289104018360154 0.85990495677106071 0.11040366301313043 0.3804120432178022 0.21689282986335456
leaf_count=2 508 5 8 25 2 33 18 13 19 72 1 5 15 19 16 36 12 16 6 6 133 15 12 19 16 4 108 6 141 14
internal_value=0.00394199 0.0117007 -0.0123896 0.00286783 0.00130147 -0.0117323 -0.00182442 -0.0376043 0.01886 0.00111442 -0.0220756 0.00700254 0.0217907 -0.00945022 0.0381993 0.0134573 -0.0188033 0.0290831 -0.0357964 0.0241383 -0.0461362 -0.00194854 -0.040937 0.0335652 0.0136697 -0.0417287 0.041545 0.0193486 -0.047322 0.0399521
internal_weight=5.73403 3.88728 1.84675 1.15055 2.7917 1.6023 1.24404 0.696198 1.18939 0.645939 0.589577 1.05515 0.435679 0.193026 1.09559 0.949406 0.236149 0.560973 0.470059 0.713256 0.358267 0.189329 0.43907 0.523927 0.212326 0.210261 1.05612 0.196212 0.391147 0.543455
internal_count=1305 575 730 209 440 295 160 521 145 112 168 127 36 21 135 109 48 41 160 61 135 21 154 40 21 76 130 22 142 33
is_linear=0
shrinkage=0.05


Tree=125
num_leaves=31
num_cat=0
split_feature=39 49 36 32 9 6 27 4 16 15 46 5 47 25 43 21 41 26 39 17 31 4 40 20 2 2 31 21 1 20
split_gain=0.326102 0.264791 0.244514 0.190898 0.211972 0.236677 0.237157 0.232285 0.225162 0.205136 0.158767 0.149686 0.143766 0.136062 0.14084 0.126958 0.116677 0.110378 0.114116 0.145914 0.0967351 0.0931091 0.0893767 0.0954452 0.0674991 0.0640017 0.034685 0.0899432 0.0974969 0.0327471
threshold=-0.11596874147653578 1.4425713419914248 -1.5439995527267454 0.95413529872894298 -0.047518715262413018 -0.54610025882720936 -0.70468792319297779 -0.17688876390457151 0.018604691140353683 0.82982030510902416 -0.83957982063293446 0.27772410213947302 -1.5949105024337766 -0.9061760902404784 0.98245212435722362 -1.7641591429710386 0.89676493406295787 1.4354515671730044 -0.28903104364871973 -0.70838415622711171 1.3674087524414065 -0.17899902909994123 -0.41735835373401636 -1.0312927365303037 0.27694664895534521 0.5070721209049226 0.19410157203674319 -0.64501157402992237 1.0565753579139712 0.14545354992151263
decision_type=2 2 2 2 2 2 2 2 2 2 2 2 2 2 2 2 2 2 2 2 2 2 2 2 2 2 2 2 2 2
left_child=1 3 20 4 5 24 7 -7 10 16 11 -8 -6 14 -4 -15 -10 18 29 -20 21 -2 -21 -24 -1 26 27 -12 -29 -14
right_child=2 -3 13 -5 12 6 8 -9 9 -11 25 -13 17 15 -16 -17 -18 -19 19 22 -22 -23 23 -25 -26 -27 -28 28 -30 -31
leaf_value=-0.050989632929745635 0.050533677670562875 -0.050521443837639818 -0.050505320957095194 -0.044173775886509829 -0.053192598136605165 -0.051071372168745466 0.030432303239544503 0.048250209840249608 -0.051655249260925996 0.030243422215331585 0.048972278836816138 -0.044149674482112017 0.049469683467881172 0.021242404121680436 0.040446583864359897 -0.050674353076538059 0.038146456647516903 -0.026851665914843448 -0.043981546887790546 0.049440725015997194 0.050450676491521719 -0.050527315526656694 0.050321759682922823 -0.05093152619317505 -0.00069791430233069607 0.0011633516609085453 0.047874597287127479 -0.050433504654794264 0.050295100645739416 0.030739846946290894
leaf_weight=0.22115675994427864 0.035567644983530045 0.17902965302346263 0.069486893538851291 0.14785487478366111 0.052303705131635181 0.25567637765198015 0.1388800388085657 0.076474786328617816 0.24328852561302472 0.17658487870357931 0.16759781958535314 0.13048240600619465 0.67015964689198859 0.068022758758161217 0.10985676688142121 0.6272627516009377 0.042487300641369075 0.07767882721964281 0.092097617976833135 0.1805112271104008 0.13895568903535604 0.063446298066992313 0.038988461717963219 0.05774574982933689 0.095540946553228423 0.1089665595209226 0.65582727885339409 0.061084464134182781 0.039594219997525215 0.35805548465577886
leaf_count=78 1 86 36 36 3 56 15 5 62 14 9 10 77 12 8 484 5 7 13 15 7 34 2 24 18 18 40 27 2 48
internal_value=0.00271265 0.00899731 -0.0213961 0.0116032 0.0136957 0.00447092 0.0105556 -0.0282035 0.0178505 -0.0121244 0.0284915 -0.0056961 0.0282716 -0.0336226 0.00520717 -0.0436384 -0.0383041 0.0311599 0.0343843 0.0105455 0.0235408 -0.0142243 0.0286587 -0.0101217 -0.0358177 0.0374056 0.0416791 0.0265336 -0.0108197 0.0429474
internal_weight=5.38067 4.26807 1.1126 4.08904 3.94118 2.41364 2.09694 0.332151 1.76479 0.462361 1.30243 0.269362 1.52754 0.874629 0.179344 0.695286 0.285776 1.47524 1.39756 0.369343 0.23797 0.0990139 0.277245 0.0967342 0.316698 1.03307 0.924104 0.268277 0.100679 1.02822
internal_count=1252 670 582 584 548 359 263 61 202 81 121 25 189 540 44 496 67 186 179 54 42 35 41 26 96 96 78 38 29 125
is_linear=0
shrinkage=0.05


Tree=126
num_leaves=31
num_cat=0
split_feature=47 10 15 44 10 23 2 45 24 39 10 33 33 35 19 40 43 43 45 32 14 17 42 5 20 21 31 5 4 27
split_gain=0.247238 0.24043 0.177537 0.167153 0.25893 0.194172 0.172948 0.139111 0.139951 0.135886 0.144412 0.14438 0.143792 0.13508 0.242732 0.0964228 0.0922731 0.0921339 0.0748805 0.0786814 0.0716052 0.175198 0.0709748 0.0597321 0.0565464 0.0500398 0.0442967 0.17412 0.0663422 0.0505256
threshold=0.5660575032234193 -1.2520264387130735 -1.234529376029968 -0.054944593459367745 -0.20840382575988767 -0.68857187032699574 -0.83066952228546131 0.42714832723140722 -0.65808051824569691 -0.28903104364871973 0.53507238626480114 -0.92487666010856617 1.7773280739784243 0.78921726346015941 -3.7524623870849605 -0.4602139145135879 1.0861619710922243 0.92544731497764599 1.9223807454109194 0.92923328280448925 -0.39741006493568415 -0.61407169699668873 -0.82659506797790516 1.1302197575569155 -1.7682933211326597 -2.2030572891235347 1.3166425824165346 -0.1983968988060951 -0.17899911850690839 0.2709962278604508
decision_type=2 2 2 2 2 2 2 2 2 2 2 2 2 2 2 2 2 2 2 2 2 2 2 2 2 2 2 2 2 2
left_child=1 -1 -2 4 5 24 -7 8 -8 12 11 -11 18 20 -15 -13 -12 -17 19 -5 21 -10 23 -4 -3 -20 27 29 -29 -22
right_child=2 3 22 9 -6 6 7 -9 13 10 16 15 -14 14 -16 17 -18 -19 25 -21 26 -23 -24 -25 -26 -27 -28 28 -30 -31
leaf_value=-0.050775682570869202 0.049240300920822842 0.050225145659220032 -0.050150688058899565 0.04677190099511 -0.047740031796965621 -0.03981044363079949 -0.050525781890038646 -0.051045056444282526 0.030919098803673828 -0.051656359807850896 -0.042581799658581596 0.041941770988687246 -0.033368147164650634 0.050738444462170573 -0.05189370002424968 -0.050355364509313882 0.032009531202237484 0.050529675625444831 0.035751812873211899 0.00065301889312547202 0.044754709068604751 -0.050547258476023788 -0.050293413082758788 0.050268608611587939 -0.050430023366751578 -0.02324066787696924 0.044418643773186266 0.050294952870143399 -0.050637248232387792 0.0042522639187607741
leaf_weight=0.17054021958028887 0.061296112486161292 0.015190178528428078 0.025521263101836666 0.82474143267609157 0.24517462140647728 0.15335910517023865 0.070621498744003142 0.075248389854095765 0.21714768523816019 0.062352071807254106 0.19666758202947676 0.34756746227503754 0.079361727752257027 0.09284035861492157 0.15181819547433417 0.063036658713826799 0.052536456729285419 0.035306785255670547 0.064802211709320545 0.10416146297939122 0.39832286853925269 0.094809491041814353 0.35960314990370523 0.035279039293527603 0.17134141310816664 0.080728652101242915 0.49357416003476828 0.019844761118292809 0.090648245211924272 0.095451294619124383
leaf_count=67 11 1 25 102 71 40 28 24 24 10 46 24 8 2 23 45 8 1 3 15 47 51 369 2 105 17 33 1 34 33
internal_value=0.00377802 0.00744784 -0.0302552 0.00975881 0.000931213 0.00650679 0.0111603 0.0155022 0.018405 0.0207763 0.00432194 0.019609 0.0315786 0.0213474 -0.012948 0.0295741 -0.0268567 -0.0141361 0.0363758 0.0416004 0.0272991 0.00615998 -0.0418459 0.00811705 -0.0422332 0.0030276 0.0333058 0.0242287 -0.0325096 0.0369252
internal_weight=4.94889 4.46719 0.4817 4.29665 2.38539 2.14022 1.95369 1.80033 1.72508 1.91126 0.757467 0.508263 1.1538 1.65446 0.244659 0.445911 0.249204 0.0983434 1.07443 0.928903 1.4098 0.311957 0.420403 0.0608003 0.186532 0.145531 1.09784 0.604267 0.110493 0.493774
internal_count=1270 863 407 796 517 446 340 300 276 279 134 80 145 248 25 70 54 46 137 117 223 75 396 27 106 20 148 115 35 80
is_linear=0
shrinkage=0.05


Tree=127
num_leaves=31
num_cat=0
split_feature=39 49 15 36 25 32 47 20 35 36 30 40 6 47 42 7 35 32 31 14 21 20 22 31 27 0 28 36 25 27
split_gain=0.264062 0.25015 0.193271 0.169558 0.176559 0.157014 0.154196 0.140587 0.128536 0.18088 0.148894 0.135352 0.15413 0.177049 0.229275 0.201127 0.152626 0.121992 0.117993 0.107467 0.104769 0.0916328 0.0905788 0.057919 0.0625775 0.100365 0.0568336 0.0622392 0.0330618 0.0527147
threshold=-0.11596874147653578 1.4425713419914248 -1.3349910974502561 -1.5439995527267454 -0.9061760902404784 0.95413529872894298 -1.6001117825508115 -1.7382279038429258 0.63649398088455211 1.0081961154937746 -1.421151280403137 -1.2061468958854673 -1.429795980453491 -1.4586865901947019 0.89384356141090404 -1.1426184773445127 -0.332260251045227 0.18745809793472293 1.0328896045684817 0.3933826088905335 -1.7641591429710386 -0.94394391775131214 -1.1818064451217649 0.42117622494697576 0.26280558109283453 -1.0228151679038999 0.43665106594562536 -1.9388758540153501 0.41445660591125494 1.5855442285537722
decision_type=2 2 2 2 2 2 2 2 2 2 2 2 2 2 2 2 2 2 2 2 2 2 2 2 2 2 2 2 2 2
left_child=1 2 -1 18 19 6 -4 -8 10 -10 -9 -12 -13 23 15 28 17 -17 -2 -5 -6 -18 -22 24 -14 -26 -19 -28 29 -15
right_child=3 -3 5 4 20 -7 7 8 9 -11 11 12 13 14 -16 16 21 26 -20 -21 22 -23 -24 -25 25 -27 27 -29 -30 -31
leaf_value=0.050123860136751477 -0.050229021941217644 -0.050391999192985128 -0.05109355129142587 0.033745540494783247 0.022169456207962599 -0.043260813987968535 0.040348279920524005 -0.051238985190889465 -0.050758534687968683 0.05029849686937804 0.04736035878894744 -0.051531296011651288 0.037095204668785041 -0.050199465767740065 0.046130172300833217 -0.037141633883738832 0.0079323050363360372 0.037873337403793415 0.038002964686328175 -0.050441518463923529 0.021199542469402977 -0.051193948570455075 -0.050610349189618889 0.042786170096934639 0.050565090540956627 -0.050638012108124755 0.050191913129011223 -0.05041165065866441 0.045003036324497321 0.044541214034322124
leaf_weight=0.31024555023759637 0.047486006835242733 0.16595879482338194 0.096586550236680835 0.15598571914597414 0.063122649793513119 0.13846326107159246 0.4096428496995953 0.088812521804358613 0.18103975668782357 0.05861512478441 0.27980372100137385 0.09606439215713436 0.12035006238147872 0.026903412246613301 0.23989326506853093 0.12394602849963354 0.080618345818950332 0.18405650276690722 0.18754281871952116 0.05007727220072411 0.047400283860042691 0.35008958401156887 0.59696846350561805 0.49175558949355036 0.037614788860082626 0.070253447687719017 0.023497665300965309 0.044466382183600217 0.1664746183087118 0.032322147395461798
leaf_count=55 39 89 23 22 11 33 33 20 46 3 30 18 9 18 22 24 19 18 11 20 13 116 498 28 1 23 2 24 15 4
internal_value=0.00332067 0.00964494 0.0123736 -0.0176989 -0.027443 0.00886836 0.011122 0.0130566 0.00891062 -0.0260419 0.01232 0.0147037 0.0103281 0.0133109 0.00209813 -0.00813362 -0.0198072 0.00347117 0.0201763 0.0132865 -0.0393058 -0.0401269 -0.045328 0.0331252 0.012308 -0.0153474 0.0234449 -0.0156293 0.0335888 0.00150494
internal_weight=4.96606 3.81747 3.65152 1.14858 0.913554 3.34127 3.20281 3.10622 2.69658 0.239655 2.45692 2.36811 2.08831 1.99224 1.27227 1.03237 0.806675 0.375967 0.235029 0.206063 0.707491 0.430708 0.644369 0.719974 0.228218 0.107868 0.252021 0.067964 0.2257 0.0592256
internal_count=1287 673 584 614 564 529 496 473 440 49 391 371 341 323 262 240 203 68 50 42 522 135 511 61 33 24 44 26 37 22
is_linear=0
shrinkage=0.05


Tree=128
num_leaves=31
num_cat=0
split_feature=47 47 15 44 17 26 27 2 45 4 16 16 20 43 27 39 23 25 14 47 15 0 31 21 17 39 16 26 5 22
split_gain=0.226384 0.224262 0.197045 0.188047 0.17701 0.312429 0.269678 0.187141 0.212292 0.137317 0.193591 0.14399 0.119687 0.171762 0.109041 0.106313 0.104057 0.103486 0.10067 0.0848798 0.0819986 0.139539 0.0663435 0.151217 0.0624731 0.132832 0.0608194 0.0336878 0.0278567 0.0335321
threshold=0.5660575032234193 -1.5949105024337766 -1.234529376029968 0.20591487735509875 -0.61407169699668873 -0.0091910371556878073 -0.47731436789035792 -0.046771403402090066 -0.44368866086006159 -0.17813816666603086 -0.10870881378650664 0.0090469424612820166 -1.5340092778205869 0.3028912246227265 -1.7392174601554868 0.16161283105611804 -0.55155417323112477 -0.0877883806824684 0.18842786550521853 -1.5534432530403135 0.29731577634811407 -0.99487000703811634 0.076873149722814574 -0.78898501396179188 -0.70838415622711171 -0.23325751721858975 -0.023767342790961262 1.3267713785171511 -0.25491906702518458 -0.95849066972732533
decision_type=2 2 2 2 2 2 2 2 2 2 2 2 2 2 2 2 2 2 2 2 2 2 2 2 2 2 2 2 2 2
left_child=1 -1 -2 4 6 19 14 22 -9 11 -11 26 -5 17 -3 24 -17 -14 -19 -6 -10 -22 23 -8 25 -15 -7 -4 29 -12
right_child=2 3 27 12 5 9 7 8 20 10 28 -13 13 15 -16 16 -18 18 -20 -21 21 -23 -24 -25 -26 -27 -28 -29 -30 -31
leaf_value=-0.051516088245920702 0.049245710238486708 0.050500925747823756 -0.050268513033753362 0.048444721333676173 0.019356874836446783 -0.033631669244804638 0.044708230833024776 -0.051301706982638307 0.048184910998920347 -0.050822060159208475 0.050488388980131582 -0.051349234957940193 -0.047526935108693512 0.047603430871710095 -0.046349196710717688 0.050572985975545284 -0.050993904721738675 -0.050492387270033183 0.036141925897479631 -0.050873463698318605 0.038417539956338842 -0.051189010884521817 0.0488141147390454 -0.050499618402161418 0.046277613720747686 -0.041806691890426365 0.03470474476079892 0.015576340421991249 0.044912585755951168 -0.015702976814594437
leaf_weight=0.16253457003040228 0.063134504191111773 0.033428095281124115 0.34002609137678508 0.35413198056630779 0.047636964707634899 0.045404010626953095 0.13061338651459653 0.14673601178219542 0.15058529537054699 0.072454535868018866 0.032607704401016235 0.1629596283310093 0.14388027237146161 0.10057351505383849 0.22252162694348943 0.038128271698951721 0.074475560628343374 0.047432209830730931 0.11442157370038331 0.44413026090478525 0.096045598154887557 0.079333206929732114 0.50828600203385577 0.061269287165487185 0.43857251096051197 0.070771579456049838 0.11509441118687391 0.020602338248863816 0.31092924738186478 0.046304192102979869
leaf_count=47 13 1 388 31 5 24 9 19 13 23 1 72 35 19 62 1 26 19 15 217 8 17 39 30 53 9 11 8 27 22
internal_value=0.00260851 0.0060823 -0.0322411 0.00837194 0.000708351 -0.0128149 0.0127997 0.0229471 -0.00136032 0.00674639 0.0242303 -0.0182421 0.0233752 0.0147412 -0.0337002 0.0280344 -0.0166028 -0.0166738 0.0107532 -0.0440703 0.0211213 -0.00211629 0.0393576 0.0143078 0.0362754 0.0106739 0.0153728 -0.0465069 0.0381792 0.0116484
internal_weight=4.67502 4.25126 0.423763 4.08873 2.70634 1.27752 1.42882 1.17287 0.4727 0.785754 0.462296 0.323458 1.38239 1.02826 0.25595 0.722521 0.112604 0.305734 0.161854 0.491767 0.325964 0.175379 0.700169 0.191883 0.609918 0.171345 0.160498 0.360628 0.389841 0.0789119
internal_count=1264 855 409 808 600 402 198 135 57 180 73 107 208 177 63 108 27 69 34 222 38 25 78 39 81 28 35 396 50 23
is_linear=0
shrinkage=0.05


Tree=129
num_leaves=31
num_cat=0
split_feature=47 29 1 46 46 33 21 39 22 25 35 1 3 29 25 42 39 44 47 26 35 26 6 35 47 39 31 10 7 46
split_gain=0.251163 0.197863 0.15784 0.15748 0.135043 0.133842 0.10939 0.136826 0.170805 0.125168 0.177601 0.109031 0.108874 0.103799 0.100761 0.0939355 0.0885433 0.0920153 0.0819538 0.132736 0.0711798 0.0672448 0.204928 0.0836146 0.0794477 0.0895292 0.0497538 0.0587495 0.0418643 0.0357425
threshold=0.5660575032234193 0.90503448247909557 1.7343594431877138 0.16072203218936923 -1.1418157219886778 1.1064780354499819 -0.85045707225799549 -0.20054540038108823 1.9760470390319826 -1.2032759189605711 1.4713155627250674 0.3908450454473496 0.55502915382385265 -1.5830898880958555 -0.77125114202499379 0.89010810852050792 -0.37006738781929011 0.23165701329708102 0.38242745399475103 0.77829790115356456 5.7572312355041513 -0.040842412039637559 -0.34249620139598841 -0.65243497490882862 0.39328618347644811 -0.32101134955883021 1.3166425824165346 -0.50973075628280629 0.65939167141914379 -1.0257327556610105
decision_type=2 2 2 2 2 2 2 2 2 2 2 2 2 2 2 2 2 2 2 2 2 2 2 2 2 2 2 2 2 2
left_child=1 3 4 5 11 6 9 8 13 10 29 -3 21 -8 -15 -5 17 -2 -16 -20 -7 22 -6 -23 -24 -26 27 -25 -11 -1
right_child=16 2 -4 15 12 20 7 -9 -10 28 -12 -13 -14 14 18 -17 -18 -19 19 -21 -22 23 24 26 25 -27 -28 -29 -30 -31
leaf_value=-0.0086868449043508659 -0.05058309172096314 0.042118610823189427 -0.037084542053969619 -0.050250141264620019 -0.045600599219781254 -0.051111104419265176 -0.051533168950602073 -0.050624318157668463 -0.050693043189039527 0.0090599125118745218 0.032956805823653477 -0.04155081887823317 -0.034957244999756741 -0.050396513574198644 0.04367215844954702 -0.0022705285116584773 -0.050216076621709418 0.045987152865898079 -0.050481528585713024 0.048043924166451972 0.023543356667409546 -0.025980495362501133 0.045314274412324475 -0.023934127416152445 0.039141910835766541 -0.050374091703919058 0.044841990919071678 0.041603799234586805 0.044851376234980977 -0.052059540610453342
leaf_weight=0.078805475146509707 0.043476419348735362 0.054139162006322183 0.1233235299878287 0.26224792201537628 0.11136623006314039 0.16220390915987071 0.052752870542462582 0.14426102099241778 0.12062208948191255 0.10580721514997971 0.18839089525863528 0.13865795539459214 0.069343301351182052 0.043439315923023636 0.30842012498760629 0.1669597530271858 0.29159776642336499 0.057014839490875602 0.070659591117873788 0.066223332658410072 0.039754465920850635 0.050494587689172143 0.28270785746281002 0.061713623581454158 0.057323892542626709 0.054476927063660696 0.80213836312759668 0.076684604166076031 0.35859245259780437 0.11957089853240177
leaf_count=10 12 12 20 209 21 78 7 98 48 18 10 18 7 16 26 15 374 10 23 4 5 8 35 14 10 29 84 11 24 15
internal_value=0.00199257 0.00558909 0.0175971 -0.00428701 0.0214307 0.00201417 0.00669654 -0.00650009 0.00311362 0.0191988 -0.00181146 -0.0180557 0.0262913 0.0150995 0.0222915 -0.0315863 -0.0362676 0.00420712 0.0293822 -0.00281537 -0.0364158 0.0291286 0.0142958 0.0367001 0.031204 -0.00447634 0.0400652 0.0123796 0.0366968 -0.0348296
internal_weight=4.56317 4.17108 1.88237 2.28871 1.75905 1.8595 1.65755 0.806378 0.662117 0.851167 0.386767 0.192797 1.56625 0.541495 0.488742 0.429208 0.392089 0.100491 0.445303 0.136883 0.201958 1.49691 0.505875 0.991031 0.394509 0.111801 0.940537 0.138398 0.4644 0.198376
internal_count=1271 875 269 606 249 382 299 222 124 77 35 30 219 76 69 224 396 22 53 27 83 212 95 117 74 39 109 25 42 25
is_linear=0
shrinkage=0.05


Tree=130
num_leaves=31
num_cat=0
split_feature=31 46 47 49 42 37 11 49 35 17 38 29 5 42 24 23 20 2 48 4 15 16 47 23 9 26 28 22 22 25
split_gain=0.237578 0.260811 0.228386 0.177273 0.174618 0.17767 0.173887 0.170681 0.247605 0.17282 0.155136 0.134111 0.132859 0.136263 0.126965 0.12497 0.0937814 0.0606735 0.0598417 0.0545591 0.050428 0.0474243 0.0386817 0.0947172 0.0377202 0.0811686 0.0909128 0.0345732 0.00883543 0.00809025
threshold=0.62456980347633373 -0.44423526525497431 0.40742906928062445 1.4200972914695742 0.89384356141090404 1.0416296720504763 1.5386469364166262 -0.73740315437316883 0.47248615324497228 -0.69406056404113758 -0.67160254716873158 0.33574093878269201 0.89669334888458263 0.91268283128738414 -0.65720337629318226 -0.62006303668022145 -1.5340092778205869 -0.73107933998107899 1.7605182528495791 -0.17899911850690839 -0.86375877261161793 -0.2112692520022392 0.50536203384399425 -0.75708070397377003 -0.78128570318222035 0.78399422764778148 -1.2030124664306638 -1.1818064451217649 -0.55782592296600331 -0.84254053235054005
decision_type=2 2 2 2 2 2 2 2 2 2 2 2 2 2 2 2 2 2 2 2 2 2 2 2 2 2 2 2 2 2
left_child=1 2 6 4 5 7 11 9 16 -2 21 14 13 19 -1 20 -9 -12 -7 -3 -16 -11 28 -24 25 26 -17 -18 -19 -14
right_child=3 12 -4 -5 -6 18 -8 8 -10 10 17 -13 29 -15 15 24 27 22 -20 -21 -22 -23 23 -25 -26 -27 -28 -29 -30 -31
leaf_value=-0.051249521522847723 -0.052158131455484008 0.029999002912444381 -0.050253850618037811 -0.050548403059318993 0.04820025939502471 0.0088517569066534907 -0.050532690859836721 0.050195312803600504 0.032389690321073604 0.037335625097486246 -0.0099874210337108082 -0.040761493677897616 0.050489502247143492 0.014169456553838042 0.05023104898173552 0.050520372078380948 0.019626658732735697 0.050360460467540925 0.047738095040306773 -0.050432014358161303 -0.050639366588935031 -0.050576967692306844 0.041845305490632603 -0.050276134037369496 0.045221507250361982 0.044589327176308508 -0.050504143912020544 -0.050961027660482411 0.035597323327216171 0.017376803733069747
leaf_weight=0.049652380461338796 0.082953426317544654 0.02188842024770532 0.15818108309758816 0.099972267460543551 0.38437414378859092 0.13677072757855047 0.094333629152970389 0.026361901313066816 0.16314839717233554 0.018900370690971613 0.073711623263079673 0.081316752941347659 0.032680805772542953 0.10551250237040222 0.015584858134388924 0.034699175506830215 0.01825646357610855 0.29167232289910316 0.35763568989932537 0.57395017601083986 0.060448241390986257 0.081446066382341087 0.09434704517479986 0.03962033920106478 0.49886995239648979 0.14757720788475126 0.062168801319785305 0.3481760511640456 0.15531333594117347 0.042351416253950447
leaf_count=8 9 7 161 34 79 9 44 2 12 2 8 16 1 13 1 1 6 18 25 483 39 26 14 25 42 6 25 134 18 19
internal_value=0.00394504 -0.00884601 0.00573616 0.014615 0.0174815 0.0112285 0.0142142 0.00209445 -0.019386 0.0163456 0.0238721 0.0206413 -0.0314378 -0.0382031 0.0263871 0.0310918 -0.0408912 0.0327455 0.0369807 -0.0474773 -0.0299635 -0.0340185 0.0381675 0.0146007 0.0373371 0.0212465 -0.0143161 -0.0474442 0.0452307 0.0317993
internal_weight=4.35188 1.97922 1.20283 2.37266 2.27269 1.88831 1.04465 1.39391 0.555943 0.837965 0.755011 0.950317 0.776383 0.701351 0.869001 0.819348 0.392794 0.654665 0.494406 0.595839 0.0760331 0.100346 0.580953 0.133967 0.743315 0.244445 0.096868 0.366433 0.446986 0.0750322
internal_count=1287 866 343 421 387 308 182 274 154 120 111 138 523 503 122 114 142 83 34 490 40 28 75 39 74 32 26 140 36 20
is_linear=0
shrinkage=0.05


Tree=131
num_leaves=31
num_cat=0
split_feature=39 15 43 46 49 47 39 0 44 11 48 37 21 29 37 6 33 6 36 35 31 41 23 48 35 0 42 15 1 22
split_gain=0.224278 0.2551 0.192683 0.184776 0.179089 0.177072 0.176666 0.167452 0.191216 0.136921 0.121676 0.115833 0.207695 0.185767 0.161105 0.137318 0.0996543 0.0983471 0.0912328 0.0872992 0.0760183 0.0879176 0.0862365 0.0700639 0.0665145 0.0624207 0.0621649 0.0257156 0.0215707 0.0185165
threshold=-0.054377619177103036 -1.3210086822509763 0.92544731497764599 0.55346375703811657 1.4425713419914248 -1.5949105024337766 -0.26005721092224116 1.162793040275574 -1.1706720590591428 -0.61896058917045582 -0.75163245201110829 1.0469335317611697 0.29524402320384985 1.0471106171607973 1.0416296720504763 -1.3202141523361204 0.58546423912048351 0.097851853817701354 1.0071026086807253 -0.37190066277980799 0.42117622494697576 0.89676493406295787 -0.82558953762054432 1.7440409660339358 -0.36257949471473688 -0.93853282928466786 0.90001326799392711 -1.4010419845581052 -1.0127038955688474 -0.77715525031089772
decision_type=2 2 2 2 2 2 2 2 2 2 2 2 2 2 2 2 2 2 2 2 2 2 2 2 2 2 2 2 2 2
left_child=1 -1 27 -4 5 -3 7 8 -7 26 29 12 15 -14 24 -12 -9 28 -18 -5 21 22 -17 -13 -15 -21 -8 -2 -11 -10
right_child=2 4 3 19 -6 6 9 16 10 17 11 23 13 14 -16 20 18 -19 -20 25 -22 -23 -24 -25 -26 -27 -28 -29 -30 -31
leaf_value=0.04535416823604986 0.05009563873991716 -0.051624467535102816 -0.050535518338670218 0.045551318278191318 -0.050390101422387215 -0.050894214066982447 -0.050929874502004459 -0.05162796082974952 0.017775732497705598 0.01923436644333398 -0.03584169447355498 0.0094598871931071363 -0.050520126740301222 0.041826838270659659 0.044056344006728428 0.049260203218858128 -0.05027165189718668 0.049644038488543797 0.049346857896105489 0.050329677823910506 0.046263896895560631 0.048506419683264419 -0.050588944447372101 0.050051260459982629 -0.047029165880143851 -0.0504600504537151 0.031334648088134825 -0.050366526584404131 -0.051026121424030707 0.048366154884204718
leaf_weight=0.40076144062913988 0.0064861862920224658 0.12902015622239638 0.11154787125997245 0.17876442059059627 0.14965177953126829 0.096689394093120273 0.24275518688955344 0.14772817993070919 0.056816874421201646 0.014519003860186785 0.080616809485945851 0.1635106848552822 0.23113882931647822 0.025989301037043333 0.15656693605706096 0.030224504676880315 0.036108264408539981 0.089685751241631806 0.06322910898597911 0.022150414064526558 0.39112134196329862 0.075092067825607955 0.0759963648160904 0.30387725966284052 0.11106982690398581 0.050121434353059158 0.025364088360220194 0.35528637771494676 0.044118635094490766 0.38248455431312534
leaf_count=69 1 28 75 18 92 28 111 29 9 6 8 15 121 3 8 2 24 7 3 1 21 4 24 20 33 31 3 437 20 41
internal_value=0.00259082 0.00779912 -0.0227486 0.00301039 0.00298042 0.00566628 0.00826467 0.0134248 0.0178438 -0.0218236 0.0210322 0.0147899 0.00643243 -0.0169902 0.00940412 0.0252539 -0.0255882 0.0167231 0.0131364 0.0268035 0.0338581 0.00709677 -0.0221775 0.0358508 -0.0301802 -0.0195693 -0.0431476 -0.0485653 -0.0336292 0.0444098
internal_weight=4.24849 3.52414 0.724357 0.362584 3.12337 2.97372 2.8447 2.42826 2.18119 0.416443 2.08451 1.6452 1.17782 0.524765 0.293626 0.653051 0.247066 0.148323 0.0993374 0.251036 0.572434 0.181313 0.106221 0.467388 0.137059 0.0722718 0.268119 0.361773 0.0586376 0.439301
internal_count=1292 729 563 125 660 568 540 393 337 147 309 259 224 165 44 59 56 33 27 50 51 30 26 35 36 32 114 438 26 50
is_linear=0
shrinkage=0.05


Tree=132
num_leaves=31
num_cat=0
split_feature=20 27 15 47 45 45 39 21 49 17 37 11 5 42 4 5 26 20 46 21 40 4 6 31 21 40 18 30 26 0
split_gain=0.245545 0.159213 0.211375 0.155699 0.154728 0.125744 0.119357 0.198992 0.119121 0.109998 0.147046 0.164689 0.120767 0.101651 0.101336 0.222788 0.142639 0.119987 0.100738 0.0680653 0.062326 0.0621917 0.0609724 0.0566833 0.0907486 0.0515626 0.0444346 0.0430522 0.040169 0.0394641
threshold=-1.714368939399719 -0.79013115167617787 -1.1940245032310484 0.60271564126014721 -1.4224980473518369 -1.0004698634147642 -0.046238770708441727 -1.4702430367469785 1.4425713419914248 -0.75761714577674855 1.0469335317611697 1.5278774499893191 -0.31992186605930323 0.88129737973213207 -0.17899551242589948 -0.064166054129600511 0.035909280180931098 -0.89700832962989796 -0.95210728049278248 -0.44367694854736323 -1.8644095063209531 -0.17899906635284421 -1.3530318737030027 1.3166425824165346 0.36582614481449133 -1.0866409540176389 -1.6781496405601499 1.1992961764335635 1.3267713785171511 -0.74373131990432728
decision_type=2 2 2 2 2 2 2 2 2 2 2 2 2 2 2 2 2 2 2 2 2 2 2 2 2 2 2 2 2 2
left_child=4 18 6 5 -1 -4 26 -8 9 -7 11 12 13 -11 15 -14 17 -16 19 -2 -20 -22 -19 24 -18 -17 -3 -23 -5 -6
right_child=1 2 3 28 29 8 7 -9 -10 10 -12 -13 14 -15 16 25 23 22 20 -21 21 27 -24 -25 -26 -27 -28 -29 -30 -31
leaf_value=-0.050284813764989993 0.044876565085932039 -0.0022940734892938353 -0.05071137208731346 -0.050281062481940419 0.048468985395548891 -0.04646052747429999 0.047217129913133982 -0.050947811660514902 -0.050262192672448552 -0.050198826089032117 0.04192472766946622 -0.050739381561112275 0.038104793089124886 0.050229679654553085 0.032712027694670402 0.050135011321652989 0.045078794151474789 0.016954623522586882 0.024988328807171962 -0.050084377890545088 0.018698052604836191 -0.05090589062606779 -0.051045132771696991 0.049320894672361518 -0.026444948810071409 -0.047341786014779522 0.050208990151309876 0.013812362725697958 0.033284416906632731 0.019557576566733181
leaf_weight=0.05138025782071054 0.07398253318388015 0.045111359562724829 0.11202403038623865 0.19623458731803101 0.41494302818318829 0.093167304992676558 0.10345724038779736 0.1030446792719889 0.09714163839817036 0.1367423670017166 0.28907492075813923 0.13027336361119513 0.15228562377160459 0.030887817032635212 0.120464300038293 0.014542072312906829 0.10637661174405366 0.045125896256649867 0.039986745570786297 0.025331209704745561 0.04054745746543631 0.364729942986742 0.12233008298789816 0.36966184317134321 0.076056628226069734 0.20225501863751516 0.37774368817918003 0.027644632122246549 0.015517772466409951 0.16495564969955001
leaf_count=24 9 8 67 237 46 11 4 27 74 136 29 48 20 2 7 2 10 6 7 34 11 218 27 25 22 89 54 7 6 20
internal_value=0.00416703 -0.000993888 0.00370334 -0.00329486 0.0328767 0.000828596 0.0293914 -0.00176728 0.00373524 0.00651169 0.0092595 0.00299362 0.00807812 -0.0316937 0.0135921 -0.0082454 0.023187 -0.00534395 -0.0251237 0.0206556 -0.0347376 -0.0402541 -0.0327206 0.038066 0.0152605 -0.0408033 0.0446078 -0.0463462 -0.0441572 0.040245
internal_weight=4.14302 3.51174 2.93952 2.31016 0.631279 2.09841 0.629357 0.206502 1.98639 1.88924 1.79608 1.507 1.37673 0.16763 1.2091 0.369083 0.840015 0.28792 0.572223 0.0993137 0.472909 0.432922 0.167456 0.552095 0.182433 0.216797 0.422855 0.392375 0.211752 0.579899
internal_count=1287 1197 911 818 90 575 93 31 508 434 423 394 346 138 208 111 97 40 286 43 243 236 33 57 32 91 62 225 243 66
is_linear=0
shrinkage=0.05


Tree=133
num_leaves=31
num_cat=0
split_feature=47 44 10 17 27 26 47 49 48 28 2 2 44 15 5 16 48 25 44 9 26 39 45 31 29 3 46 4 1 32
split_gain=0.181637 0.149458 0.198453 0.157588 0.161405 0.139254 0.139361 0.127175 0.238369 0.122683 0.128797 0.125593 0.121925 0.118203 0.108919 0.107126 0.158838 0.143736 0.0933424 0.0893143 0.0821468 0.0809177 0.0496345 0.0461748 0.0374572 0.0425313 0.0297807 0.0244772 0.0557606 0.0186629
threshold=0.5660575032234193 -0.054944593459367745 -0.2275670915842056 -0.61407169699668873 -0.67789962887763966 -0.0091910371556878073 -1.5573325753211973 -0.73740315437316883 1.4694639444351199 0.67777794599533092 -0.78800195455551136 -0.86647498607635487 -0.7355242371559142 0.45815873146057134 1.0973006486892702 -0.34156903624534601 -0.80260539054870594 0.2593063116073609 -0.549951672554016 2.4273844957351689 -1.0422604680061338 -0.076308846473693834 1.6678231954574587 1.3674087524414065 0.67453444004058849 -0.32053112983703608 0.13313331454992297 -0.17688876390457151 1.0565753579139712 -0.76666337251663197
decision_type=2 2 2 2 2 2 2 2 2 2 2 2 2 2 2 2 2 2 2 2 2 2 2 2 2 2 2 2 2 2
left_child=1 2 3 4 -1 6 -5 15 19 10 11 -7 -12 24 -2 16 -3 23 -14 29 -15 -16 -10 -18 25 -6 -19 28 -11 -9
right_child=14 7 -4 5 13 9 -8 8 22 27 12 -13 18 20 21 -17 17 26 -20 -21 -22 -23 -24 -25 -26 -27 -28 -29 -30 -31
leaf_value=-0.050583599187685784 -0.048798959095735256 0.050231572238814221 -0.047802896598931062 0.019308076508149898 0.044919894608696838 -0.050242768100616564 -0.050713782424902314 -0.011352450912180817 0.050236655472083516 -0.050297227329483808 -0.05119213919590046 0.045808978969383657 0.034676065760728354 0.040606227644591271 0.046811124248493319 0.042998458063284756 -0.051096131044672401 0.0034008189727767132 -0.039759424702096473 0.050406396895414346 -0.050567113430068027 -0.050127048249043953 0.0053184554092907399 0.00040426829530595964 0.04870017194760521 0.0028087535797606351 0.049251403653529757 0.050037688735157418 0.048129823859817997 -0.050976679366219357
leaf_weight=0.071417196537368 0.24868237416376349 0.17656856914982189 0.21380450381548177 0.094527783803641796 0.1135606988100335 0.043605694314464927 0.28619484600494627 0.034796058724168688 0.15332495234906673 0.022744618239812553 0.20473396228044305 0.15501823826343764 0.1074424966936931 0.037705607974203303 0.063410645583644509 0.56200931157218281 0.14024326996877789 0.061063060013111681 0.069271310843759593 0.027222143486142159 0.071656588377663866 0.032592467061476782 0.1026911684894003 0.063108820002526045 0.32567435025703162 0.12702943698968772 0.084315522399265319 0.13284247915726155 0.039169862400740385 0.20356492509017687
leaf_count=24 341 27 80 16 8 25 177 5 12 24 88 13 10 3 11 75 21 17 30 1 31 46 19 10 28 19 12 6 4 95
internal_value=0.00338974 0.0066027 -0.00212932 0.00300326 0.0209002 -0.00856683 -0.0333284 0.018089 -0.0022071 0.0036001 -0.00792819 0.0247219 -0.0249294 0.0284565 -0.0313355 0.0278254 0.011592 -0.00797192 0.00549756 -0.0353935 -0.0191326 0.0139012 0.0322194 -0.0351134 0.0376473 0.0226856 0.0299929 0.0379364 0.0119721 -0.0451923
internal_weight=4.06999 3.72531 2.1164 1.9026 0.747044 1.15555 0.380723 1.60891 0.521599 0.774829 0.580072 0.198624 0.381448 0.675627 0.344685 1.08731 0.525299 0.348731 0.176714 0.265583 0.109362 0.0960031 0.256016 0.203352 0.566264 0.24059 0.145379 0.194757 0.0619145 0.238361
internal_count=1278 880 586 506 113 393 193 294 132 200 166 38 128 89 398 162 87 60 40 101 34 57 31 31 55 27 29 34 28 100
is_linear=0
shrinkage=0.05


Tree=134
num_leaves=31
num_cat=0
split_feature=39 49 35 20 35 30 21 48 37 7 43 33 47 29 30 45 46 4 10 0 36 43 3 0 12 10 18 15 27 16
split_gain=0.20867 0.2004 0.138892 0.144581 0.185613 0.138572 0.126839 0.203733 0.264646 0.117548 0.115253 0.127699 0.179363 0.106783 0.107771 0.0947854 0.105827 0.0897196 0.0785893 0.0696531 0.0666925 0.0639998 0.0499314 0.0459768 0.0325231 0.061101 0.0323988 0.0319136 0.0261068 0.0230623
threshold=-0.11596874147653578 1.4425713419914248 -1.021971523761749 -1.714368939399719 0.63649398088455211 -1.421151280403137 0.52255672216415416 -0.75163245201110829 1.0416296720504763 -1.1426184773445127 0.60256582498550426 -0.87259763479232777 0.52804893255233776 1.0471106171607973 -1.2098243236541746 0.17947699129581454 -1.1418157219886778 -0.17899890989065168 -1.206772446632385 -0.90653789043426503 1.0081961154937746 0.68991535902023327 0.051015710458159454 -1.1254693269729612 -0.66402399539947499 -0.55288150906562794 -1.6781496405601499 -1.2725561261177061 -0.67789962887763966 0.0090469424612820166
decision_type=2 2 2 2 2 2 2 2 2 2 2 2 2 2 2 2 2 2 2 2 2 2 2 2 2 2 2 2 2 2
left_child=1 2 -1 18 5 -5 15 -8 9 21 -2 23 17 14 -10 26 -17 19 -4 -13 -6 -9 -18 -12 25 -19 -7 -11 -28 -30
right_child=10 -3 3 4 20 6 7 8 13 27 11 12 -14 -15 -16 16 22 24 -20 -21 -22 -23 -24 -25 -26 -27 28 -29 29 -31
leaf_value=-0.050443809418096168 -0.050296408886120206 -0.050326950168495824 -0.01086044732906556 -0.05096110683175701 -0.050661047016643639 0.010050378595520115 0.041980613474587349 -0.050155130989857293 0.045854417898455777 0.050039704518327448 0.050089906264699405 0.050241030997037077 -0.050156148768642939 0.047696232647761821 -0.050738627093641901 0.037813542286612808 0.01352823770032976 0.049009364593282791 0.047225585976056639 -0.050580080890981843 0.0064463981611996794 0.04638668249272427 -0.051314238870618312 -0.050855367098692594 0.046401989142045796 -0.050247032717249979 0.015118924604745629 -0.050787047073963414 0.048273191052632718 0.020592782082435628
leaf_weight=0.082738466793672472 0.20132700205431309 0.12860930207534682 0.067135560035239905 0.07742224313551771 0.15825796657009039 0.095862579240929335 0.26572794478852502 0.024277351301863925 0.048220964381471276 0.008040539221840115 0.012134577613323927 0.02396427234634757 0.10738277019117959 0.19899454433470964 0.071983650850597769 0.11001718352781609 0.045558820711448789 0.03540540108224377 0.43907431326806667 0.060075937421061099 0.075522005558013916 0.058611286513041705 0.085230092867277563 0.16015807638177648 0.21468637909856625 0.027585357514908537 0.085932166082784534 0.32789010737905588 0.54914236415060969 0.087196837208466604
leaf_count=30 260 92 17 22 49 19 43 26 2 3 2 2 184 13 19 11 14 2 48 47 4 7 10 58 21 28 13 171 55 23
internal_value=0.00476287 0.0107751 0.0134274 0.0152622 0.0100891 0.01471 0.0171749 0.0044398 -0.009077 -0.0352158 -0.0172924 -0.00693281 0.00658799 0.0252196 -0.0119896 0.0292463 0.00167335 0.0234336 0.039522 -0.0218307 -0.0322126 0.0181104 -0.0287271 -0.0437458 0.037133 0.0055423 0.037362 -0.0483737 0.0409869 0.0444802
internal_weight=3.93417 3.09145 2.96284 2.8801 2.37389 2.14011 2.06269 1.00375 0.738018 0.418819 0.84272 0.641393 0.4691 0.319199 0.120205 1.05894 0.240806 0.361717 0.50621 0.0840402 0.23378 0.0828886 0.130789 0.172293 0.277677 0.0629908 0.818134 0.335931 0.722271 0.636339
internal_count=1295 691 599 569 504 451 429 284 241 207 604 344 284 34 21 145 35 100 65 49 53 33 24 60 51 30 110 174 91 78
is_linear=0
shrinkage=0.05


Tree=135
num_leaves=31
num_cat=0
split_feature=39 42 42 43 36 5 33 48 31 39 43 10 3 20 25 17 47 15 26 20 20 27 43 36 31 1 42 7 27 27
split_gain=0.228926 0.180644 0.203836 0.174211 0.164669 0.173072 0.163325 0.11793 0.117659 0.13478 0.105972 0.10063 0.0928787 0.0767559 0.181369 0.0709162 0.0760083 0.157369 0.0610444 0.0594848 0.0179057 0.0287649 0.0171172 0.00798029 0.00383129 8.56505e-05 9.95153e-06 8.02919e-06 7.43529e-06 6.98214e-06
threshold=0.71797394752502453 0.88679862022399913 0.52296096086502086 0.77143299579620372 0.99150449037551891 1.1302197575569155 -0.24301508814096448 1.3351942300796511 0.52605187892913829 -0.26958453655242914 1.1764016747474673 -1.3502221107482908 -0.062070092186331742 0.81887200474739086 0.44954825937747961 -0.61729449033737172 -1.5659691691398618 1.3985110521316531 -0.97199094295501698 0.60624644160270702 -1.2593525648117063 0.18445408344268802 0.43563264608383184 0.039189619943499572 -1.0000000180025095e-35 -1.3477852344512937 0.8715835213661195 -1.2020253539085386 1.56799852848053 1.2302606105804446
decision_type=2 2 2 2 2 2 2 2 2 2 2 2 2 2 2 2 2 2 2 2 2 2 2 2 2 2 2 2 2 2
left_child=1 2 3 4 5 28 10 -6 -4 22 19 -9 18 15 -15 20 -17 25 -11 23 -13 -22 -10 -3 -5 -18 -20 -26 -1 -2
right_child=29 6 8 24 7 -7 -8 11 9 12 -12 13 -14 14 -16 16 17 -19 26 -21 21 -23 -24 -25 27 -27 -28 -29 -30 -31
leaf_value=-0.050194725520597019 -0.050131221516274166 0.050216679882003672 -0.050233550226883951 0.036639044854559592 -0.050250505598754547 0.025826994479948573 -0.050672952035699749 -0.050870624445703033 0.011715402646320712 0.016912284045573042 -0.017886421325122841 0.050195999405186355 0.037215478188687194 -0.050655319624491858 0.042631313875051709 0.04218311112724521 -0.053728939128355559 0.029027428758177216 -0.050355226152673065 0.017678465993313939 0.046947950583912913 0.013056351659564059 0.047222129591098672 0.03083985894673269 0.049671677548733972 -0.050772700228359259 -0.051183284943673857 0.050327036512286594 -0.050760874306921534 -0.05081682703379229
leaf_weight=0.15647330513456958 0.13332064042333502 0.44489309634082019 0.25529371146694746 0.074304660985944793 0.072751048865029477 0.10628579201875255 0.064608716638758668 0.054221160127781221 0.057235169428167865 0.040191564330598339 0.095086206682026386 0.20271621877327539 0.047302652557846159 0.11381192834232934 0.096096184861380607 0.11954998597502708 0.0378534235060215 0.13710349379107356 0.1550514942209702 0.24018995929509401 0.12674694508314133 0.12371523160254583 0.083407138008624315 0.06034388137049973 0.083991997555131093 0.069462140963878483 0.04736782587133348 0.10536517715081561 0.092144341178936884 0.051471401180606335
leaf_count=164 198 76 305 18 48 12 12 17 17 9 17 20 13 33 13 4 1 11 102 18 5 18 7 9 14 23 5 7 43 26
internal_value=0.00386068 0.00683745 -0.000193357 0.00876215 0.00220987 -0.0275749 0.0259342 0.0113697 -0.0233391 -0.00739225 0.0318228 0.0155157 -0.0268769 0.0190204 -0.00794859 0.0259482 0.0095122 -0.00646776 -0.0393732 0.0381637 0.0391486 0.0302073 0.0327725 0.0479024 0.0462607 -0.0518155 -0.050549 0.0500363 -0.0504046 -0.0503222
internal_weight=3.54836 3.36356 2.45844 1.77259 1.50893 0.354903 0.905122 1.15403 0.68585 0.430556 0.840513 1.08128 0.289914 1.02706 0.209908 0.817147 0.363969 0.244419 0.242611 0.745427 0.453178 0.250462 0.140642 0.505237 0.263662 0.107316 0.202419 0.189357 0.248618 0.184792
internal_count=1265 1041 909 451 412 219 132 193 458 153 120 145 129 128 46 82 39 35 116 103 43 23 24 85 39 24 107 21 207 224
is_linear=0
shrinkage=0.05


Tree=136
num_leaves=31
num_cat=0
split_feature=42 47 47 11 21 22 15 2 30 20 39 21 46 25 47 49 45 20 17 9 19 26 39 0 31 17 26 26 4 5
split_gain=0.173725 0.16119 0.130694 0.158594 0.154942 0.131521 0.174687 0.126518 0.119762 0.0992013 0.0749393 0.126492 0.0828812 0.062998 0.103922 0.127067 0.0751672 0.0619534 0.0496319 0.0496216 0.0995895 0.0410896 0.0378481 0.0377408 0.0279852 0.0258227 0.0220248 0.0411378 0.0204382 0.0187075
threshold=0.87462106347084057 0.5660575032234193 -1.5949105024337766 -0.61896058917045582 -1.7156569957733152 1.7307301759719851 0.39040160179138189 0.0328296646475792 -1.1882336139678953 0.81887200474739086 -0.20365498214960095 -0.78898501396179188 0.43905901908874517 0.10538633540272714 -1.4653472900390623 -0.75987708568572987 -0.65985000133514393 0.89184221625328075 -0.60927724838256825 -0.71474009752273548 -1.9286968708038328 0.51446127891540538 -0.38240855932235712 -1.1219771504402158 1.3674087524414065 -0.22980330139398572 -1.10517281293869 -1.1223552227020261 -0.17420812696218488 0.87006020545959484
decision_type=2 2 2 2 2 2 2 2 2 2 2 2 2 2 2 2 2 2 2 2 2 2 2 2 2 2 2 2 2 2
left_child=1 2 -1 4 -4 13 21 23 17 29 18 -12 -13 14 19 16 -16 -2 -10 20 -5 -7 -3 -8 -18 -15 27 -6 -28 -9
right_child=8 22 3 5 26 6 7 9 10 -11 11 12 -14 25 15 -17 24 -19 -20 -21 -22 -23 -24 -25 -26 -27 28 -29 -30 -31
leaf_value=-0.05133643160226381 0.011883947898166292 0.041028175881218924 0.023845495287572124 0.047464680246832675 -0.050127658805350028 0.0024564823130991892 0.050142017492180682 0.0089965481247734277 0.049785563678315173 -0.050640951996630518 0.041393342240177509 -0.051573031822656781 0.01652039747546339 0.0029122048044087044 -0.041472622260197288 -0.050865794211472838 -0.00024546523159691943 -0.051047855126690522 -0.00061874146974778897 0.042914959525963157 -0.050590847490183291 0.050409549071040387 -0.050161424540226707 -0.050750691066891042 0.046374262442902936 0.044279169260274781 -0.050284860488261918 0.048664110388633282 0.0084323998609194019 0.047133053211190802
leaf_weight=0.12169454648392353 0.078269679215736687 0.012017668457701802 0.12229789537377656 0.055466244404669851 0.025198633607942611 0.072490818041842431 0.0096134096384059564 0.057724593614693731 0.35747597878798842 0.053460389230167493 0.17875947896391153 0.090865612030029186 0.087932280293898657 0.043560868507483974 0.044981625280342996 0.11503791969153032 0.046360947831999511 0.078162015648558736 0.056567149353213608 0.24452907039085403 0.048569430742645636 0.11640955973416567 0.21401690015045449 0.25870353434583993 0.10531764198094606 0.281619003333617 0.27079862231039442 0.018111315759597346 0.015678134048358827 0.072601068764925003
leaf_count=44 12 2 17 4 35 12 1 23 76 23 15 8 13 12 12 48 19 9 8 24 17 8 375 121 14 39 254 2 3 5
internal_value=0.00193268 -0.00510474 -0.000974034 0.0019746 -0.024222 0.00925617 -0.00837308 -0.0252451 0.0203314 0.00671404 0.0284189 0.011651 -0.0180849 0.0207235 0.0118515 -0.00912535 0.0152911 -0.0195603 0.0428993 0.0306097 0.0016871 0.0320075 -0.0453131 -0.0471359 0.0321248 0.0387377 -0.0420473 -0.00881501 -0.0470714 0.0302414
internal_weight=3.35429 2.42626 2.20023 2.07853 0.452085 1.62645 0.641003 0.452103 0.928032 0.183786 0.7716 0.357557 0.178798 0.985443 0.660263 0.311698 0.19666 0.156432 0.414043 0.348565 0.104036 0.1889 0.226035 0.268317 0.151679 0.32518 0.329787 0.0433099 0.286477 0.130326
internal_count=1255 1114 737 693 311 382 193 173 141 51 120 36 21 189 138 93 45 21 84 45 21 20 377 122 33 51 294 37 257 28
is_linear=0
shrinkage=0.05


Tree=137
num_leaves=31
num_cat=0
split_feature=42 42 30 49 47 43 36 31 48 5 49 24 15 47 39 25 6 20 6 0 15 24 31 6 31 37 26 31 39 30
split_gain=0.154901 0.157448 0.134413 0.131547 0.131864 0.122059 0.143838 0.119011 0.112957 0.10838 0.106487 0.145163 0.0917119 0.127904 0.0864644 0.0998414 0.142022 0.0686131 0.149801 0.0763697 0.045582 0.0619422 0.0426907 0.0255761 0.0230872 0.0386285 0.0227276 0.0482357 0.005485 0.00245305
threshold=0.88679862022399913 0.52296096086502086 -1.2925649881362913 1.4425713419914248 0.69307252764701854 0.68991535902023327 0.9899924397468568 0.52605187892913829 1.3351942300796511 1.1302197575569155 -0.73740315437316883 -0.65727898478507985 0.42639307677745825 -1.4171867370605467 -0.20365498214960095 -0.62632140517234791 1.1452090144157412 -1.8196462988853452 -0.26365409791469568 -0.98273608088493336 -1.099908649921417 -0.65227341651916493 0.62456980347633373 0.80640318989753734 1.3166425824165346 1.0469335317611697 0.035909280180931098 1.3674087524414065 -0.2071220055222511 0.7312237322330476
decision_type=2 2 2 2 2 2 2 2 2 2 2 2 2 2 2 2 2 2 2 2 2 2 2 2 2 2 2 2 2 2
left_child=1 3 -2 4 5 6 9 -3 -8 -1 11 -9 22 17 23 -16 -17 -14 19 -19 -13 28 -10 -4 25 -21 27 -7 -22 -28
right_child=2 7 14 -5 -6 26 8 10 12 -11 -12 20 13 -15 15 16 -18 18 -20 24 21 -23 -24 -25 -26 -27 29 -29 -30 -31
leaf_value=-0.050450596673622686 -0.025332465385583803 -0.050200407231788147 0.0079650500107993957 -0.050288969439355735 -0.050154066669773456 -0.050078707938338435 -0.050394739855017259 -0.050534815620270013 0.017621418447449116 0.018618014785817386 -0.050390020801553061 0.048200040709196063 0.043980254869466301 -0.050689267153270726 0.050256529509911864 0.033913182060298773 -0.045686023612396098 -0.020591449192625719 -0.046651490792651067 -0.0062895849935043421 -0.012691016908382233 0.036327158312614377 0.050299055903786138 0.050128818403293432 0.050431931762590955 0.047719093111464217 0.039732468977097091 0.04724392599862872 -0.050337691967471024 0.050228487451602313
leaf_weight=0.17377181589836332 0.12377768184524029 0.24296409604721692 0.039755161851644516 0.098613868263782822 0.089499027788406127 0.020187812304356956 0.06539235115633335 0.079029238579096273 0.17720419983379521 0.084375238046050072 0.10294626465474721 0.12657434929860756 0.14672121335752297 0.086726920708315558 0.11371533712372184 0.10835720086470235 0.11605715553741902 0.08312032651156176 0.10812377562979247 0.067455090611474589 0.013651032699272037 0.063811889354838058 0.22925074072554708 0.37738018878735602 0.12095489911735058 0.065018125809729099 0.082265847828239202 0.034470580518245697 0.033220632234588265 0.17216876335442066
leaf_count=126 14 349 11 82 162 31 36 29 16 7 94 11 12 37 11 10 12 6 10 19 4 9 19 79 5 4 15 4 21 20
internal_value=0.00484808 -0.00135421 0.0229638 0.00594526 0.00901464 0.0120984 0.00585293 -0.0223568 0.0134244 -0.0278756 -0.00622015 0.00815642 0.0172722 0.00601566 0.0308789 0.0120885 -0.007252 0.0143313 0.00454858 0.0209978 0.0277061 0.00426991 0.0360524 0.0461104 0.0346383 0.020218 0.0405507 0.0112983 -0.0393734 0.0468348
internal_weight=3.44656 2.56752 0.879043 1.90532 1.80671 1.71721 1.40811 0.662198 1.14997 0.258147 0.419233 0.316287 1.08458 0.67812 0.755265 0.33813 0.224414 0.591393 0.444672 0.336548 0.237258 0.110684 0.406455 0.417135 0.253428 0.132473 0.309093 0.0546584 0.0468717 0.254435
internal_count=1265 1128 137 611 529 367 297 517 164 133 168 74 128 93 123 33 22 56 44 34 45 34 35 90 28 23 70 35 25 35
is_linear=0
shrinkage=0.05


Tree=138
num_leaves=31
num_cat=0
split_feature=39 43 31 48 5 11 46 20 21 36 26 47 42 26 36 23 29 28 43 21 43 48 36 35 42 39 46 40 16 4
split_gain=0.162304 0.219604 0.140281 0.134496 0.13364 0.132155 0.121135 0.115458 0.107273 0.100983 0.114435 0.110894 0.0880307 0.0796784 0.0785615 0.0769288 0.076447 0.101782 0.0750391 0.0734917 0.0676376 0.0537907 0.0536944 0.0507649 0.0414746 0.0395832 0.0364796 0.0296421 0.0250115 0.00926741
threshold=-0.26005721092224116 0.43563264608383184 1.3674087524414065 1.7440409660339358 -1.422717213630676 1.5278774499893191 0.36825507879257208 -1.8196462988853452 -0.85045707225799549 1.002510726451874 0.055234069004654891 -1.5534432530403135 0.88679862022399913 1.2240671515464785 -0.18725073337554929 -0.41453655064105982 1.0180711150169375 -0.81720945239067067 1.0009474754333498 0.52255672216415416 0.98245212435722362 -0.7824108600616454 0.99933269619941723 0.39806689321994787 0.90510186553001415 -0.19127560406923291 -0.57142516970634449 0.18506962805986407 -0.11823120713233946 -0.17899761348962781
decision_type=2 2 2 2 2 2 2 2 2 2 2 2 2 2 2 2 2 2 2 2 2 2 2 2 2 2 2 2 2 2
left_child=1 3 8 5 -3 7 18 26 12 10 11 -5 25 15 -8 21 17 23 -4 -12 -16 -9 -21 -17 -10 -2 -1 -6 -11 -18
right_child=2 4 6 9 27 -7 14 13 24 28 19 -13 -14 -15 20 16 29 -19 -20 22 -22 -23 -24 -25 -26 -27 -28 -29 -30 -31
leaf_value=0.050299385132402931 0.044044447633352427 -0.051090116912854935 -0.050969433001474419 0.050506292915956097 0.047061545680991274 -0.050689966327726758 0.040545773393140118 0.050135562820931637 -0.050393752837387423 0.049688803412672129 0.041449251997470349 -0.050725189480360582 0.046973248682216674 -0.051456855151105818 -0.05062342384971763 0.046835910494038346 0.023322311563899356 -0.050446129563713582 0.015260503406818671 -0.050356491631337832 0.024557560984413172 -0.050377471656259748 0.042303709055898815 -0.0096879619530202757 0.028205571009017539 -0.050259713463135305 0.0078444631685914961 0.012437173527103051 0.021611754342919339 0.050389818926719135
leaf_weight=0.10719506116583943 0.013675256806891412 0.040781199815683067 0.12167403576313518 0.033779356628656387 0.48740535008255381 0.1717485812259838 0.21547318564262241 0.015099498443305603 0.3490012660331554 0.19205843296367675 0.16571248506079428 0.13585938775213435 0.06574199884198606 0.11149164166999981 0.055180637573357671 0.069995764410123229 0.058250212401617318 0.094967568875290898 0.065948770381510258 0.046987210618681274 0.065342533634975553 0.11236156508675776 0.023430758621543646 0.091845015791477636 0.017631482565775514 0.059721051540691628 0.095833050552755705 0.070791601232485846 0.13512478602933697 0.069178611272946
leaf_count=7 2 6 66 1 98 70 21 2 519 18 18 57 3 31 19 6 16 45 11 36 8 84 4 15 3 47 17 17 15 4
internal_value=0.00288673 0.0101919 -0.0136477 0.00116191 0.0362868 -0.0107825 0.00449277 -0.00248684 -0.0324283 0.0174251 0.000759871 -0.0305674 0.00495098 -0.0131553 0.0224638 -0.00480999 0.00635598 -0.00935414 -0.0276898 0.0232658 -0.00986349 -0.0384703 -0.0195249 0.0147585 -0.0466139 -0.0326889 0.0302599 0.0426704 0.0380931 0.0380167
internal_weight=3.35929 2.3299 1.02939 1.73092 0.598978 0.997967 0.523619 0.826218 0.505771 0.732952 0.405769 0.169639 0.139138 0.62319 0.335996 0.511698 0.384237 0.256808 0.187623 0.23613 0.120523 0.127461 0.070418 0.161841 0.366633 0.0733963 0.203028 0.558197 0.327183 0.127429
internal_count=1266 567 699 446 121 297 125 227 574 149 116 58 52 203 48 172 86 66 77 58 27 86 40 21 522 49 24 115 33 20
is_linear=0
shrinkage=0.05


Tree=139
num_leaves=31
num_cat=0
split_feature=42 48 2 47 7 11 20 21 39 31 2 2 37 0 37 26 39 23 1 0 30 23 0 31 46 30 31 14 30 47
split_gain=0.146945 0.159744 0.115869 0.117309 0.129063 0.197722 0.0923829 0.0907603 0.15382 0.0894832 0.110287 0.113769 0.10609 0.0829138 0.0750738 0.136318 0.0668456 0.0672475 0.047968 0.0447455 0.0415762 0.0396013 0.0577209 0.0385177 0.0552272 0.0607633 0.0363708 0.0513802 0.0313542 0.0495524
threshold=0.88679862022399913 1.7440409660339358 -0.79574707150459278 0.60271564126014721 0.65939167141914379 1.5278774499893191 -1.8196462988853452 -0.78898501396179188 -0.20365498214960095 0.52605187892913829 0.069952763617038741 -0.59515973925590504 1.0535437464714053 1.1497461199760439 1.0416296720504763 0.57907938957214367 0.71797394752502453 -0.68857187032699574 -1.1775289773941038 -1.110381484031677 0.75895905494689953 -0.27751887589693064 -1.1447061896324155 0.21554592251777652 -0.7000935673713683 -1.3995953798294065 1.3674087524414065 -0.68646052479743946 1.1992961764335635 -1.4698917269706724
decision_type=2 2 2 2 2 2 2 2 2 2 2 2 2 2 2 2 2 2 2 2 2 2 2 2 2 2 2 2 2 2
left_child=1 2 -1 4 5 16 -6 -2 13 12 11 -11 -8 -9 15 -3 23 -18 -12 -7 -10 22 -13 24 -4 -26 27 -17 29 -16
right_child=7 14 3 -5 6 19 9 8 20 10 18 21 -14 -15 28 26 17 -19 -20 -21 -22 -23 -24 -25 25 -27 -28 -29 -30 -31
leaf_value=-0.050520942116281109 0.044020731162502907 -0.050729718211681145 0.045944688081874636 -0.050163293948395728 0.030091981513242133 0.050180518587326695 -0.050891908285666379 0.043713632646388841 -0.050886809051215225 -0.05033419678574063 0.025626608841161302 0.050239747515531702 0.050166353454105118 -0.028728673172166028 0.038978977639504607 0.050345866731343072 0.050379232766881027 -0.050658561569573393 -0.050747728603732806 -0.050575269795186839 -0.0014984377651813242 0.037295361813523796 -0.050266763108763303 0.047800420358815258 0.050334659704081068 -0.050268464438303552 0.04924076995960755 -0.050297176480199636 0.050203910293902802 -0.007058869206706616
leaf_weight=0.16504161470220458 0.29256670060567558 0.092583299716352374 0.072674388531595469 0.14107089255412564 0.10172440903261326 0.012200875207781792 0.2798707170441046 0.23008340154774487 0.095473885361570754 0.060894973401445895 0.024033200927078724 0.023992050439119339 0.028626167681068182 0.047684739693067968 0.15025983261875808 0.02322310209274292 0.025429883971810341 0.046731341659324244 0.14220679760910571 0.11377335381985176 0.076962658204138279 0.1868253871507477 0.035307855738210492 0.2788467344653327 0.022480776533484459 0.045160444191424398 0.080979177728295326 0.02793694770662114 0.14790222467854619 0.095658235310111195
leaf_count=143 45 57 9 285 7 1 249 54 14 33 3 2 3 6 10 1 1 35 52 48 7 27 28 37 1 40 4 22 15 22
internal_value=0.00288114 -0.00307785 -0.0105855 -0.00657116 -0.00247357 0.0150678 -0.0147299 0.0223395 0.00824997 -0.0205623 -0.00690449 0.0108565 -0.0415145 0.0312774 0.0188537 -0.00420612 0.0293965 -0.0150525 -0.0397063 -0.0408169 -0.0288436 0.025996 -0.009603 0.0370487 0.0156819 -0.0168327 0.0283906 -0.00461224 0.0320121 0.021071
internal_weight=3.16821 2.42543 1.80689 1.64185 1.50078 0.617298 0.883482 0.742771 0.450205 0.781757 0.47326 0.30702 0.308497 0.277768 0.618543 0.224723 0.491324 0.0721612 0.16624 0.125974 0.172437 0.246125 0.0592999 0.419162 0.140316 0.0676412 0.132139 0.05116 0.39382 0.245918
internal_count=1261 1135 1004 861 576 172 404 126 81 397 145 90 252 60 131 84 123 36 55 49 21 57 30 87 50 41 27 23 47 32
is_linear=0
shrinkage=0.05


Tree=140
num_leaves=31
num_cat=0
split_feature=39 40 6 36 31 46 3 46 12 16 0 44 1 47 42 14 36 15 25 42 0 0 5 39 0 48 13 6 11 2
split_gain=0.201222 0.15906 0.127455 0.125399 0.109981 0.107581 0.111122 0.0969121 0.0962186 0.09236 0.0826173 0.0771448 0.0733104 0.0631826 0.115564 0.110447 0.0613593 0.0556827 0.0502014 0.0479445 0.0479274 0.0464451 0.0376056 0.0332387 0.031619 0.0302155 0.0302146 0.0598966 0.0165186 0.0456081
threshold=0.16161283105611804 -1.1361086368560789 -1.429795980453491 -3.2641253471374507 0.95096120238304149 -0.46119599044322962 -0.31212134659290308 -0.59985730051994313 1.7345977425575259 -0.32924295961856836 -1.1531662940979002 0.73142468929290783 1.0060949921607973 -1.4522326588630674 0.87462106347084057 -0.83688992261886586 -2.1482727527618404 -1.4415037035942075 -0.49426673352718348 0.89617446064949047 -1.0728125572204588 -0.21151433140039441 0.16875609010457995 -0.13865938037633893 -0.19921454042196271 2.0508021116256718 1.14067679643631 0.14428865164518359 -0.6382596194744109 0.18419095873832705
decision_type=2 2 2 2 2 2 2 2 2 2 2 2 2 2 2 2 2 2 2 2 2 2 2 2 2 2 2 2 2 2
left_child=1 3 -3 -1 5 6 21 8 10 11 -6 18 19 -9 15 -15 -2 -18 -8 -7 -11 -4 -12 -5 -25 -17 -23 -28 -14 -30
right_child=16 2 4 23 7 12 9 13 -10 20 22 -13 28 14 -16 25 17 -19 -20 -21 -22 26 -24 24 -26 -27 27 -29 29 -31
leaf_value=-0.042102310876438037 0.029723490569178109 -0.050833006630977673 -0.050128191149251947 0.047191724443582043 0.050117146271637929 -0.050299012751273145 0.041544591229251721 0.046464778057727169 0.049573190215995135 0.050188657960286487 0.021395958785654354 -0.030578636626821688 0.050180390953641643 0.031740368084637878 0.050091623057453995 -0.050441097507737731 0.050215381971938013 -0.05031165329570534 -0.012276139651518379 -0.0042168076649228958 -0.050926431715698044 0.044487263554277699 -0.046629000525246683 0.044622797735092756 -0.010660132155134682 0.0073335016843122797 -0.0503656219944437 0.04720642378070878 -0.050350455985688262 0.050328887089177571
leaf_weight=0.052738451748155057 0.030454874620772898 0.12034032386145632 0.017445886041969061 0.3341037678765133 0.031289141392335296 0.24503885282319882 0.12707738229073584 0.23907930200221017 0.054487630346557125 0.01274670846760273 0.02331974235130474 0.10197181307012215 0.024380294606089592 0.10002747413818724 0.1359327151440084 0.10375014666351479 0.014537026174366474 0.26281686122820236 0.065741154350689612 0.073335761902853847 0.14535551784501943 0.18530152828316204 0.15777611131488811 0.047999513568356633 0.056087506702170109 0.028944039077032357 0.027906864590477198 0.036042877589352429 0.022911608539288864 0.022097762674093246
leaf_count=12 9 40 19 75 5 265 15 21 6 1 7 18 2 18 28 45 1 409 19 13 92 25 42 8 13 8 19 3 21 1
internal_value=0.000576557 0.00511338 -0.000870636 0.0307386 0.00216297 -0.00830456 0.00313569 0.0154161 -0.00970031 -0.0119422 -0.024907 0.00459368 -0.0295347 0.0264454 0.0134624 -0.00793266 -0.0376453 -0.0450427 0.0231945 -0.0396842 -0.0427742 0.0287402 -0.0378694 0.0395054 0.0148335 -0.037839 0.0342605 0.00462721 0.0170336 -0.000921011
internal_weight=2.90104 2.59323 2.1023 0.490929 1.98196 1.10735 0.71959 0.874606 0.266873 0.452893 0.212385 0.29479 0.387764 0.607734 0.368654 0.232722 0.307809 0.277354 0.192819 0.318375 0.158102 0.266697 0.181096 0.438191 0.104087 0.132694 0.249251 0.0639497 0.0693897 0.0450094
internal_count=1260 841 733 108 693 513 211 180 60 145 54 52 302 120 99 71 419 410 34 278 93 66 49 96 21 53 47 22 24 22
is_linear=0
shrinkage=0.05


Tree=141
num_leaves=31
num_cat=0
split_feature=42 47 17 24 49 17 30 0 24 47 47 1 37 49 37 26 1 31 15 39 21 47 0 30 4 48 46 6 22 31
split_gain=0.154733 0.13988 0.132908 0.128664 0.104501 0.0930605 0.0889015 0.0771718 0.0704119 0.0648713 0.0771327 0.0808211 0.0940048 0.146805 0.147581 0.127255 0.0810409 0.0732629 0.110004 0.0566826 0.10719 0.0553697 0.0385448 0.0503063 0.0349091 0.0280808 0.0108298 0.00464287 0.00293556 1.02001e-05
threshold=0.88679862022399913 0.52804893255233776 -0.52592331171035755 -0.65727898478507985 1.4425713419914248 -0.77048379182815541 -1.2925649881362913 -1.1478865742683408 0.16039285808801654 -1.6001117825508115 -1.5659691691398618 -1.9578748345375059 1.0455961823463442 -0.73740315437316883 1.0329363346099856 0.055234069004654891 1.3841450810432436 0.52605187892913829 0.74135494232177745 -0.20365498214960095 -0.71251890063285817 -1.5534432530403135 -0.77062520384788502 1.1992961764335635 -0.17898967117071149 -0.75388905405998219 -0.52979582548141468 -0.42294923961162562 -0.93665915727615345 1.3674087524414065
decision_type=2 2 2 2 2 2 2 2 2 2 2 2 2 2 2 2 2 2 2 2 2 2 2 2 2 2 2 2 2 2
left_child=1 3 6 -1 5 -5 -2 -7 -3 -9 26 -12 13 16 -15 21 17 18 -13 -8 -21 -16 -17 -24 -14 -19 -11 -26 -20 -23
right_child=2 8 -4 4 -6 7 19 9 -10 10 11 12 24 14 15 22 -18 25 28 20 -22 29 23 -25 27 -27 -28 -29 -30 -31
leaf_value=-0.050346363276355714 -0.017867334234542443 -0.050132153154908481 -0.050448956982166407 -0.051442414333440947 -0.050247862324023951 0.047479009726234561 0.050107697226872305 -0.050687949574029979 0.040015191405610412 0.024892068118650284 -0.051517346233134469 -0.050270718353285337 0.0046485518124783831 -0.050358448031364578 0.025948797530038443 0.042044421418454325 -0.050729575636139695 0.012177100980892816 0.048287477076700988 0.050278946963773996 -0.015308528244075914 -0.050436149243209528 -0.050202185656682587 0.033591488794765596 0.034476829584846366 0.048484581462672705 0.04708348010700935 0.050209192888401803 0.028698642987427282 -0.051393912903264685
leaf_weight=0.11387544253375459 0.085302148014307022 0.19947045827575483 0.055836647108662762 0.066062968457118454 0.083838899867259786 0.12136769888456966 0.33780050906352699 0.048684231966035996 0.02429987135110423 0.11657776561332867 0.063621630019042974 0.067264403871376999 0.080982855637557805 0.21617950942890896 0.029683947563171387 0.13896164606558159 0.037646283977665007 0.069569594401400536 0.032251914846710861 0.12931794254109263 0.12019468354992568 0.055531072343001142 0.031697140278993174 0.041185349808074534 0.079639349831268191 0.22708532129763626 0.10404684284003485 0.11406379239633668 0.046992050542030483 0.055664649698883295
leaf_count=88 7 437 15 11 87 19 85 21 5 13 16 60 9 197 2 13 11 15 3 12 16 30 26 5 11 19 7 11 17 4
internal_value=0.00363026 -0.00281338 0.0236767 0.00129828 0.00434768 0.00682888 0.0298302 0.00899315 -0.0403428 0.0061748 0.0078957 0.00353066 0.00617506 -0.000639195 -0.0178291 0.00210771 0.0197002 0.0256832 -0.00324526 0.0367579 0.0186843 -0.0347199 0.0265987 -0.00285101 0.0322158 0.03997 0.0353576 0.043741 0.0366712 -0.0509156
internal_weight=2.9947 2.26624 0.728452 2.04247 1.9286 1.84476 0.672615 1.7787 0.22377 1.65733 1.60865 1.38802 1.3244 1.04971 0.568903 0.352724 0.48081 0.443163 0.146508 0.587313 0.249513 0.14088 0.211844 0.0728825 0.274686 0.296655 0.220625 0.193703 0.079244 0.111196
internal_count=1272 1137 135 695 607 520 120 509 442 490 469 449 433 402 277 80 125 114 80 113 28 36 44 31 31 34 20 22 20 34
is_linear=0
shrinkage=0.05


Tree=142
num_leaves=31
num_cat=0
split_feature=42 36 4 47 31 46 17 17 26 4 27 17 5 23 20 22 46 49 45 11 44 1 22 31 29 39 45 37 15 25
split_gain=0.148592 0.140947 0.116663 0.101365 0.0995117 0.0987254 0.0867185 0.0832895 0.0768809 0.110752 0.0761858 0.0757601 0.109183 0.0811636 0.076978 0.0692361 0.105679 0.0651636 0.0560881 0.0497903 0.0500285 0.0457725 0.0578342 0.0793841 0.0340881 0.0329878 0.0218561 0.0177875 0.0877001 0.015232
threshold=0.88679862022399913 0.17994440346956256 -0.17899551242589948 0.60271564126014721 1.3166425824165346 -0.44423526525497431 -0.64585503935813893 -0.77048379182815541 -0.024377115070819851 -0.17893701791763303 -0.24000037461519239 -0.60145190358161915 0.22942814975976947 -0.27751887589693064 -1.3297659754753111 1.9760470390319826 -0.52979582548141468 -0.62503328919410694 0.42714832723140722 1.5386469364166262 2.464346289634705 -1.5485765337944029 -0.66436985135078419 0.076873149722814574 0.9951876997947694 -0.37006738781929011 -0.88951760530471791 1.0455961823463442 0.74135494232177745 1.8608067035675051
decision_type=2 2 2 2 2 2 2 2 2 2 2 2 2 2 2 2 2 2 2 2 2 2 2 2 2 2 2 2 2 2
left_child=2 21 10 4 5 7 -7 -4 9 -6 29 12 13 -12 -14 19 24 -11 -10 27 -21 -2 23 -23 -17 -5 -25 28 -9 -1
right_child=1 -3 3 25 8 6 -8 15 18 17 11 -13 14 -15 -16 16 -18 -19 -20 20 -22 22 -24 26 -26 -27 -28 -29 -30 -31
leaf_value=-0.05026422277279527 -0.032714272797664798 -0.034227248564856302 -0.051527209231464248 0.041427822891197341 0.050301370802622085 0.022018273665438126 -0.050271476674588846 -0.05032444024990676 0.045550005755033499 0.012816117305575733 -0.050200184238230763 -0.05017326356300033 0.050202201276742145 0.039038304793002958 -0.05048303380025692 -0.051012804271715388 0.044609576359917413 -0.051045656770705633 0.0071682590993357824 -0.050355422870730998 0.042347614040063729 -0.030380517167465329 0.047829197723453731 0.0041228561148879848 0.024592935742422193 -0.050168533176991485 0.050161611761809569 0.047997855576886975 0.044325961764148755 0.017656951266301065
leaf_weight=0.1902619570173556 0.02550373924896121 0.091008485411293805 0.05583584145642817 0.010857666842639446 0.071256401482969522 0.054793287999928331 0.17081495025195093 0.031802001234609967 0.30556264193728566 0.068646365834865719 0.030130967876175418 0.09087930152600221 0.022884850855916739 0.16506404521351214 0.11135263842879795 0.099780589152942412 0.054376460277126171 0.095538749534171075 0.13824799808207899 0.037776408673380502 0.023674155818298459 0.066590781789273024 0.35374422243330617 0.036036124685779214 0.0175272993510589 0.10381641684216458 0.090567950392141938 0.13591564912348986 0.10620154757634737 0.0086287738522514701
leaf_count=257 4 20 7 2 5 4 156 21 37 10 39 119 2 35 64 56 8 14 18 23 2 11 73 6 7 216 19 12 20 10
internal_value=0.00282875 0.0235715 -0.003422 0.00377779 0.00731499 -0.0047686 -0.0327145 0.00643222 0.021342 -0.00175315 -0.0218217 -0.00975709 0.00139237 0.0252631 -0.0333182 0.0128146 -0.0130083 -0.0243448 0.033594 0.026034 -0.0146411 0.0327605 0.0358136 0.0138127 -0.0397163 -0.0414959 0.0370573 0.035159 0.0225144 -0.0473175
internal_weight=2.86508 0.663451 2.20163 1.58242 1.46775 0.788498 0.225608 0.56289 0.679252 0.235442 0.619203 0.420312 0.329433 0.195195 0.134237 0.507054 0.171684 0.164185 0.443811 0.33537 0.0614506 0.572443 0.546939 0.193195 0.117308 0.114674 0.126604 0.273919 0.138004 0.198891
internal_count=1277 133 1144 618 400 316 160 156 84 29 526 259 140 74 66 149 71 24 55 78 25 113 109 36 63 218 25 53 41 267
is_linear=0
shrinkage=0.05


Tree=143
num_leaves=31
num_cat=0
split_feature=20 35 39 10 36 43 47 15 5 35 37 31 33 46 15 3 30 37 22 22 15 11 26 36 35 47 30 40 1 0
split_gain=0.147529 0.163279 0.147999 0.130098 0.110253 0.109508 0.145024 0.113589 0.109596 0.0804716 0.079439 0.0867438 0.0716725 0.0651582 0.0843333 0.114603 0.0794273 0.0646522 0.0635007 0.0452089 0.0400679 0.0270358 0.0242797 0.0238257 0.021774 0.0205958 0.0467622 0.0187995 0.0351848 0.0165563
threshold=-1.714368939399719 0.63649398088455211 -0.26005721092224116 -1.206772446632385 -1.5439995527267454 0.3028912246227265 -1.3250104784965513 0.39040160179138189 -1.422717213630676 0.34128664433956152 1.0416296720504763 1.3674087524414065 -0.85547414422035206 1.6483359932899477 -1.2725561261177061 -0.28078378736972803 1.1992961764335635 -2.1985343694686885 -0.92961961030960072 -0.95849066972732533 0.61928689479827892 1.5168067216873171 -1.1223552227020261 1.0081961154937746 -0.56842389702796925 0.44157510995864874 1.1551153659820559 -1.0303163528442381 1.7037797570228579 -1.1288285851478574
decision_type=2 2 2 2 2 2 2 2 2 2 2 2 2 2 2 2 2 2 2 2 2 2 2 2 2 2 2 2 2 2
left_child=3 2 5 20 17 6 7 -2 -7 10 -9 -12 -8 14 15 -6 -15 -4 19 -16 -1 -11 -10 -3 -5 -24 -27 -19 -29 -14
right_child=1 23 4 24 13 8 12 9 22 21 11 -13 29 16 18 -17 -18 27 -20 -21 -22 -23 25 -25 -26 26 -28 28 -30 -31
leaf_value=0.024085310830417872 0.042548140083898116 -0.050426362987032826 -0.050295046912196509 0.014925860028016772 0.035835151459494077 -0.051019666333280228 0.031477789743709898 -0.050614201585834177 -0.050143719795243236 -0.0070415174046617977 -0.05031361463188716 0.031588450100532281 0.032330839105510649 -0.050672078429024825 -0.050100013032857743 -0.050757317845988803 0.037142469562659479 0.047164334331602054 -0.050504292280542651 0.04056743801598231 -0.051379410200583057 0.036634962122113444 0.048129450798690458 -0.0095198523421364048 0.048882855516200224 -0.01892504831978355 0.049530677180872569 -0.050319424167161841 0.047478372196287387 -0.050451690157344534
leaf_weight=0.025986935594119132 0.23016934894258156 0.17699766813893791 0.025547154509695247 0.056142715504392982 0.094885029830038548 0.035788669483736157 0.034687623148784041 0.11105901929840911 0.0073240930505562565 0.04849058878608048 0.047606197738787159 0.10073993721744046 0.0062714620726183048 0.036928986824932508 0.022214212323888205 0.063970958144637602 0.085062897036550567 0.10339067992754281 0.33700110366043856 0.036077637822018782 0.054431020573247224 0.13155631651170552 0.31159349961671978 0.044556791894137859 0.29665467370068688 0.041259607329266146 0.063097620877670124 0.016001501731808143 0.021626664907671511 0.16353155804972697
leaf_count=6 23 105 17 17 16 5 7 64 6 18 29 8 3 33 37 12 13 16 519 11 22 18 74 3 45 15 11 17 4 107
internal_value=0.00354464 -0.00130762 0.00285613 0.0303973 -0.0135455 0.0132237 0.00283878 0.0140933 0.0329978 -0.000810263 -0.0186357 0.00530502 -0.0340152 -0.0225219 -0.0298045 0.000964554 0.0105595 0.0228922 -0.0421696 0.00601534 -0.0269931 0.0248719 0.0401016 -0.0421997 0.0434791 0.0416906 0.0224654 0.0361509 0.00588954 -0.0473942
internal_weight=2.83065 2.39744 2.17588 0.433215 0.842707 1.33318 0.874112 0.669621 0.459063 0.439452 0.259405 0.148346 0.204491 0.676141 0.554149 0.158856 0.121992 0.166566 0.395293 0.0582919 0.080418 0.180047 0.423275 0.221554 0.352797 0.415951 0.104357 0.141019 0.0376282 0.169803
internal_count=1281 1191 1083 90 695 388 277 160 111 137 101 37 117 641 595 28 46 54 567 48 28 36 106 108 62 100 26 37 21 110
is_linear=0
shrinkage=0.05


Tree=144
num_leaves=31
num_cat=0
split_feature=31 46 42 3 26 16 17 35 25 39 48 5 15 22 16 33 0 3 40 48 17 0 23 43 25 10 36 10 45 23
split_gain=0.138704 0.135337 0.103079 0.0797378 0.0810214 0.0745226 0.0840868 0.0667619 0.0876127 0.0672508 0.06828 0.061026 0.0665435 0.0804892 0.0592518 0.0648548 0.0522302 0.0574773 0.0508834 0.14807 0.0421794 0.0363323 0.035685 0.0618897 0.0355083 0.031565 0.0302369 0.0914382 0.0193958 0.0171288
threshold=0.51575326919555675 -0.40872338414192194 0.89384356141090404 -0.31020227074623102 -0.48825514316558832 1.8513717055320742 -0.67911991477012623 5.7572312355041513 -1.0241779088973997 -0.20278467983007428 1.5120062232017519 0.89669334888458263 -1.2440345287322996 -0.58026844263076771 -0.85155493021011341 -0.94120240211486805 -1.0160549879074094 -0.18787030875682828 0.2100482061505318 1.4811012744903567 -0.6506650149822234 -1.1327579617500303 -0.27751887589693064 0.554131180047989 -0.3655420839786529 -0.40509079396724695 1.0039024949073794 -0.31777682900428766 0.096322316676378264 -0.27751887589693064
decision_type=2 2 2 2 2 2 2 2 2 2 2 2 2 2 2 2 2 2 2 2 2 2 2 2 2 2 2 2 2 2
left_child=1 3 5 4 -1 6 16 8 -5 10 22 12 13 -3 21 -16 17 -2 25 20 -20 -8 23 -10 -21 -17 27 -6 -4 -18
right_child=2 11 28 7 26 -7 14 -9 9 -11 -12 -13 -14 -15 15 18 29 -19 19 24 -22 -23 -24 -25 -26 -27 -28 -29 -30 -31
leaf_value=-0.05067152386152747 -0.030286561685154104 -0.038754657190896463 0.050061538626611737 -0.051269236318865125 -0.050240202870836428 -0.051036373664731051 0.050163909346281156 0.042981817617016721 -0.050398367381471236 -0.050185986194548837 -0.050283123750546423 0.031282490627280966 -0.050243680126998369 0.048918595683858312 -0.02880131762164545 -2.7712548492555423e-05 -0.051255188561691048 0.048911520921940045 0.029146964700897601 0.041286453143219576 -0.050396025757358201 -0.050210974580897273 0.041457907591249184 0.047705565532964081 0.0026764527111053571 0.042744584121987166 0.048792570104730121 0.041815467223763919 -0.0015476116862978503 -0.017914943403032315
leaf_weight=0.033369605371262878 0.041314788366435096 0.067369114054599777 0.1902610082179309 0.12993204363738187 0.038111752612167038 0.052530078508425393 0.011085459031164646 0.051428202365059406 0.034874489312642254 0.055769386483007111 0.037018308299593627 0.03468320335377939 0.29410219295823481 0.042815860389964655 0.062609598360722662 0.049565062421606854 0.073769946335232817 0.051423176133539528 0.020233748713508026 0.21367827133508399 0.094523831750848553 0.048277549867634439 0.1121124149649404 0.029824714467395097 0.082555012486409396 0.33244895623647652 0.13307862431975082 0.09231638684286736 0.020131431636400521 0.080630237265722604
leaf_count=28 18 17 67 31 33 14 1 7 22 111 38 16 460 7 16 19 23 10 11 20 68 49 18 3 16 74 8 27 8 18
internal_value=0.00229701 -0.0103289 0.0128122 0.00260716 0.0227296 0.00721551 0.00984862 -0.0106399 -0.0175421 -0.00128748 0.0114658 -0.032367 -0.0378274 -0.00468644 0.0168386 0.02019 -0.0160302 0.0136288 0.024058 0.0118472 -0.0363712 -0.031467 0.0243939 -0.00517491 0.0305265 0.037195 0.0320248 0.0149163 0.0451233 -0.0338444
internal_weight=2.61184 1.18681 1.42504 0.747836 0.296876 1.21465 1.16212 0.45096 0.399531 0.269599 0.21383 0.43897 0.404287 0.110185 0.914977 0.855614 0.247138 0.092738 0.793005 0.410991 0.114758 0.059363 0.176812 0.0646992 0.296233 0.382014 0.263507 0.130428 0.210392 0.1544
internal_count=1258 826 432 326 96 357 343 230 223 192 81 500 484 24 274 224 69 28 208 115 79 50 43 25 36 93 68 60 75 41
is_linear=0
shrinkage=0.05


Tree=145
num_leaves=31
num_cat=0
split_feature=39 31 46 40 48 33 5 42 9 36 20 32 27 20 4 47 15 46 12 20 2 4 35 7 4 35 3 35 5 47
split_gain=0.171507 0.118149 0.119573 0.106178 0.109846 0.0805144 0.0759124 0.0712402 0.070313 0.0780605 0.0828487 0.0684525 0.0625782 0.107696 0.0887089 0.0544707 0.0663569 0.0521011 0.0444908 0.0419343 0.0415064 0.038923 0.0387026 0.0320709 0.0313912 0.0312476 0.0208789 0.0175871 0.0114854 0.00717218
threshold=0.54167920351028453 0.62456980347633373 -0.44423526525497431 -0.48421300947666163 1.7605182528495791 1.1064780354499819 0.89669334888458263 0.91268283128738414 -0.81711333990097035 -0.15428341180086133 -1.5508474707603452 0.95413529872894298 0.553514063358307 -1.8196462988853452 -0.17899895459413526 -1.4558432698249815 0.39040160179138189 -0.70843145251274098 -0.79281222820281971 0.3590476661920548 -0.79961687326431263 -0.17899906635284421 5.7572312355041513 -0.7663745880126952 -0.17899911850690839 -0.67294436693191517 -0.30363656580448145 -0.56842389702796925 -0.86672323942184437 0.39328618347644811
decision_type=2 2 2 2 2 2 2 2 2 2 2 2 2 2 2 2 2 2 2 2 2 2 2 2 2 2 2 2 2 2
left_child=1 2 5 19 8 11 7 24 -5 26 -11 12 14 -14 27 -6 -17 28 -19 20 -3 -12 -7 -18 -4 -15 -10 -1 -16 -22
right_child=-2 3 6 4 15 22 -8 -9 9 10 21 -13 13 25 17 16 23 18 -20 -21 29 -23 -24 -25 -26 -27 -28 -29 -30 -31
leaf_value=0.011610350924789417 -0.050218494403229431 -0.025316010013096746 0.035998388184471243 0.029539553144614435 0.043973798502532316 -0.050860248038616898 0.03932319300978733 0.0081979389329235822 -0.021814755432228411 0.018981427667175376 0.050152767639114117 -0.050455394592263204 0.038009134054261193 0.031664135809178887 0.0035569417126280578 0.040804235492303199 0.01144443504139487 0.050253000679049808 -0.050427913411806691 -0.0057995464971394295 0.050133895819251595 -0.049088608150596576 0.023759490317904881 -0.050621588003220669 -0.050295091008918061 -0.050853076931588116 0.040562935542989426 -0.05065385632865637 0.043248846460118714 0.033000142219706367
leaf_weight=0.015854228753596544 0.14280973389395502 0.02133296593092382 0.010974158241879528 0.091469301318284124 0.20440281624905765 0.08173274238652084 0.037876438480452634 0.074553741491399705 0.017457771507906727 0.06531798595096916 0.010336639359593391 0.040831778576830402 0.073301808908581734 0.013077528565190732 0.019281608343590051 0.07009042426943779 0.035645789466798306 0.017050519585609436 0.030782929970883166 0.051003695145482197 0.28426522691734135 0.22369307618646395 0.022068926889915019 0.05001970220473595 0.26566589855065104 0.093493049091193825 0.057928198235458694 0.039841357269324362 0.33279901718196925 0.077793049800675362
leaf_count=5 267 3 3 17 22 61 10 16 17 14 1 25 4 5 19 8 7 1 31 13 70 125 4 13 348 51 17 22 63 30
internal_value=0.00303284 0.00616246 -0.00528638 0.0167798 0.00625942 0.00600586 -0.0279282 -0.0351813 -0.0097633 -0.0193568 -0.0308088 0.0122988 0.016331 -0.00864047 0.0261896 0.0269998 0.00472441 0.0344231 -0.0145396 0.0367929 0.0424591 -0.0447053 -0.0349956 -0.0247956 -0.0468719 -0.0407272 0.0261176 -0.0329298 0.0410751 0.0464525
internal_weight=2.57275 2.42994 1.16919 1.26076 0.826362 0.780115 0.38907 0.351194 0.466203 0.374734 0.299348 0.676314 0.635482 0.179872 0.45561 0.360159 0.155756 0.399914 0.0478334 0.434395 0.383391 0.23403 0.103802 0.0856655 0.27664 0.106571 0.075386 0.0556956 0.352081 0.362058
internal_count=1292 1025 668 357 241 291 377 367 191 174 140 226 201 60 141 50 28 114 32 116 103 126 65 20 351 56 34 27 82 100
is_linear=0
shrinkage=0.05


Tree=146
num_leaves=31
num_cat=0
split_feature=31 39 6 23 2 20 7 46 33 6 2 45 47 11 9 3 36 6 35 14 30 39 34 34 0 35 16 15 15 39
split_gain=0.110358 0.120379 0.114855 0.108409 0.111314 0.0979872 0.106181 0.0902814 0.0756216 0.0704617 0.0672719 0.0637465 0.0601797 0.0558428 0.0616832 0.116337 0.108639 0.0481459 0.0384576 0.0220643 0.0210097 0.022303 0.0342282 0.0474095 0.0162986 0.0156607 0.0147286 0.0146367 0.0137164 0.0130867
threshold=0.62456980347633373 -0.19127560406923291 1.1250693798065188 -1.0000000180025095e-35 -0.59515973925590504 0.11509769782423974 -1.122816205024719 -0.23364006727933881 1.0378539562225344 1.7245252132415774 1.1360510587692263 -0.88951760530471791 0.32413697242736822 -0.62529918551444996 -0.70622116327285755 -0.31212134659290308 1.0039024949073794 -1.3202141523361204 5.7572312355041513 0.45771385729312902 0.10771434009075166 -0.10721193999052046 -1.1603790521621702 -0.6158652901649474 1.4475858211517336 -0.12969275563955304 -0.28243172168731684 -1.1940245032310484 -0.93897283077239979 -0.37746509909629816
decision_type=2 2 2 2 2 2 2 2 2 2 2 2 2 2 2 2 2 2 2 2 2 2 2 2 2 2 2 2 2 2
left_child=1 2 7 4 28 25 19 8 13 -3 -8 12 -5 24 15 16 -15 -13 -10 -7 -19 -22 -23 -24 -1 -6 -17 -9 -2 -16
right_child=3 9 -4 11 5 6 10 27 18 -11 -12 17 -14 14 29 26 -18 20 -20 -21 21 22 23 -25 -26 -27 -28 -29 -30 -31
leaf_value=-0.0015382556730954774 -0.0026651510661876679 -0.050251481288141525 0.044041958655599817 -0.05081477975916289 0.040422436386631254 0.00086746162263813889 -0.049217742842279678 0.050055240071837238 -0.05075456152161191 0.036329450983540366 0.026588019755977594 -0.028119891981743941 0.024704573180977917 -0.050202159464833543 0.046246102404094103 -0.0068229606204591028 0.0484760944870814 0.0018262554046482298 0.022830129378742681 0.04779287220638298 0.045845296367997092 0.046158620899764413 -0.050537824143629596 0.029550610648776954 -0.050804583991537103 0.0093226646142310615 -0.050913470413322108 -0.050222009156032449 -0.050750910004869414 0.018857504640024902
leaf_weight=0.026139292996958829 0.017078888893593103 0.21579160242981765 0.12181903142482042 0.048727889632573351 0.16457711938710418 0.042049773619510233 0.14878520322963595 0.0037520921323448411 0.095234274864196777 0.026370632345788181 0.036432803026400506 0.031231808243319392 0.057519284513546154 0.036144124154816382 0.116688806185266 0.024366974830627441 0.12217086562304758 0.042141171579714642 0.021825326897669584 0.061964860127773136 0.33913341083098203 0.080407343382830732 0.029371841344982386 0.049823595996713266 0.046924385474994779 0.053683832869865 0.085067050109500997 0.12070620652229991 0.11263497901381925 0.069645833325921558
leaf_count=16 7 473 26 9 49 14 94 1 75 6 14 6 14 32 15 3 8 11 4 9 84 12 12 12 9 17 35 137 50 15
internal_value=0.00187547 -0.00956535 -0.00106497 0.0117255 -0.00308377 0.00748156 -0.0116039 -0.00821357 -0.000681757 -0.0408231 -0.0343066 0.0256365 -0.00993069 0.00739092 0.0139188 -0.00145457 0.0259473 0.0322418 -0.037035 0.0288224 0.0357272 0.0385917 0.0231789 -0.000152424 -0.033179 0.0327731 -0.0410961 -0.0471989 -0.0444197 0.0360091
internal_weight=2.44821 1.13265 0.890484 1.31556 0.637207 0.507494 0.289233 0.768665 0.644207 0.242162 0.185218 0.678356 0.106247 0.527147 0.454084 0.267749 0.158315 0.572109 0.11706 0.104015 0.540877 0.498736 0.159603 0.0791954 0.0730637 0.218261 0.109434 0.124458 0.129714 0.186335
internal_count=1269 855 376 414 254 197 131 350 212 479 108 160 23 133 108 78 40 137 79 23 131 120 36 24 25 66 38 138 57 30
is_linear=0
shrinkage=0.05


Tree=147
num_leaves=31
num_cat=0
split_feature=20 30 35 39 49 47 40 7 5 48 6 36 31 43 37 31 47 43 46 12 35 43 21 23 31 5 1 20 47 27
split_gain=0.110186 0.119062 0.109812 0.142231 0.111316 0.140518 0.0925169 0.099369 0.0903782 0.0749721 0.0852918 0.0659077 0.0628404 0.054878 0.0480797 0.0779972 0.051193 0.0452623 0.0400813 0.0390356 0.0367584 0.0479129 0.0321497 0.0418263 0.0286403 0.0260848 0.0213798 0.0174151 0.0168653 0.0043367
threshold=-1.7382279038429258 -1.2925649881362913 0.78921726346015941 -0.26005721092224116 -0.71492916345596302 -1.3250104784965513 -1.1108849644660947 -1.2416300177574155 -0.52513885498046864 1.3666469454765322 -1.429795980453491 1.0085023641586306 1.3674087524414065 0.92544731497764599 1.0469335317611697 0.42117622494697576 -1.5573325753211973 -0.17845443636178968 -0.75482773780822743 -0.19538578391075132 -0.56842389702796925 0.61951690912246715 0.33727525174617773 -0.75708070397377003 -1.3038234710693357 -0.80252718925476063 0.33184519410133367 -1.508153438568115 -1.4759787917137144 -0.79013115167617787
decision_type=2 2 2 2 2 2 2 2 2 2 2 2 2 2 2 2 2 2 2 2 2 2 2 2 2 2 2 2 2 2
left_child=8 11 3 4 17 9 7 -5 -1 -6 -11 -2 24 19 15 16 -12 -3 -17 26 21 -10 -9 -24 -8 -19 -14 -7 -20 -27
right_child=1 2 -4 6 5 27 12 22 20 10 14 -13 13 -15 -16 18 -18 25 28 -21 -22 -23 23 -25 -26 29 -28 -29 -30 -31
leaf_value=-0.0310631869750332 -0.050657040506985287 -0.050452789537355131 -0.050412823471020919 -0.050611755416859056 -0.050222840995091514 0.038973449423614193 0.03122954901090394 0.041569826447382739 -0.050195121778061694 -0.050942571996212688 0.050235067895575795 0.048270847101588285 0.021977714367329163 0.022792024117849197 0.04602767126957278 -0.0081369150395748675 -0.050308824336485536 0.015946881930810959 0.048672832971170622 0.021483589985360218 0.047412737963722563 0.04819376046130544 0.040923000211824087 -0.044488691666180379 -0.050285604572671228 0.028440600801529714 -0.05073287817359147 -0.050310679614400847 0.019610047813264142 0.049194466397000203
leaf_weight=0.053031523682875559 0.15855749415641263 0.014174818526953459 0.092625034507363924 0.050277648158953525 0.042038969084387645 0.0057463372359052292 0.011384926532628237 0.13571043487172596 0.024104977201204747 0.040466873542754911 0.015853267163038254 0.018836035160347819 0.01135854798485525 0.087968441774137318 0.17235890176380053 0.064050087938085198 0.062855729280272499 0.084664552137837745 0.12526709359372035 0.030686191734275781 0.25297452684026245 0.025425146392080933 0.027827626938233152 0.029558951544458978 0.20132628406281439 0.027680613624397665 0.091970162160578184 0.11021345885819778 0.082989089627517387 0.27763648179825395
leaf_count=13 126 3 55 40 36 3 7 19 18 11 1 3 7 15 20 8 58 19 8 13 42 7 9 24 434 7 66 110 19 76
internal_value=0.00342757 -0.000980956 0.00268269 0.00540874 0.0163033 0.00453988 -0.0126827 0.0120003 0.0291455 0.014191 0.0189935 -0.0401527 -0.0265021 -0.0078927 0.0244009 0.0137816 -0.0300577 0.0373133 0.0264531 -0.0280344 0.0397005 0.000310541 0.0283029 -0.00307126 -0.0459227 0.0405034 -0.0427401 -0.0458862 0.0370915 0.0473129
internal_weight=2.42962 2.07408 1.89669 1.80407 1.126 0.72184 0.678069 0.243375 0.355536 0.60588 0.563841 0.177394 0.434695 0.221983 0.523374 0.351015 0.078709 0.404156 0.272306 0.134015 0.302505 0.0495301 0.193097 0.0573866 0.212711 0.389982 0.103329 0.11596 0.208256 0.305317
internal_count=1277 1197 1068 1013 379 274 634 92 80 161 125 129 542 101 114 94 59 105 35 86 67 25 52 33 441 102 73 113 27 83
is_linear=0
shrinkage=0.05


Tree=148
num_leaves=31
num_cat=0
split_feature=39 49 31 36 25 33 46 15 5 43 6 36 3 9 6 48 1 20 16 0 22 2 30 35 45 48 0 4 28 4
split_gain=0.108645 0.108842 0.0993579 0.0890844 0.101705 0.0683914 0.079778 0.0681458 0.0619687 0.0595335 0.0548547 0.0541511 0.0536552 0.0994025 0.0516977 0.0581504 0.0493479 0.0484317 0.0760482 0.058148 0.0455663 0.041793 0.0379629 0.0352116 0.0293464 0.0171667 0.0148892 0.0185878 0.013839 0.0124961
threshold=-0.11596874147653578 1.4425713419914248 0.88224595785141002 -1.5439995527267454 -0.9061760902404784 1.1064780354499819 -0.40872338414192194 -1.119224429130554 1.0299929380416872 0.95614135265350353 -1.429795980453491 -3.2641253471374507 -0.30965752899646753 -0.70622116327285755 -0.14709129184484479 -0.79988715052604664 -0.050400143489241593 -0.085714299231767641 -0.31681969761848444 -0.84154576063156117 -1.4047946929931638 -0.45633617043495173 0.69077771902084362 5.7572312355041513 -1.026177644729614 -0.62740421295166005 0.10727655515074731 -0.17899898439645764 0.24374951422214511 -0.15641743689775464
decision_type=2 2 2 2 2 2 2 2 2 2 2 2 2 2 2 2 2 2 2 2 2 2 2 2 2 2 2 2 2 2
left_child=1 2 5 16 21 6 11 9 -9 -8 -4 -1 -13 -14 29 -16 -2 22 28 25 -6 -5 -12 -7 -24 -20 27 -23 -19 -15
right_child=3 -3 10 4 20 23 7 8 -10 -11 17 12 13 14 15 -17 -18 18 19 -21 -22 26 24 -25 -26 -27 -28 -29 -30 -31
leaf_value=-0.050686840120228852 -0.050247417065278847 -0.050231891712358506 -0.022892974152328601 -0.050214749572388133 0.024341603196160504 -0.050676842764442731 0.048960120146309134 -0.050215049547246787 0.048317153161037019 -0.023558046004686379 -0.0079433850031703987 0.039159112277221624 -0.039006831782391074 0.050201592977544118 0.050145278752656813 -0.050427843515839579 0.038025829606050568 -0.0081506501944320266 0.013528206458512959 0.041711360786576251 -0.050300118851986313 0.050123107593676552 -0.0084189860866740723 0.021964810596128072 0.044624131986362191 -0.050663393101267121 0.049456878617783896 -0.02687265089896157 -0.048015466346533343 0.022488113005244392
leaf_weight=0.028788668103516102 0.01922949128493201 0.074035313795320579 0.057892142445780337 0.019713994843186811 0.02221935240959283 0.08797843917272985 0.056073018931783736 0.13652352421195268 0.018069137178827077 0.057142727659083903 0.042752345441840589 0.21247417833365034 0.086512911802856252 0.096023926511406898 0.022267025429755449 0.040537597378715873 0.089624343541800044 0.044311668549198657 0.017907241301145405 0.16219116686261259 0.25626639195252199 0.013426842167973518 0.027788037550635636 0.020585634396411479 0.42316647461848333 0.024894330374081619 0.046113398100715131 0.018833404232282192 0.04279623695765622 0.070568201714195311
leaf_count=7 22 89 11 21 12 62 13 161 2 11 10 40 27 9 3 25 27 12 8 24 511 2 7 4 117 12 4 19 10 17
internal_value=0.00364726 0.00916801 0.0116425 -0.0174073 -0.0289234 0.000403554 0.00531291 -0.0171142 -0.0386984 0.0123584 0.0240782 0.0160926 0.019731 0.00666414 0.0238881 -0.0147702 0.022432 0.0275386 0.0114008 0.0280314 -0.0443447 0.01486 0.0370866 -0.0369027 0.0413556 -0.023807 0.0312288 0.00517329 -0.0277363 0.0384622
internal_weight=2.33671 1.85128 1.77724 0.485427 0.376573 0.933545 0.824981 0.267808 0.154593 0.113216 0.8437 0.557173 0.528384 0.31591 0.229397 0.0628046 0.108854 0.785808 0.292101 0.204993 0.278486 0.0980876 0.493707 0.108564 0.450955 0.0428016 0.0783736 0.0322602 0.0871079 0.166592
internal_count=1299 681 592 618 569 381 315 187 163 24 211 128 121 81 54 28 49 200 66 44 523 46 134 66 124 20 25 21 22 26
is_linear=0
shrinkage=0.05


Tree=149
num_leaves=31
num_cat=0
split_feature=29 46 0 3 17 49 39 43 31 7 33 15 2 21 1 35 35 33 30 40 35 16 23 5 2 36 46 22 18 29
split_gain=0.101101 0.0980749 0.0889717 0.0845205 0.0913864 0.0789317 0.0917492 0.102294 0.0644959 0.0638074 0.0628807 0.0590323 0.0814161 0.0562687 0.0560838 0.0868006 0.0547627 0.0495653 0.0429188 0.0464439 0.0404689 0.0403777 0.0345109 0.0293296 0.0278356 0.0445666 0.0203647 0.0363523 0.0193259 0.0418856
threshold=0.90503448247909557 -0.74704527854919422 1.162793040275574 -0.29808115959167475 -0.63215857744216908 1.4200972914695742 -0.27618822455406183 0.92544731497764599 -1.3794156312942503 0.75840330123901378 1.8478607535362246 0.39040160179138189 -0.36418658494949335 -2.1441878080368038 -0.068441949784755693 -0.55520102381706227 -1.021971523761749 -1.1109092831611631 0.31848566234111791 -1.0528461337089536 -0.332260251045227 -0.39589492976665491 -0.14050120487809178 -0.2845028936862945 -0.020023916848003861 -0.30790102481842035 -0.49805817008018488 -0.95849066972732533 0.49404011666774755 -1.1326206922531126
decision_type=2 2 2 2 2 2 2 2 2 2 2 2 2 2 2 2 2 2 2 2 2 2 2 2 2 2 2 2 2 2
left_child=1 2 10 4 9 6 11 13 26 -3 14 -2 22 -8 16 -16 -1 -10 -5 -20 -9 -14 -13 -21 -15 -26 -6 -28 -18 -30
right_child=5 3 -4 18 8 -7 7 20 17 -11 -12 12 21 24 15 -17 28 -19 19 23 -22 -23 -24 -25 25 -27 27 -29 29 -31
leaf_value=-0.050312291919291902 0.045812843927685337 -0.050415605077839355 -0.050431375682288726 -0.050371351779155506 0.048715886128629961 -0.050295251395846667 0.04722062782052594 0.037986189948946425 0.037738830965349711 0.043701930030539793 -0.051280520773585261 -0.05077888226559242 -0.0014743181721089283 -0.05057278731932438 0.043452871089606972 -0.050408232279149451 0.048556898962707332 -0.050450473391704026 0.038114747225012451 0.014650405488740449 -0.0098495213691449628 0.046944394544982879 0.0069157141093845603 -0.050432133810154794 0.027269091864532163 -0.050374337554044968 0.050236212250644813 -0.050157450177803459 0.042362859696457179 -0.028625914161849633
leaf_weight=0.018296219466719776 0.28525775991147373 0.021266110765282065 0.05435623494850006 0.22019052048563048 0.030451626924332231 0.04585763657814812 0.023454665555618592 0.1466807738179341 0.018032179970759898 0.11754791323619429 0.03090628124482464 0.051691578875761479 0.061378773767501116 0.11279688171634905 0.043533035845030099 0.056730240845354274 0.18353085145645309 0.13683455160935409 0.032277879654429853 0.024031866938457824 0.063291667145676911 0.1442557203117758 0.051987161859869957 0.061896744460682385 0.037399772307253443 0.036536807616357803 0.01592983677983284 0.020778295380296186 0.069592462343280204 0.029624348157085478
leaf_count=8 101 22 50 299 2 31 4 24 5 36 12 15 11 100 12 59 22 187 14 31 14 24 5 52 20 36 1 21 20 48
internal_value=0.00265282 -0.0073788 0.009859 -0.0193738 -0.00253957 0.0138688 0.0167685 -0.00111652 -0.0224356 0.0292833 0.0174413 0.0294072 0.0142774 -0.0257749 0.0227338 -0.00965494 0.0335209 -0.040182 -0.0373246 -0.0130217 0.0235671 0.0324921 -0.0218493 -0.0322303 -0.0349435 -0.0110995 0.0184865 -0.00659068 0.0389457 0.0211669
internal_weight=2.2464 1.18581 0.48657 0.699238 0.360841 1.06059 1.01473 0.420161 0.222026 0.138814 0.432213 0.594571 0.309313 0.210188 0.401307 0.100263 0.301044 0.154867 0.338397 0.118206 0.209972 0.205634 0.103679 0.0859286 0.186733 0.0739366 0.0671598 0.0367081 0.282748 0.0992168
internal_count=1286 901 231 670 274 385 354 198 216 58 181 156 55 160 169 71 98 192 396 97 38 35 20 83 156 56 24 22 90 68
is_linear=0
shrinkage=0.05


Tree=150
num_leaves=31
num_cat=0
split_feature=39 43 15 47 36 40 10 33 5 17 36 26 0 47 29 46 10 35 46 27 40 18 39 6 20 29 23 28 27 7
split_gain=0.113561 0.108522 0.0966806 0.0965983 0.089255 0.0866653 0.0959927 0.0981018 0.0821349 0.0617681 0.0624664 0.0586369 0.054793 0.0741187 0.0467047 0.0474699 0.0453171 0.0444753 0.0369535 0.0323378 0.0294183 0.0258921 0.0465081 0.0516397 0.0197598 0.0177242 0.0137114 0.0127844 0.01087 0.00898379
threshold=-0.26005721092224116 0.43563264608383184 0.5185079574584962 0.41003356873989111 0.99872043728828441 -0.40119558572769159 0.53507238626480114 -0.98229634761810292 -1.422717213630676 -0.48970267176628107 1.0085023641586306 1.5091900825500491 -0.71849629282951344 -1.4759787917137144 1.203634560108185 -0.49805817008018488 -0.46513359248638148 -0.072284005582332597 3.0274802446365361 1.6644518971443178 0.18506962805986407 -0.13972360640764234 -0.084051433950662599 -1.5493065714836118 -1.9120973944663999 -1.7111532092094419 1.1611667275428774 -0.7689840793609618 -0.73121172189712513 0.73860093951225292
decision_type=2 2 2 2 2 2 2 2 2 2 2 2 2 2 2 2 2 2 2 2 2 2 2 2 2 2 2 2 2 2
left_child=1 2 3 12 11 6 7 26 -3 10 -6 -4 29 -14 15 25 -9 -15 24 -8 28 -18 -23 -24 -7 -11 -2 -19 -10 -1
right_child=5 8 4 -5 9 18 19 16 20 14 -12 -13 13 17 -16 -17 21 27 -20 -21 -22 22 23 -25 -26 -27 -28 -29 -30 -31
leaf_value=0.048959479907028099 -0.0085909728435513005 -0.050733755928562954 -0.050370755577950871 -0.050174404314872016 -0.050898026428837645 0.050074437884056314 -0.050621516306665129 -0.050177072671921341 0.023264354106057764 0.039226969655557775 0.016405196731624553 0.027108547045243549 0.037593013451796081 0.014251648975271354 0.0474197646734556 -0.050237396543314196 0.047724449666389029 0.0012661783798798558 0.021382501958013663 0.020212392848762317 0.00010335961586029872 0.044372839686378424 0.050282845420130153 -0.050269298577087201 -0.05016115136230237 -0.0024375143795628703 -0.050585389180032393 -0.050449305587657679 0.050076642575314738 0.027739956531828366
leaf_weight=0.15959518050658517 0.030348008935106918 0.026283217943273485 0.16478663320594933 0.047411686929990537 0.082549618164193816 0.0050524184480310588 0.1044947605842026 0.018055874956189655 0.044201835698913783 0.049961119890213013 0.059200013056397438 0.02866794154397212 0.12523505499120802 0.06997775926720351 0.089353586547076702 0.03403906810854096 0.12666211185569409 0.014738237630808726 0.021738897485192865 0.019050145288929343 0.039049609884386882 0.065545446472242475 0.019039327278733253 0.03876768499321781 0.18312199263891638 0.052189695197739638 0.054065100528532639 0.06317373088677436 0.26103587879333634 0.072557542647700757
leaf_count=21 7 5 153 57 25 1 103 21 10 6 6 12 17 14 10 34 17 5 9 4 15 10 1 83 451 15 19 38 90 16
internal_value=0.00324845 0.011025 0.00322464 0.0180652 -0.0114026 -0.0135758 -0.00177385 0.0115189 0.0344623 0.00307459 -0.0227897 -0.0388891 0.0244683 0.00928825 0.0193298 0.000900038 0.0263209 -0.0146806 -0.0403394 -0.0396992 0.0409663 0.0318455 0.0155405 -0.0171514 -0.0474699 0.0179402 -0.0354877 -0.0406665 0.0461939 0.0423275
internal_weight=2.16995 1.48401 1.11344 0.552689 0.560748 0.685942 0.476028 0.352484 0.370571 0.367293 0.14175 0.193455 0.505278 0.273125 0.225543 0.13619 0.26807 0.14789 0.209913 0.123545 0.344287 0.250015 0.123352 0.057807 0.188174 0.102151 0.0844131 0.077912 0.305238 0.232153
internal_count=1275 549 429 168 261 726 265 158 120 96 31 165 111 74 65 55 132 57 461 107 115 111 94 84 452 21 26 43 100 37
is_linear=0
shrinkage=0.05


Tree=151
num_leaves=31
num_cat=0
split_feature=39 49 33 31 0 9 45 31 16 31 21 46 10 32 1 46 40 3 5 11 3 3 14 33 39 0 26 48 36 25
split_gain=0.0867667 0.0888285 0.0721257 0.0664839 0.0682308 0.0657327 0.0929844 0.0816432 0.0741804 0.0678391 0.0982473 0.0678136 0.0762518 0.0665181 0.0589369 0.0409913 0.0391317 0.0708831 0.0447704 0.0462506 0.0389159 0.0386968 0.031597 0.0307474 0.0458994 0.0444184 0.0217383 0.018789 0.0141212 0.0251542
threshold=0.16161283105611804 1.4425713419914248 1.8478607535362246 1.3674087524414065 -0.45365948975086207 -0.047518715262413018 0.42714832723140722 -1.4177814722061155 0.018604691140353683 0.63685420155525219 -0.33924272656440729 -0.20010204613208768 -1.206772446632385 0.95413529872894298 1.0565753579139712 -0.74704527854919422 -0.093614496290683732 -0.25355403125286097 0.28454501926898962 -0.63772934675216664 -0.30213534832000727 -0.28078378736972803 -1.814760625362396 -0.64251169562339772 -0.20365498214960095 -1.1327579617500303 2.2917944192886357 -0.79833388328552235 0.99988356232643139 0.33339941501617437
decision_type=2 2 2 2 2 2 2 2 2 2 2 2 2 2 2 2 2 2 2 2 2 2 2 2 2 2 2 2 2 2
left_child=1 2 5 -2 22 6 7 -1 9 10 21 12 -10 16 -12 -11 23 -18 19 -19 -14 -9 -5 -7 -25 -26 -13 -15 29 -20
right_child=3 -3 -4 4 -6 13 -8 8 11 15 14 26 20 27 -16 -17 17 18 28 -21 -22 -23 -24 24 25 -27 -28 -29 -30 -31
leaf_value=-0.050430401840919847 -0.050195180630699977 -0.050136738438870933 -0.050809136161871465 0.050135485122620484 0.037311386515682936 0.048584889837791363 -0.05052413131706749 0.044276633786807636 -0.051233669737753756 -0.003779897362567067 -0.050317791248603631 -0.050284227013084798 0.038877558229727258 0.027144447849923471 0.049080675768335497 0.043746228323408645 -0.050303063547028806 0.05012956608197431 -0.034333317161491225 -0.050258560007726029 -0.019529336164227078 0.00033291917064877147 -0.050301372485156648 0.040518887968793327 0.050084764778996142 -0.050968227638439556 0.032612481698697196 -0.050337769713285622 0.050153810309592012 0.042646959703314377
leaf_weight=0.055856297054560522 0.11847421989659768 0.062702735900529549 0.046868020843248703 0.0091736754402518272 0.065768071974162012 0.25319397830753587 0.07192836923059065 0.11284954327857122 0.042609780764905736 0.053719182877102867 0.091244360461133045 0.089697656876523979 0.11503860199445626 0.0099815482972189784 0.017826707407948561 0.29190514537913259 0.03788584673020523 0.01748699601739645 0.015999886541976593 0.033363790644216684 0.037920112736173905 0.090094496408709923 0.053489414262003265 0.091981019184459001 0.015925174113363028 0.034286939931917004 0.0086731209885329008 0.036200915157678537 0.094254441326484084 0.031512284811469726
leaf_count=31 347 93 19 1 14 74 41 17 9 12 100 116 23 4 3 57 43 2 16 33 18 17 52 29 3 30 3 30 12 10
internal_value=0.00466889 0.00836387 0.0104037 -0.0231814 0.00173816 0.0120417 0.00439827 0.00831959 0.0117681 0.0211013 0.00419955 -0.00911316 0.00791953 0.0243172 -0.034072 0.0363594 0.0285901 0.012216 0.0245128 -0.0157362 0.0243979 0.0247684 -0.0355977 0.0381359 0.01953 -0.0189185 -0.0429754 -0.0335913 0.0389499 0.0167236
internal_weight=2.10791 1.86101 1.7983 0.246905 0.128431 1.75144 1.07936 1.00744 0.951579 0.657639 0.312015 0.293939 0.195568 0.672073 0.109071 0.345624 0.62589 0.230503 0.192617 0.0508508 0.152959 0.202944 0.0626631 0.395387 0.142193 0.0502121 0.0983708 0.0461825 0.141767 0.0475122
internal_count=1259 845 752 414 67 733 447 406 375 206 137 169 50 286 103 69 252 116 73 35 41 34 53 136 62 33 119 34 38 26
is_linear=0
shrinkage=0.05


Tree=152
num_leaves=31
num_cat=0
split_feature=42 42 26 30 35 4 31 39 35 19 47 46 44 10 19 43 39 31 40 0 41 11 17 17 15 42 13 22 31 46
split_gain=0.0961893 0.0959997 0.090693 0.0774979 0.0731652 0.087055 0.0612279 0.0640861 0.058751 0.090695 0.0636129 0.0536041 0.0485065 0.0400516 0.0441159 0.0395066 0.0459639 0.0598419 0.0385616 0.0405105 0.0374797 0.0448863 0.0387199 0.0339575 0.0571049 0.0255738 0.0349063 0.0154259 0.0113206 0.0389956
threshold=0.88679862022399913 0.52296096086502086 -0.024377115070819851 -1.2925649881362913 5.7572312355041513 -0.17895926535129544 0.52605187892913829 -0.27618822455406183 0.84311997890472423 -3.7524623870849605 -1.5699568986892698 3.0274802446365361 -1.1706720590591428 -0.55288150906562794 0.21481231600046161 -0.58908888697624195 -0.17978683859109876 0.67171961069107067 -1.1201907396316526 -1.1447061896324155 1.0316413640975954 1.7948610782623293 -0.76262483000755299 0.87638875842094432 1.5080636739730837 0.86124196648597728 -0.90629255771636952 -0.92961961030960072 0.19410157203674319 -0.76523512601852406
decision_type=2 2 2 2 2 2 2 2 2 2 2 2 2 2 2 2 2 2 2 2 2 2 2 2 2 2 2 2 2 2
left_child=1 2 4 -2 5 13 -3 25 10 -10 -4 -7 -12 14 -1 -5 -17 -18 -9 -20 22 -22 -14 28 -25 26 -8 -21 29 -24
right_child=3 6 8 15 -6 11 7 18 9 -11 12 -13 20 -15 -16 16 17 -19 19 27 21 -23 23 24 -26 -27 -28 -29 -30 -31
leaf_value=0.021383789826199928 -0.025152020520836871 -0.050113340203711165 -0.050464426753485163 -0.050300567845625137 0.044009846973557691 -0.0492742518177956 0.05023011997136842 0.032022191202541482 0.039308756791235619 -0.050762087702720116 -0.050272509468632792 0.050215477355806962 -0.05085347347695493 0.050204850088154021 -0.05028650378925318 0.048409832925371793 -0.023459352813662945 0.038424152398113344 0.050181800307385109 0.0092509774466052099 -0.050178734299878708 0.050256827613905833 0.045153362653837958 -0.042394297889612777 0.043342781630544155 0.050135643868622883 -0.050136717754943452 -0.050252041732393372 0.044674599009039667 -0.01423814975591998
leaf_weight=0.049951401015277952 0.070592006377410144 0.13991699120379042 0.029251987085444853 0.01425271958578378 0.046950577874667943 0.19601652750134235 0.015522719360888004 0.023887404939159751 0.044849118741694838 0.074165293335681781 0.020624957047402859 0.014543341472744942 0.0138435895787552 0.041502541629597545 0.037658355096937157 0.23840573860798031 0.064557385863736161 0.098933238303288817 0.012286982499063015 0.011994339976808988 0.031144452805165201 0.017305942252278328 0.090686314171762206 0.036247755691874772 0.041837139549897984 0.048929945100098848 0.019602774555096403 0.11852675914269639 0.30251962700276636 0.039753434364684148
leaf_count=11 13 355 21 6 8 226 1 4 7 31 19 1 3 4 37 85 12 16 1 9 44 1 17 52 15 7 24 126 67 53
internal_value=0.00394504 -0.0022513 0.00514198 0.0232889 -0.0144945 -0.0225812 -0.0236145 -0.00882836 0.0153705 -0.01682 0.0215179 -0.0424025 0.0250629 0.00974401 -0.00942311 0.031506 0.0344072 0.0139883 -0.0267778 -0.0366133 0.027773 -0.0143043 0.031657 0.0338921 0.00354281 0.0267683 -0.00578243 -0.044784 0.0393656 0.0270529
internal_weight=2.00626 1.51952 1.12885 0.486741 0.386623 0.339672 0.390668 0.250751 0.74223 0.119014 0.623215 0.21056 0.593963 0.129112 0.0876098 0.416149 0.401896 0.163491 0.166695 0.142808 0.573338 0.0484504 0.524888 0.511044 0.0780849 0.0840554 0.0351255 0.130521 0.432959 0.13044
internal_count=1276 1144 617 132 287 279 527 172 330 38 292 227 271 52 48 119 113 28 140 136 252 45 207 204 67 32 25 135 137 70
is_linear=0
shrinkage=0.05


Tree=153
num_leaves=31
num_cat=0
split_feature=31 39 42 38 44 36 11 39 33 49 6 25 7 20 46 33 0 39 32 11 6 27 15 46 0 9 15 35 32 43
split_gain=0.105682 0.0874451 0.0826025 0.067574 0.065053 0.0685007 0.0774368 0.0600579 0.0595999 0.0548181 0.0528646 0.0486228 0.0773152 0.050726 0.0479368 0.0663772 0.0522953 0.0433592 0.0423292 0.0313189 0.0295923 0.0277209 0.0277106 0.0274772 0.0245449 0.0176936 0.0169715 0.00981304 0.00724266 0.0146347
threshold=0.62456980347633373 -0.054377619177103036 0.87462106347084057 -0.67101749777793873 -0.79591244459152211 1.0071026086807253 1.5152243971824648 0.71797394752502453 1.1064780354499819 1.4200972914695742 -1.38971871137619 -0.41133157908916468 -1.1030138731002805 -1.0312927365303037 -0.74704527854919422 -0.70739826560020436 -1.0316651463508604 -0.28512986004352564 0.49208472669124609 1.5168067216873171 -1.1592856049537656 -0.099437478929758058 -1.2172050476074217 -0.49805817008018488 -1.1447061896324155 -0.62454235553741444 -1.2440345287322996 5.7572312355041513 -1.0840136408805845 0.6164841651916505
decision_type=2 2 2 2 2 2 2 2 2 2 2 2 2 2 2 2 2 2 2 2 2 2 2 2 2 2 2 2 2 2
left_child=1 4 3 -2 5 -1 -7 9 14 10 -5 23 -13 -14 18 17 -17 -16 25 22 -20 -4 -15 -12 -24 -6 -19 -10 -25 -30
right_child=2 -3 21 7 8 6 -8 -9 27 -11 11 12 13 19 15 16 -18 26 20 -21 -22 -23 24 28 -26 -27 -28 -29 29 -31
leaf_value=-0.05022043058284692 -0.050290477801811499 -0.050137242636619873 0.011582691660750516 -0.022302282904998388 0.012882425184911546 0.042144761773379655 -0.050958128722121993 -0.050147412060315227 -0.050667741890837795 -0.050219339101241503 0.0030190037217467762 0.044755613304226942 0.038827670518249605 0.050123806011553779 0.047811007771572149 0.046446415252579198 -0.050306001600849096 0.021869482138593941 0.05018940271952075 0.030278790263790052 -0.038990743617348167 0.048942637794094086 0.050095407946060315 0.049536826058230454 -0.050396467892312592 0.047086156965725212 -0.050423932623720275 0.0022737195046229762 0.0078294638726945746 0.048038140542666655
leaf_weight=0.12360510535654601 0.049239636777201667 0.11364491603308147 0.067260796437039971 0.075360518967499956 0.05101291136816144 0.058088838530238718 0.036283999739680439 0.038844131893711165 0.046935349775594659 0.031835602989303879 0.052319648821139708 0.08720707125030458 0.036973634967580438 0.0083867618814110756 0.065138927850057371 0.016814426926430204 0.08244959209696423 0.01341896055964753 0.012796896509826183 0.020105259696720168 0.034061715341522358 0.18965443089837208 0.0064701517112553111 0.15470007318072021 0.099823271295462979 0.14609341660980124 0.020551851994241477 0.01075939426664263 0.037713620913564228 0.056581754120998085
leaf_count=154 32 404 14 18 10 10 14 53 48 30 18 20 7 1 14 2 99 4 1 5 22 75 1 18 91 26 20 3 14 8
internal_value=0.0038222 -0.00938454 0.0146703 0.00634244 -0.00293431 -0.0257289 0.00634903 0.0102905 0.00700245 0.0138077 0.0170144 0.0223027 0.00641447 -0.0130524 0.0132367 -0.0050169 -0.033917 0.0239282 0.0280791 -0.0272839 -0.014636 0.0391617 -0.0373756 0.0359579 -0.0442795 0.0382339 -0.021867 -0.0407948 0.0428791 0.0319566
internal_weight=1.84413 0.831656 1.01248 0.755561 0.718011 0.217978 0.0943728 0.706322 0.500033 0.667477 0.635642 0.560281 0.258966 0.171759 0.442339 0.198374 0.099264 0.0991097 0.243965 0.134785 0.0468586 0.256915 0.11468 0.301315 0.106293 0.197106 0.0339708 0.0576947 0.248995 0.0942954
internal_count=1236 831 405 316 427 178 24 284 249 231 201 183 125 105 198 139 101 38 59 98 23 89 93 58 92 36 24 51 40 22
is_linear=0
shrinkage=0.05


Tree=154
num_leaves=31
num_cat=0
split_feature=39 40 47 2 15 6 3 16 18 33 0 20 5 15 6 37 48 47 33 1 46 20 39 47 5 7 5 16 39 10
split_gain=0.0958239 0.0886069 0.0778768 0.0696929 0.0667433 0.0964531 0.0752204 0.100537 0.0616841 0.0904641 0.058519 0.0619318 0.059318 0.0368831 0.0314893 0.0468104 0.02685 0.0266941 0.0347582 0.0260794 0.0224845 0.0198137 0.0710256 0.027453 0.0234214 0.0161038 0.00879774 0.0171825 0.0398518 0.00402078
threshold=0.71797394752502453 -1.1108849644660947 0.53594011068344127 -0.79574707150459278 0.53500366210937511 -0.14709129184484479 -0.32022884488105768 -0.012279560789465903 0.30137422680854803 -0.92487666010856617 -0.81137055158615101 -1.5340092778205869 1.2595219612121584 -1.1940245032310484 -1.2525730133056638 1.0418377518653872 -0.81268370151519764 0.38242745399475103 -0.82329490780830372 -1.985512316226959 0.15317334234714511 0.81007248163223278 -0.13865938037633893 0.43300327658653265 1.0973006486892702 0.73860093951225292 0.19726437330245974 -0.28243172168731684 0.67002320289611828 0.68514671921730053
decision_type=2 2 2 2 2 2 2 2 2 2 2 2 2 2 2 2 2 2 2 2 2 2 2 2 2 2 2 2 2 2
left_child=1 3 4 -1 5 25 7 17 9 -8 11 -6 29 -10 15 -12 -9 -7 -19 -16 -11 23 -23 -5 -25 26 27 -3 -29 -13
right_child=-2 2 -4 21 10 6 8 16 13 20 14 12 -14 -15 19 -17 -18 18 -20 -21 -22 22 -24 24 -26 -27 -28 28 -30 -31
leaf_value=-0.029705733456635491 -0.05017102337399424 0.050203683232230539 -0.050136803624480586 0.047539315693582419 0.043201933054772747 0.046628175997042193 -0.044153192472301678 0.041946297048261805 0.024647217196688623 -0.0077681138153423441 -0.05033840991256297 -0.050553981618656034 0.027251249271021374 -0.050544297789324212 0.0085270771348920811 0.033415611184367713 -0.050167284992896681 0.048039036407949889 -0.05010810613347691 -0.050556070633057483 0.043672588417151131 0.050096882278572591 -0.050537321678763618 -0.030691055931275048 0.050031490090452602 0.0044217148700142189 0.046907095209021303 -0.05014864009931766 0.0503113937692398 -0.023262196252083325
leaf_weight=0.05028891412075609 0.087966113067523222 0.037381482310593128 0.081067388295195886 0.20819965947885055 0.068523531517712399 0.14584655097860377 0.066119409137172624 0.009295850817579776 0.01855163672007587 0.028934578818734402 0.029560036186012439 0.056809570800396614 0.047890516871120781 0.13491858523048106 0.021305009693605825 0.038296271668514237 0.05310774033568999 0.017907165034557693 0.01817783091973979 0.15142039951024344 0.079908030391379725 0.044995121890679002 0.028727610173518769 0.022793807715061121 0.01483385352184996 0.038556349565624259 0.14085933945898432 0.018679114320547918 0.020937232300639153 0.017700175289064646
leaf_count=15 221 3 256 72 15 29 23 2 9 14 34 37 9 113 14 13 77 6 33 129 19 8 22 12 10 15 25 25 1 3
internal_value=0.000722954 0.00333861 -0.00263412 0.0250074 0.000420497 0.00871975 -0.00269023 0.0183175 -0.0183188 0.00197552 -0.0155273 0.005142 -0.0161651 -0.0414551 -0.0319304 -0.0030699 -0.0364457 0.0371016 -0.00140263 -0.0432684 0.0299977 0.0336178 0.0108827 0.040436 0.00113198 0.034207 0.0394783 0.0258882 0.00294447 -0.0440707
internal_weight=1.79956 1.71159 1.34175 0.369839 1.26069 0.829181 0.572767 0.244335 0.328432 0.174962 0.431506 0.190924 0.1224 0.15347 0.240582 0.0678563 0.0624036 0.181932 0.036085 0.172725 0.108843 0.31955 0.0737227 0.245827 0.0376277 0.256414 0.217857 0.0769978 0.0396163 0.0745097
internal_count=1264 1043 904 139 648 394 325 147 178 56 254 64 49 122 190 47 79 68 39 143 33 124 30 94 22 69 54 29 26 40
is_linear=0
shrinkage=0.05


Tree=155
num_leaves=31
num_cat=0
split_feature=49 39 35 36 49 47 48 1 5 25 5 39 5 3 26 37 1 14 21 27 22 5 47 5 26 25 20 33 15 33
split_gain=0.0720618 0.0829698 0.0674487 0.063749 0.0554112 0.150122 0.0673118 0.0786858 0.0566027 0.0529388 0.0482392 0.0481131 0.0614629 0.0389897 0.0389392 0.0786821 0.0381094 0.0379029 0.0374603 0.0355031 0.0345574 0.0298388 0.0261732 0.0215345 0.018766 0.0152318 0.012053 0.0114998 0.0100059 0.00804845
threshold=1.4425713419914248 -0.11596874147653578 -0.78478357195854176 -1.5439995527267454 -0.71492916345596302 -1.3250104784965513 1.7440409660339358 -0.10491716489195822 -0.51360657811164845 -0.9061760902404784 -1.422717213630676 -0.27232111990451807 1.714001536369324 -0.27575914561748499 -0.024377115070819851 1.0480478405952456 -0.050400143489241593 0.3933826088905335 -1.7641591429710386 -0.24000037461519239 -1.4047946929931638 -0.52513885498046864 0.36121457815170294 0.11081117019057275 0.14939888566732409 0.43798133730888372 -1.4933611154556272 -0.70739826560020436 0.33488422632217413 -0.76706025004386891
decision_type=2 2 2 2 2 2 2 2 2 2 2 2 2 2 2 2 2 2 2 2 2 2 2 2 2 2 2 2 2 2
left_child=1 2 -1 16 10 6 7 8 -6 17 -4 21 13 24 15 -8 -3 29 -11 -10 -20 22 -12 25 -13 -16 -7 -15 -9 -5
right_child=-2 3 4 9 5 26 14 28 19 18 11 12 -14 27 23 -17 -18 -19 20 -21 -22 -23 -24 -25 -26 -27 -28 -29 -30 -31
leaf_value=-0.050243680887894382 -0.050170007587787759 -0.050194376364337712 -0.050637764798904174 0.0041785162713450542 -0.05101587419610254 0.037246448523807853 -0.050310904995007857 -0.0091899694055059319 -0.0080915787943567543 0.025276702233047413 0.037508517508594325 -0.010584388638249195 0.050111244600466259 -0.01046934104305295 -0.0080036969203985311 0.044951120489311845 0.039886284476804652 -0.050165661491083972 0.023888369514435553 0.040634702478202007 -0.050280246448726224 0.048314343538949193 -0.013900517531661645 0.049320492774499403 0.041738889220409241 0.040035185614928165 -0.050241933114628295 -0.050873024444471698 -0.050513792282537086 0.043801310029043472
leaf_weight=0.043099453236209118 0.060203820568858757 0.014209120228770189 0.02035874652210623 0.019194422086002305 0.028590460366103687 0.0040766532765701404 0.040174014386138879 0.01839190861210227 0.055084081628592574 0.02146524937415939 0.059727970394305885 0.03200481174280867 0.061746125691570342 0.029131201474228874 0.033331247745081782 0.047075345413759351 0.067597466681035945 0.019384446204639971 0.017126285587437229 0.11633700715901807 0.18925827937346262 0.24851212781504728 0.042286524156224914 0.17394549590244424 0.036887337308144197 0.032678650633897632 0.11469341345218709 0.04453437283518713 0.071972871228354052 0.038569367199670301
leaf_count=31 92 21 7 12 9 3 33 4 18 11 15 17 11 9 16 7 23 23 12 28 475 94 16 26 13 4 173 14 33 14
internal_value=0.00361117 0.00547045 0.0113023 -0.0149536 0.0133248 0.00424161 0.0141421 -0.00338047 0.0141144 -0.0254661 0.0249531 0.0277268 0.00844075 -0.00960802 0.0296924 0.00108767 0.02424 0.0103328 -0.0375873 0.0249771 -0.0441256 0.0389677 0.0161987 0.0400933 0.0174314 0.0157783 -0.047239 -0.0348953 -0.0421032 0.030635
internal_weight=1.80165 1.74144 1.35464 0.386805 1.31154 0.736351 0.617581 0.290376 0.200012 0.304998 0.575189 0.55483 0.204304 0.142558 0.327205 0.0872494 0.0818066 0.0771482 0.22785 0.171421 0.206385 0.350527 0.102014 0.239955 0.0688921 0.0660099 0.11877 0.0736656 0.0903648 0.0577638
internal_count=1264 1172 581 591 550 354 178 92 55 547 196 189 64 53 86 40 44 49 498 46 487 125 31 46 30 20 176 23 37 26
is_linear=0
shrinkage=0.05


Tree=156
num_leaves=31
num_cat=0
split_feature=15 39 49 31 46 44 0 48 48 37 17 3 26 35 14 0 42 36 6 20 16 36 1 16 15 11 0 32 46 45
split_gain=0.0842236 0.0697774 0.0766289 0.0732811 0.0645944 0.059245 0.0741482 0.0667581 0.0577959 0.0751636 0.0649056 0.0553143 0.0470541 0.0458895 0.045454 0.045487 0.0736473 0.0434161 0.0378614 0.0324923 0.0290258 0.028626 0.0457433 0.0254949 0.019998 0.0336614 0.0191737 0.0186204 0.0096299 0.00888339
threshold=-1.2725561261177061 -0.26005721092224116 1.4425713419914248 1.3674087524414065 0.36825507879257208 -1.1706720590591428 1.216885566711426 -0.76400095224380482 1.7440409660339358 1.0411947369575503 0.73674327135086071 -0.33671109378337855 0.79242351651191723 2.1064214706420903 0.45771385729312902 -0.80681225657463063 0.84830018877983104 -1.0000000180025095e-35 0.14428865164518359 -1.5915737152099607 1.2994211912155154 -0.18725073337554929 0.26405256986618048 1.3345046043395998 0.34441396594047552 -0.63787963986396778 -1.0728125572204588 -0.07923524826765059 -0.21482390910387036 -1.113318085670471
decision_type=2 2 2 2 2 2 2 2 2 2 2 2 2 2 2 2 2 2 2 2 2 2 2 2 2 2 2 2 2 2
left_child=17 2 5 20 12 13 7 -7 10 11 14 -10 -5 18 15 19 -17 27 -2 -9 -3 -6 -23 -22 25 -16 -21 -1 -11 -29
right_child=1 3 -4 4 21 6 -8 8 9 28 -12 -13 -14 -15 24 16 -18 -19 -20 26 23 22 -24 -25 -26 -27 -28 29 -30 -31
leaf_value=-0.050218677336188837 -0.05049668982481284 -0.050134580262273992 -0.050160727043549229 -0.05064636821042915 0.038658344881605161 0.046891985275735716 -0.050279567982891953 0.050087671217531986 0.042640968055791345 0.047397011906239184 -0.05052105550444011 -0.044268562938333061 0.037343070017277651 0.035252060533752183 0.050149032083917522 -0.050506204408941095 0.021969361730966995 -0.021851169302882396 0.033986104264104075 0.031376477485752584 0.050109663960303336 0.050283426222187823 -0.050180539794565951 -0.050023730413974503 0.041208845396883888 -0.05019738822220992 -0.050239353935796094 0.0060094841342875913 0.024617472301828008 0.046977485138936348
leaf_weight=0.0054079310211818657 0.087144135090056696 0.15354337522148842 0.057187102356692665 0.071530392648128327 0.091212754443404265 0.15274114490603086 0.04317034398263786 0.04672880913130939 0.027780732547398657 0.16926726518431678 0.058491314339335077 0.053692537963797804 0.019292079945444129 0.027333970792824402 0.015623087994754314 0.093452936758694816 0.056090273661538959 0.031687387439888082 0.015642181970179081 0.012199808086734265 0.014783553779125214 0.019077859818935394 0.027901028006453998 0.011151965860335622 0.097397849764092825 0.01797029166482389 0.017545132301165611 0.014315530832391232 0.063913327903719619 0.17483937247016001
leaf_count=3 63 509 92 62 13 42 34 9 4 24 25 48 10 5 2 75 13 12 5 6 2 1 22 58 17 19 17 6 15 75
internal_value=0.00395835 -0.000273287 0.00621174 -0.0179486 0.00079915 0.00926402 0.0137029 0.0168315 0.0105431 0.0267082 -0.00169865 -0.0146342 -0.0319561 -0.0223278 0.00630029 -0.00728183 -0.0233223 0.0324223 -0.03764 0.024085 -0.0418706 0.0223266 -0.00938269 0.00705349 0.0297354 -0.00352983 -0.0167648 0.0412615 0.0411533 0.043877
internal_weight=1.74812 1.52187 1.11337 0.408493 0.229014 1.05619 0.926065 0.882895 0.730153 0.314654 0.4155 0.0814733 0.0908225 0.13012 0.357008 0.226017 0.149543 0.22625 0.102786 0.0764737 0.179479 0.138192 0.0469789 0.0259355 0.130991 0.0335934 0.0297449 0.194563 0.233181 0.189155
internal_count=1288 1192 515 677 108 423 350 316 274 91 183 52 72 73 158 120 88 96 68 32 569 36 23 60 38 21 23 84 39 81
is_linear=0
shrinkage=0.05


Tree=157
num_leaves=31
num_cat=0
split_feature=48 26 39 15 31 48 46 2 31 46 27 33 26 33 12 5 17 12 23 22 48 35 13 40 36 17 3 2 17 9
split_gain=0.071622 0.0796583 0.0797866 0.0721229 0.0610083 0.0579065 0.0475475 0.0484318 0.0438017 0.077751 0.0544904 0.0427878 0.0414659 0.0410356 0.0343517 0.0333798 0.0455689 0.0317258 0.0311781 0.0224854 0.021991 0.0194774 0.0299768 0.0177666 0.0578378 0.0174337 0.0172968 0.0282854 0.0167841 0.0140897
threshold=-0.81268370151519764 0.37941730022430425 -0.041723569855093949 0.64928129315376293 0.62456980347633373 2.2094008922576909 -1.1303544640541074 -0.78800195455551136 0.42117622494697576 -0.95210728049278248 -1.7392174601554868 -0.92487666010856617 -0.3548432439565658 -0.61405831575393666 1.5937325954437258 -1.1179712414741514 -0.69851142168045033 -0.8500828444957732 -0.82558953762054432 -0.57729464769363392 -0.76710107922554005 0.019640762358903888 1.4182640910148623 0.082216098904609694 0.99246951937675487 -0.70838415622711171 -0.31429776549339289 -0.79574707150459278 -0.74140667915344227 -0.6722104251384734
decision_type=2 2 2 2 2 2 2 2 2 2 2 2 2 2 2 2 2 2 2 2 2 2 2 2 2 2 2 2 2 2
left_child=29 3 4 8 6 -5 -3 26 10 20 -2 -11 -12 19 -15 -9 -17 -13 28 25 -10 -20 -23 -6 -25 -14 27 -8 -19 -1
right_child=1 2 -4 5 23 -7 7 15 9 11 12 17 13 14 -16 16 -18 18 21 -21 -22 22 -24 24 -26 -27 -28 -29 -30 -31
leaf_value=0.0022128731762123088 0.047090659593431686 0.043031468122476144 -0.043537378490806029 -0.047628602078109046 0.047064315656720632 0.043635070494592351 -0.050118914185701982 0.035052168831218138 0.017329549423797788 -0.022835996650432823 -0.050235159218412262 -0.050167135097545772 0.050091164334058517 -0.050238941602678493 0.050148363851418569 0.010363911447570011 -0.050475857771237101 0.050080035490151047 0.040137858792386072 0.044158019607444643 -0.050740848333911903 -0.026842790811018997 0.05017818966379102 -0.033533746200087526 0.038570647980776779 -0.050164817782016792 0.042535162389702272 0.050184631769528955 -0.050139953539959065 0.048346298022929862
leaf_weight=0.020121570792980492 0.027476658709929214 0.056654653293662705 0.058539632300380617 0.16932602043380029 0.13562650718085933 0.019369055800780188 0.016096065461169928 0.021484808195964433 0.014531321823596954 0.057386100670555606 0.10713291457795993 0.013599502788565587 0.006183663383126258 0.05633870571909938 0.010040521621704102 0.044467904444900341 0.09996892179333372 0.005430984776467084 0.20254993142589228 0.039379652531351894 0.064664606128644664 0.029838342517905403 0.021908844355493784 0.03580035429331474 0.12463629503326956 0.014513658148644026 0.049510243567056023 0.01247686892747879 0.018102423593518324 0.093256435182411335
leaf_count=12 6 14 137 217 55 8 23 6 7 17 225 17 1 107 1 14 91 1 73 14 38 23 3 24 25 30 8 1 36 33
internal_value=0.00181148 -0.00102456 0.0121669 -0.0108721 0.0176316 -0.0382606 0.00176686 -0.00781423 -0.00337205 0.00647323 -0.0195132 0.0166275 -0.0273477 -0.00795755 -0.0350544 -0.0230956 -0.0317451 0.0243983 0.0280482 0.0219818 -0.0382509 0.0331436 0.00576653 0.0337426 0.022481 -0.0202117 0.0246578 -0.00631963 -0.0270114 0.0401588
internal_weight=1.64641 1.53304 0.655262 0.877773 0.596723 0.188695 0.300659 0.244005 0.689078 0.428012 0.261066 0.348816 0.233589 0.126456 0.0663792 0.165922 0.144437 0.29143 0.277831 0.060077 0.0791959 0.254297 0.0517472 0.296063 0.160437 0.0206973 0.0780832 0.0285729 0.0235334 0.113378
internal_count=1267 1222 398 824 261 225 157 143 599 215 384 170 378 153 108 111 105 153 136 45 45 99 26 104 49 31 32 24 37 45
is_linear=0
shrinkage=0.05


Tree=158
num_leaves=31
num_cat=0
split_feature=47 49 15 47 20 35 5 39 36 38 47 34 23 3 48 4 3 0 33 31 22 20 13 16 16 39 44 6 48 46
split_gain=0.0695502 0.0631542 0.0623828 0.0467714 0.0522959 0.0600269 0.0502717 0.0497158 0.0701234 0.0524767 0.0541527 0.0591945 0.0479985 0.0494838 0.0661888 0.0545217 0.0446356 0.0293687 0.0264584 0.0215009 0.0444622 0.0202788 0.0267659 0.020261 0.0285074 0.0180928 0.0162346 0.0142878 0.00989294 0.00943177
threshold=0.52804893255233776 1.4425713419914248 -1.3455296158790586 -1.6001117825508115 -1.6556090116500852 0.78921726346015941 -0.51360657811164845 -0.20365498214960095 -1.5439995527267454 -0.67054000496864308 0.37924033403396612 -1.2673884034156797 1.0000000180025095e-35 -0.32783946394920344 1.9894382953643801 -0.17899858206510541 -0.28264272212982172 -1.1316338777542112 -0.67266318202018727 0.51575326919555675 0.81046515703201305 0.20062562078237536 1.4441190361976626 -0.1543702036142349 -0.0066957673989236346 -0.19127560406923291 2.5486254692077641 -0.29514621198177332 -0.76913157105445851 0.35782000422477728
decision_type=2 2 2 2 2 2 2 2 2 2 2 2 2 2 2 2 2 2 2 2 2 2 2 2 2 2 2 2 2 2
left_child=1 3 -2 -1 6 7 -5 12 28 -10 11 -11 13 23 15 16 -15 -17 -12 20 21 22 -14 -6 -25 -20 -4 -8 -9 -21
right_child=2 -3 26 4 5 -7 27 8 9 10 18 -13 19 14 -16 17 -18 -19 25 29 -22 -23 -24 24 -26 -27 -28 -29 -30 -31
leaf_value=-0.050306136059138078 0.050060401075225441 -0.050134775797046331 -0.049275367815864259 -0.031765767403069807 0.047786080133922243 -0.05034230291363806 0.018749176808942936 0.0035516401308523468 -0.050312496003980078 0.04694635165660347 0.04067411698184116 -0.050672162988426431 -0.027674920118042484 -0.040147599258972405 0.036364335543938524 0.050051718746971355 0.038346662738573095 -0.047580193027438128 0.050091921107445828 0.043875407716917433 -0.050263337705890532 0.043485965626593855 0.047562097173854859 0.041742964546241018 -0.050146256434275893 -0.05010700449739626 0.015241234130765875 0.04806985596814313 0.043059994796332129 0.016838535335904955
leaf_weight=0.032981175376335048 0.02080164069775492 0.047427080855413695 0.11125964573147951 0.027743147977162153 0.069900379981845617 0.046160643738403562 0.057567264913814142 0.021349737464333884 0.092380065143515822 0.019623346364824101 0.064584610678139143 0.074438248506340066 0.030413240630878136 0.02781383584078867 0.064129791782761458 0.0082174731651315502 0.051917392993345302 0.12295092662680074 0.0062348316423594943 0.17071896931156516 0.022875655020470731 0.06868990752263926 0.019337119927513413 0.01894613953481894 0.015221822672173757 0.01624081535555888 0.0106874015473295 0.14931825682288002 0.061451153917005286 0.039771385694621131
leaf_count=28 11 90 440 12 8 32 19 11 93 4 25 50 22 26 23 3 18 87 1 42 24 18 5 7 25 53 13 40 21 19
internal_value=0.00332862 0.00661036 -0.0299697 0.00853135 0.00994986 0.00550185 0.0314359 0.00787288 -0.00744087 -0.0196456 -0.00400418 -0.0303068 0.0153381 0.0029948 -0.00811729 -0.0216431 0.0109643 -0.0414637 0.0244136 0.0286388 0.0135531 0.0258787 0.00156843 0.0323616 0.000806329 -0.0223114 -0.0436212 0.0399112 0.032873 0.0387669
internal_weight=1.59115 1.4484 0.142749 1.40098 1.368 1.13337 0.234629 1.08721 0.356303 0.273502 0.181122 0.0940616 0.730904 0.379098 0.275029 0.2109 0.0797312 0.131168 0.0870603 0.351806 0.141316 0.11844 0.0497504 0.104068 0.034168 0.0224756 0.121947 0.206886 0.0828009 0.21049
internal_count=1270 806 464 716 688 617 71 585 258 226 133 54 327 197 157 134 44 90 79 130 69 45 27 40 32 54 453 59 32 61
is_linear=0
shrinkage=0.05


Tree=159
num_leaves=31
num_cat=0
split_feature=47 48 0 21 6 4 26 39 15 16 0 3 1 47 13 46 48 4 2 45 47 48 47 39 5 5 1 42 28 46
split_gain=0.0679053 0.068001 0.0607525 0.0648146 0.0935766 0.0633971 0.0782851 0.068426 0.0766865 0.0545564 0.0496346 0.0699727 0.049078 0.0468315 0.0443899 0.0380758 0.0350366 0.0328705 0.0314455 0.0307228 0.0249084 0.0219116 0.0153881 0.0286594 0.015115 0.0131717 0.0129764 0.0101221 0.00735779 0.0126798
threshold=-1.5949105024337766 -0.80701717734336842 -1.1531662940979002 -0.85045707225799549 -0.53178471326827992 -0.17897646874189374 -0.091527599841356264 -0.20365498214960095 -1.1536427736282346 -0.91814929246902455 0.59483066201210033 -0.30627298355102534 -0.5738333761692046 -1.5534432530403135 1.4988964200019839 3.0274802446365361 -0.77423217892646778 -0.016414724290370938 1.1597268581390383 -0.63810029625892628 0.3480167835950852 2.0645774602890019 0.5660575032234193 -0.28631144762039179 -0.76632407307624806 0.6640477478504182 0.74357005953788768 0.90330839157104503 -0.38318069279193873 -0.83549925684928883
decision_type=2 2 2 2 2 2 2 2 2 2 2 2 2 2 2 2 2 2 2 2 2 2 2 2 2 2 2 2 2 2
left_child=-1 24 -3 4 18 7 13 8 12 -8 19 -12 -5 -7 16 -15 -10 21 -4 20 -6 22 28 -24 -2 -19 -23 -9 29 -11
right_child=1 2 3 5 10 6 9 27 14 17 11 -13 -14 15 -16 -17 -18 25 -20 -21 -22 26 23 -25 -26 -27 -28 -29 -30 -31
leaf_value=-0.05052051934034836 -0.0013528710601642784 0.046918356746206612 -0.050313583724421684 -0.050677985557227329 -0.045904903720551338 0.050253078446725434 -0.05018109270889555 -0.050380152270641604 0.025298587268938341 0.050159200664376138 0.034331577181974528 -0.050692005443982002 0.050072366677310215 -0.047808153877791783 0.020064347537274589 0.050162002447307133 -0.050166047254921686 -0.050239087905414176 0.013207785282210328 0.046174110085589803 0.035069070058601541 -0.040716693721835381 0.040858486101033806 -0.050051107109131937 0.047822644208407955 0.03152905979334783 0.022586643578733693 0.019208312580534886 0.046634729758531668 -0.0073065579186162291
leaf_weight=0.055614043725654594 0.018249305227072909 0.072902809304650762 0.06103845242614625 0.014600131660699844 0.017709523512166925 0.017055584117770195 0.026245080181979574 0.15237787007936276 0.017837082225014456 0.019689609762281179 0.055117108524427749 0.043137730346643366 0.070234503538813442 0.1044851355618448 0.040742810728261247 0.010957534424960613 0.1116864198556865 0.018907358811703023 0.02861778752412647 0.21570035156037159 0.020480222126934677 0.015650986388209276 0.022859707605675794 0.013965831058158074 0.10870645407703694 0.0066598670673556617 0.016769375579315238 0.0054111810168251387 0.15192750179994619 0.018731118674622849
leaf_count=45 12 28 51 2 15 1 55 336 8 2 20 14 29 189 8 1 166 33 5 41 7 14 12 57 42 7 6 2 34 25
internal_value=0.00373155 0.00574508 0.00250441 1.10263e-05 0.0155669 -0.00801027 0.00510686 -0.0221127 -0.00610438 0.0188032 0.0271779 -0.00299711 0.0327331 -0.0270833 -0.025455 -0.0385091 -0.0397736 0.0251523 -0.0300379 0.0388556 -0.00248055 0.0304798 0.0359674 0.00638165 0.0407539 -0.0289397 -0.00797315 -0.0479937 0.0416912 0.0221431
internal_weight=1.55407 1.49845 1.3715 1.2986 0.441801 0.856795 0.443905 0.41289 0.255101 0.311406 0.352145 0.0982548 0.0848346 0.132498 0.170266 0.115443 0.129524 0.285161 0.0896562 0.25389 0.0381897 0.259594 0.227174 0.0368255 0.126956 0.0255672 0.0324204 0.157789 0.190348 0.0384207
internal_count=1267 1222 1168 1140 153 987 436 551 213 245 97 34 31 191 182 190 174 190 56 63 22 150 130 69 54 40 20 338 61 27
is_linear=0
shrinkage=0.05


Tree=160
num_leaves=31
num_cat=0
split_feature=29 23 46 10 20 35 30 3 29 21 4 10 20 7 33 35 7 1 35 45 10 25 39 47 26 30 44 40 36 14
split_gain=0.0696178 0.070692 0.056755 0.0517206 0.0515847 0.0565907 0.0502403 0.0516985 0.0437909 0.0407533 0.0404126 0.039009 0.0357033 0.055297 0.0331446 0.0240038 0.0237379 0.0224342 0.0212577 0.0200077 0.0198822 0.0178277 0.0330061 0.0153578 0.0147611 0.0146157 0.0134886 0.0132832 0.0197101 0.0274085
threshold=0.95294722914695751 1.0000000180025095e-35 0.187523327767849 -0.6768236756324767 -1.8196462988853452 0.55308350920677196 -1.421151280403137 -0.2974748015403747 0.10467856004834176 0.55320230126380932 -0.17899904400110242 -1.0955287814140318 0.10054384917020799 -0.84558385610580433 -1.0059466361999509 -0.65243497490882862 0.89701947569847118 -1.3477852344512937 5.7572312355041513 -1.0612717866897581 -0.15519309788942334 -0.32886655628681177 -0.10721193999052046 -1.4017087817192075 -0.9239322543144225 1.1992961764335635 -0.42088840901851649 0.082216098904609694 0.99933269619941723 -0.93972483277320851
decision_type=2 2 2 2 2 2 2 2 2 2 2 2 2 2 2 2 2 2 2 2 2 2 2 2 2 2 2 2 2 2
left_child=2 3 4 -2 -1 6 -6 11 16 20 -4 -8 14 -14 -5 -3 -9 -11 -7 -13 -10 -17 26 -15 -21 -12 -23 -16 29 -29
right_child=1 15 10 12 5 18 7 8 9 17 25 19 13 23 27 21 -18 -19 -20 24 -22 22 -24 -25 -26 -27 -28 28 -30 -31
leaf_value=0.032239874201254043 -0.042249233055575465 -0.018010662607801237 0.037383004380599549 -0.050461424876821918 -0.050346630837659924 -0.050559422430303813 -0.050185288776891601 -0.050099358781126549 0.04819354829128706 0.050097512853591403 -0.046405168032699812 -0.050153360653067747 0.028715011079909869 0.036532890508614101 0.045142210394945613 0.042119816097605872 0.050095535678983776 -0.05029510861380037 0.011307742486806605 -0.050150062978037549 0.0017570728046729226 0.001226596818096753 -0.029579190292827857 -0.045999876169219411 0.03909420198561795 0.034044463605702575 0.046629467422982268 0.043203307629625196 0.050048674978567256 -0.050182789203119672
leaf_weight=0.1004035712685436 0.064294631272787228 0.023986849308130331 0.01757303540216526 0.013413058186415583 0.042886752606136724 0.084853188840497751 0.015420140975038521 0.067471853246388491 0.046486652383464389 0.0066127125173807135 0.13481556776969228 0.0069537524323095559 0.049980148694885429 0.006141065008705481 0.078523606425733306 0.21585689799394459 0.0064790481701493255 0.035114484715450089 0.016601129464106634 0.0047742008973727925 0.045722796538029797 0.022957249282626435 0.027916723651287612 0.06861602580465842 0.15707380871026544 0.0058923774777213103 0.056909884791821241 0.013365187041927129 0.021489428821951151 0.019064897220232524
leaf_count=20 38 14 13 4 62 75 22 214 8 1 304 10 28 3 44 64 1 52 7 12 16 7 23 97 85 6 25 3 7 19
internal_value=0.00274246 0.0144565 -0.0073125 -0.00193826 -0.000652925 -0.00680923 0.00103355 0.00665323 -0.0104375 0.00661424 -0.0341077 0.0259395 0.00763987 -0.0119996 0.0244357 0.0302505 -0.041321 -0.0343854 -0.040436 0.0328936 0.0251676 0.0338274 0.0172204 -0.0392201 0.0364617 -0.0430362 0.0335787 0.0320208 0.012912 -0.0116962
internal_weight=1.47765 0.682516 0.795135 0.334888 0.636854 0.536451 0.434996 0.392109 0.207888 0.133937 0.158281 0.184222 0.270593 0.124737 0.145856 0.347628 0.0739509 0.0417272 0.101454 0.168802 0.0922094 0.323641 0.107784 0.0747571 0.161848 0.140708 0.0798671 0.132443 0.0539195 0.0324301
internal_count=1284 376 908 243 585 565 483 421 292 77 323 129 205 128 77 133 215 53 82 107 24 119 55 100 97 310 32 73 29 22
is_linear=0
shrinkage=0.05


Tree=161
num_leaves=31
num_cat=0
split_feature=31 39 10 33 21 39 49 42 38 24 0 22 38 23 1 26 25 16 5 3 42 7 48 33 15 26 20 35 35 44
split_gain=0.0606628 0.0805033 0.0618194 0.0498695 0.0582784 0.0428916 0.0424277 0.0459079 0.0603401 0.0411756 0.0409731 0.0462489 0.0339244 0.0338462 0.0306249 0.0268747 0.0266342 0.0263548 0.0403792 0.0262237 0.021444 0.0204047 0.0191863 0.0413682 0.0308121 0.0188097 0.0412864 0.0183766 0.0159058 0.00980858
threshold=1.3166425824165346 0.071886498481035246 -1.0955287814140318 1.8478607535362246 -0.78898501396179188 -0.26005721092224116 1.4200972914695742 0.89384356141090404 -0.64267966151237477 -0.65685552358627308 1.216885566711426 1.9760470390319826 -0.67160254716873158 -0.071992371231317506 1.7343594431877138 0.92118579149246227 -0.77125114202499379 -0.39589492976665491 0.32413493096828466 -0.32400633394718165 0.90510186553001415 0.73860093951225292 -0.76400095224380482 0.30452182888984686 -1.119224429130554 1.0000000180025095e-35 -0.88067832589149464 1.4713155627250674 -0.11692039668560027 -0.59500044584274281
decision_type=2 2 2 2 2 2 2 2 2 2 2 2 2 2 2 2 2 2 2 2 2 2 2 2 2 2 2 2 2 2
left_child=1 2 27 4 13 10 7 8 9 12 11 16 -2 19 17 29 -6 18 -10 -4 -7 -13 -18 24 -24 26 -19 -1 -20 -15
right_child=6 -3 3 -5 5 20 -8 -9 14 -11 -12 21 -14 15 -16 -17 22 25 28 -21 -22 -23 23 -25 -26 -27 -28 -29 -30 -31
leaf_value=-0.05030959309535854 -0.031506422044776286 -0.050157374460337113 0.043732853802323612 -0.050505122305431506 -0.033143643236093659 -0.050183283417114637 -0.050204857274018092 0.050030166886999176 -0.050465150648394699 -0.045040100364213222 -0.050349313550698861 -0.050287833007648379 0.039195473949184934 0.022539007435522732 -0.022229657714500625 -0.0014396695007197079 0.049803917182143422 0.050180460880331179 0.041246309397826086 -0.050258152295451532 0.050048912014092277 0.010114143345022421 0.050077965507430655 0.039382106589578803 -0.050110717754542948 0.045458995106504529 -0.02303436224240632 0.0044750492067371309 -0.0067641170238060284 0.047618351879107318
leaf_weight=0.072046378823870327 0.028902439982630312 0.09003393985767616 0.010834255925146863 0.037917750749329571 0.019596404832554981 0.060154835024150088 0.023939320119097829 0.092711584700737149 0.024587528030679096 0.066060265060514212 0.031473927992919926 0.038087020657258108 0.041083373922447208 0.054075828957138583 0.035166409332305193 0.047236900092684664 0.065073952500824817 0.040612757089547813 0.046646081893413793 0.023555344669148326 0.0058556328294798723 0.022092073704698123 0.010298355016857386 0.067506371226045303 0.030114410743408371 0.16184019642241765 0.0366151751295547 0.019436364273133222 0.027376085039577447 0.13971609296277165
leaf_count=94 14 391 3 28 22 162 17 71 9 68 28 48 9 16 8 13 15 5 17 27 2 12 2 31 49 42 19 11 15 28
internal_value=0.00326957 -0.00546717 -0.00013836 0.00517364 0.00854796 -0.00498386 0.0150729 0.0176705 0.0117751 -0.0167274 0.00344807 0.0101467 0.00999731 0.0257565 0.0221752 0.0323773 0.0221022 0.0267996 0.00505012 -0.0206468 -0.0412919 -0.0281139 0.0283604 0.0154302 -0.0245797 0.0357708 0.015468 -0.0386701 0.0234903 0.0406202
internal_weight=1.47065 0.845106 0.755072 0.663589 0.625671 0.350253 0.625541 0.601602 0.50889 0.136046 0.284243 0.252769 0.0699858 0.275418 0.372844 0.241029 0.192589 0.337678 0.0986097 0.0343896 0.0660105 0.0601791 0.172993 0.107919 0.0404128 0.239068 0.0772279 0.0914827 0.0740222 0.193792
internal_count=1276 982 591 486 458 371 294 277 206 91 207 179 23 87 115 57 119 107 41 30 164 60 97 82 51 66 24 105 32 44
is_linear=0
shrinkage=0.05


Tree=162
num_leaves=31
num_cat=0
split_feature=29 47 20 10 3 20 30 26 39 46 49 47 46 45 4 22 36 36 23 12 40 35 16 9 14 13 20 6 0 0
split_gain=0.0708564 0.0596182 0.0583057 0.0492809 0.0487082 0.0705312 0.0504624 0.0409737 0.0398295 0.0538315 0.0436139 0.0673342 0.0375245 0.0330305 0.0592363 0.0287866 0.0343526 0.0275832 0.0300846 0.0258586 0.0221392 0.0194339 0.0186535 0.0167448 0.0148577 0.0197713 0.0129509 0.0325926 0.00791434 0.00778582
threshold=0.90503448247909557 0.40742906928062445 -1.3980294466018675 -1.0955287814140318 -0.2974748015403747 -1.726208448410034 -1.421151280403137 -0.9239322543144225 -0.24573899805545804 1.6483359932899477 -0.64750725030899037 -1.3207525014877317 -0.75482773780822743 -0.1750943064689636 -0.17899856716394422 -0.55782592296600331 -1.1711261868476865 1.0085023641586306 2.1887995004653935 -0.88527554273605336 -0.54347625374793995 1.4713155627250674 0.0090469424612820166 0.22981090098619464 0.95135951042175304 1.4671986103057864 -0.31801736354827875 1.0520920753479006 -0.28052368760108942 -0.87967556715011586
decision_type=2 2 2 2 2 2 2 2 2 2 2 2 2 2 2 2 2 2 2 2 2 2 2 2 2 2 2 2 2 2
left_child=1 3 22 21 6 -6 -5 -8 10 15 -4 12 -12 29 -15 16 -10 18 -16 20 -3 -1 -2 -18 25 -14 27 -9 -11 -7
right_child=2 19 8 4 5 13 7 26 9 28 11 -13 24 14 17 -17 23 -19 -20 -21 -22 -23 -24 -25 -26 -27 -28 -29 -30 -31
leaf_value=-0.050294422218296386 0.04904122495304003 0.041824129113661068 0.050063634995546447 -0.050421592020121642 0.036611632981218244 -0.0025884464577938127 -0.050162889291082459 -0.050150831974126002 0.044469024259861566 0.011814420870718724 -0.015337106216952246 -0.050255346140459713 -0.0072042897434196887 0.044843569757522253 -0.050396594876279066 -0.047725478890463996 -0.050325945848606661 0.05008521158773941 0.011772770792498381 -0.050107450170941703 -0.050038335627936859 0.0085092239838393344 -0.0036244330298426243 0.012853880910582625 0.047580333548095717 0.044500203139297603 0.045187630803390326 0.048450388977485832 0.048556736838965164 -0.050337291204212459
leaf_weight=0.063823229815170635 0.12896458577597514 0.016221684323681984 0.078528026235289872 0.02094590670458274 0.068399102659896016 0.0095705597341293469 0.014212284244422335 0.013433131476631388 0.024414441708358936 0.029472134308889508 0.057578234293032438 0.042176673938229214 0.040807313489494845 0.040683490682567935 0.073435845093626995 0.076906906760996208 0.030695570101670455 0.010830344166606665 0.026475037302589044 0.10294170632550959 0.011010753012669738 0.018016786758380476 0.019333493604790419 0.015929825276543852 0.076506152174260933 0.033806528124841861 0.13640282019332517 0.02228409684903454 0.029154442105209455 0.079073415967286564
leaf_count=91 69 7 40 12 15 5 16 18 7 18 18 40 15 15 90 102 24 2 8 418 64 9 12 16 12 7 46 7 3 76
internal_value=0.00287738 -0.00798333 0.0144283 -0.00130408 0.00441563 -0.00818014 0.0231604 0.0314319 0.00675103 -0.0104608 0.0175448 0.00736587 0.0190108 -0.020942 -0.00675186 -0.0265282 -0.0035802 -0.0257067 -0.0339226 -0.0386455 0.00468185 -0.037349 0.0421752 -0.0287402 0.0320977 0.0162223 0.0381694 0.0113668 0.030086 -0.045182
internal_weight=1.41203 0.72776 0.684274 0.597586 0.515746 0.308468 0.207278 0.186332 0.535976 0.206573 0.329403 0.250875 0.208698 0.240069 0.151425 0.147947 0.0710398 0.110741 0.0999109 0.130174 0.0272324 0.08184 0.148298 0.0466254 0.15112 0.0746138 0.17212 0.0357172 0.0586266 0.088644
internal_count=1282 899 383 410 310 211 99 87 302 170 132 92 52 196 115 149 47 100 98 489 71 100 81 40 34 22 71 25 21 81
is_linear=0
shrinkage=0.05


Tree=163
num_leaves=31
num_cat=0
split_feature=48 17 4 33 42 30 31 46 7 39 48 40 39 35 22 6 46 5 4 10 12 10 36 44 31 0 26 14 39 48
split_gain=0.0580225 0.0627372 0.0567938 0.0836655 0.0543733 0.0553436 0.0449499 0.0643175 0.0447942 0.035984 0.0340362 0.0300446 0.0366295 0.0569346 0.0293649 0.0327885 0.0240705 0.0251693 0.0228623 0.021362 0.0206762 0.0164498 0.0160535 0.0131974 0.0115473 0.0160074 0.0091393 0.0217929 0.00884605 0.00859461
threshold=-0.81268370151519764 0.87638875842094432 -0.17899046838283536 1.3260287046432497 0.89384356141090404 -1.2925649881362913 1.3166425824165346 -0.23364006727933881 0.65939167141914379 -0.092016257345676408 1.8916000127792361 -1.1108849644660947 -0.28903104364871973 -0.048723893240094178 1.9760470390319826 -0.26365409791469568 -0.80403074622154225 1.1302197575569155 -0.17899855226278302 -0.76941514015197743 1.4360260367393496 1.4649257659912112 1.0085023641586306 -0.59500044584274281 0.42117622494697576 -0.85172671079635609 0.47473526000976568 -2.0048147439956661 0.17712760716676715 -0.78984868526458729
decision_type=2 2 2 2 2 2 2 2 2 2 2 2 2 2 2 2 2 2 2 2 2 2 2 2 2 2 2 2 2 2
left_child=23 2 4 6 8 -6 7 14 24 19 29 -10 13 18 26 -16 17 -8 -13 -7 -9 -12 -5 -1 25 -2 27 -4 -18 -3
right_child=1 10 3 22 5 9 16 20 11 -11 21 12 -14 -15 15 -17 28 -19 -20 -21 -22 -23 -24 -25 -26 -27 -28 -29 -30 -31
leaf_value=-0.005757195100277634 0.050101013363169293 0.05001605361729982 0.050070321323921113 -0.048073200936165704 -0.050397148529636587 -0.050243595021339141 -0.031134249009962308 -0.050150764319847101 0.011140942744626849 -0.031599464099777541 -0.02528032168504122 0.034122391005052322 -0.050272331081761081 -0.046627423657330164 -0.050269296873133841 0.015612119468076037 0.04731322567290186 0.038182853850464209 -0.029191870881579058 0.050055686935634759 0.023265683095762629 0.050119112698296026 0.011874460393948074 0.047949819246051593 0.043637473401140561 -0.050069829491254526 0.039679530198096939 -0.050063128734311027 0.022339836894396128 -0.050272664273653067
leaf_weight=0.013415986657491885 0.0068489252589642993 0.0021838364191353312 0.011885992484167218 0.061073633572959807 0.025071846437640488 0.0056428175885230294 0.025833807107119355 0.055079003905120771 0.046200796838092861 0.018785458523780107 0.014083756810578052 0.05230146770918509 0.14205118931568039 0.06938581658323506 0.026246684552461375 0.067340923589654267 0.16374120645195944 0.026559176505543292 0.01960151016828604 0.089647605025675148 0.011611955211265013 0.014872793108224869 0.013666774408193305 0.077598327363375685 0.031052829392137937 0.0095483338518531635 0.10951487922284286 0.01000967898289673 0.045261442159244325 0.09814027314132534
leaf_count=10 1 2 3 50 7 2 8 143 19 7 21 26 359 94 26 17 47 13 19 48 4 2 7 36 9 25 31 35 19 189
internal_value=0.00146567 -0.00129122 0.00243989 0.0125412 -0.00984724 0.0168648 0.0192509 0.00575735 -0.0197067 0.0316478 -0.0343066 -0.0262467 -0.0323431 -0.014317 0.0185399 -0.00286435 0.0343083 0.00400414 0.0168623 0.0441163 -0.0373678 0.0134467 -0.0371114 0.0400331 0.0257138 -0.00822975 0.0337836 0.00429398 0.041905 -0.0480896
internal_weight=1.36426 1.27324 1.14396 0.627825 0.516139 0.139148 0.553085 0.291689 0.376991 0.114076 0.129281 0.329541 0.28334 0.141289 0.224998 0.0935876 0.261396 0.052393 0.071903 0.0952904 0.066691 0.0289565 0.0747404 0.0910143 0.0474501 0.0163973 0.131411 0.0218957 0.209003 0.100324
internal_count=1279 1233 1019 403 616 64 346 259 552 57 214 517 498 139 112 43 87 21 45 50 147 23 57 46 35 26 69 38 66 191
is_linear=0
shrinkage=0.05


Tree=164
num_leaves=31
num_cat=0
split_feature=49 39 49 5 33 33 21 3 34 34 47 5 37 43 5 33 36 7 15 29 18 11 13 15 42 5 15 20 0 0
split_gain=0.0518234 0.0578957 0.0558433 0.0529318 0.0511597 0.0507459 0.0589085 0.0382383 0.0366691 0.0364609 0.0822535 0.0496909 0.0416487 0.0401437 0.03675 0.0357157 0.026315 0.021975 0.0241923 0.0262172 0.0478035 0.0396762 0.0296268 0.0180639 0.0151045 0.0132054 0.0121307 0.0118522 0.0113885 0.00777197
threshold=1.4425713419914248 -0.27854721248149866 -0.75987708568572987 1.714001536369324 1.8478607535362246 -0.85547414422035206 -0.78898501396179188 -0.3407787680625915 -0.51117527484893788 -0.18197831511497495 -1.3250104784965513 -1.422717213630676 1.0329363346099856 -0.77936205267906178 1.4178965091705324 -0.57052376866340626 -2.1482727527618404 0.81781020760536205 0.46235546469688421 -1.7111532092094419 0.40508523583412176 1.5168067216873171 1.1600558161735537 -1.0499203801155088 0.90330839157104503 -0.57277095317840565 -1.4931721687316892 -1.8819843530654905 -1.025388717651367 -1.1197890043258665
decision_type=2 2 2 2 2 2 2 2 2 2 2 2 2 2 2 2 2 2 2 2 2 2 2 2 2 2 2 2 2 2
left_child=1 4 3 5 7 26 -7 -1 16 11 12 -9 14 -13 -11 -10 -8 18 -14 -20 28 22 -22 -12 27 -15 -3 -18 -21 -25
right_child=-2 2 -4 -5 -6 6 8 9 15 10 23 13 17 25 -16 -17 24 -19 19 20 21 -23 -24 29 -26 -27 -28 -29 -30 -31
leaf_value=-0.05009870365572449 -0.050122891170444765 0.050024518020471337 -0.050088436275438401 0.03784817996345255 -0.050481443404215037 0.042512438397515583 0.02512955535676762 -0.050409223447177236 0.042350678098979612 -0.050247224165789632 0.05007711813753938 -0.050230811118344626 0.045366076632621669 0.022033173327182201 0.040496652842212544 -0.05013138894331981 0.050044929488181261 -0.0094858918307011396 0.047359770714331936 -0.0034874367684560037 0.039661187196157313 0.047620463172898572 -0.050366589388573219 0.029962766443823931 0.050038325341366034 0.049806030256956305 -0.048378423203918081 -0.050287242737390749 -0.050531449839634202 -0.050212894388789078
leaf_weight=0.021166288905078545 0.042358449725725333 0.003266017301939427 0.068255017926276196 0.071322494753985666 0.02981104952050373 0.064459391083801054 0.017393683228874468 0.016699819592759013 0.041386836302990559 0.037440333908307366 0.005233985371887683 0.012077154766302556 0.127991734421812 0.056094197469064966 0.015893855132162571 0.013961267817649281 0.0030530544463543965 0.043896775241591968 0.056994492944795638 0.021921788109466434 0.015062646940350533 0.074799202440772206 0.023234927859448362 0.0031738983234390608 0.004237388842739164 0.18060290606808849 0.076279842534859088 0.081991471779474634 0.031137284153373912 0.063424121392017585
leaf_count=32 94 2 331 22 18 22 4 5 17 47 1 6 28 18 2 39 1 17 9 4 5 15 16 3 2 95 76 220 20 100
internal_value=0.0042905 0.006088 -0.00847002 -0.000942119 0.0138417 -0.00998251 0.00208396 0.0162182 -0.0140001 0.0180048 0.0103103 0.0330826 0.0182682 0.0386873 -0.0232051 0.0190226 -0.0311337 0.0238675 0.028037 0.0180976 0.00806019 0.0264297 -0.0149582 -0.0393628 -0.0420948 0.0432242 -0.0443382 -0.0466854 -0.0310948 -0.0463919
internal_weight=1.32462 1.28226 0.445606 0.377351 0.836656 0.306029 0.226483 0.806845 0.162024 0.785679 0.520205 0.265474 0.448373 0.248774 0.0533342 0.0553481 0.106676 0.395039 0.351142 0.22315 0.166156 0.113097 0.0382976 0.071832 0.0892819 0.236697 0.0795459 0.0850445 0.0530591 0.066598
internal_count=1271 1177 736 405 441 383 305 423 283 391 267 124 163 119 49 56 227 114 97 69 60 36 21 104 223 113 78 221 24 103
is_linear=0
shrinkage=0.05


Tree=165
num_leaves=31
num_cat=0
split_feature=2 20 27 35 4 45 5 21 1 17 46 12 48 15 1 48 44 5 40 12 36 33 33 31 26 7 0 22 36 17
split_gain=0.054314 0.0553209 0.0570921 0.04539 0.0407999 0.048335 0.0413641 0.0397368 0.0414179 0.0386596 0.0378229 0.0439316 0.0330281 0.0367629 0.0276243 0.0252508 0.029254 0.0240796 0.0234587 0.0202858 0.0202753 0.0280362 0.028005 0.0189075 0.014952 0.0127421 0.012411 0.0104151 0.00963945 0.00871061
threshold=-0.80581837892532338 -1.714368939399719 -0.43746638298034662 0.84311997890472423 -0.010009950026869772 -0.91501882672309864 -0.70056158304214466 0.26985305547714239 1.1075229644775393 -0.54687514901161183 0.015862325672060255 1.6141595840454104 -0.73820573091506947 1.3271948099136355 -1.5485765337944029 2.4460787773132329 2.464346289634705 -0.2067419961094856 -3.7292423248291011 -0.76460143923759449 1.0085023641586306 -0.61405831575393666 -0.74857062101364125 -1.3615726828575132 0.52789336442947399 0.75840330123901378 -1.0433804392814634 -0.66436985135078419 -1.9894813299179075 -0.70838415622711171
decision_type=2 2 2 2 2 2 2 2 2 2 2 2 2 2 2 2 2 2 2 2 2 2 2 2 2 2 2 2 2 2
left_child=15 9 20 4 5 6 27 8 14 -2 11 12 29 -14 -7 16 -1 -12 -6 -16 21 22 25 -11 -19 -3 -26 -4 -23 -9
right_child=1 2 3 -5 18 7 -8 10 -10 23 17 -13 13 -15 19 -17 -18 24 -20 -21 -22 28 -24 -25 26 -27 -28 -29 -30 -31
leaf_value=-0.046904148713909674 0.049880741206309399 -0.050310094929748209 -0.014558208297084665 -0.050236868345604362 0.050040496884229735 -0.050191675143124809 -0.047540672832814497 -0.0047663428642646466 -0.017294799156354259 0.032922959611479632 -0.050028684026471183 0.048339374693366417 -0.04568089552460125 0.036816153288976465 -0.037569937947195431 0.050130154472649728 0.045986309162467327 0.038184950534075224 -0.050226578839881901 0.044706786864497534 0.044394474888228772 0.050024375244065167 0.033839742412941458 -0.015955500647572601 0.0409039210931572 0.024706984842275081 -0.050186398082278365 0.043371294878087663 -0.046885445873474353 0.044058930576017036
leaf_weight=0.090111120378424059 0.11018648764002137 0.025477085946477018 0.01213400832057232 0.033105729322414845 0.0068320928839966646 0.0084075084159849212 0.056486145142116473 0.01752391281479504 0.037857069517485797 0.03395164679386653 0.0097593472892185673 0.027451965579530224 0.095797529422270711 0.015720382776635233 0.007743767127976752 0.0088145239278674126 0.0093558509834110737 0.1077819838465075 0.039909437167807593 0.23012066773662809 0.01006181187403854 0.0026321539189666501 0.028974196953640785 0.047417364141438045 0.0061888400232419363 0.0072774876534822388 0.0094480940606445074 0.02151947226957418 0.1020959196393959 0.019081577192991861
leaf_count=158 43 36 19 37 3 7 54 14 18 8 60 6 162 12 12 1 4 65 70 87 4 2 29 19 7 10 14 16 267 12
internal_value=0.00285023 0.0060892 0.00109554 0.00702488 0.00962255 0.0127153 -0.0213969 0.0179016 0.0313953 0.0305781 0.00548409 -0.00975737 -0.0205245 -0.0340515 0.0388799 -0.0309792 -0.0381669 0.0255776 -0.0355708 0.0420282 -0.0245295 -0.0286958 -0.00196781 0.00443929 0.0315562 -0.0336426 -0.0141344 0.0224844 -0.0444498 0.0206851
internal_weight=1.23923 1.13094 0.939388 0.76287 0.729764 0.683022 0.0901396 0.592883 0.284129 0.191555 0.308754 0.175575 0.148123 0.111518 0.246272 0.108281 0.099467 0.133178 0.0467415 0.237864 0.176519 0.166457 0.0617288 0.081369 0.123419 0.0327546 0.0156369 0.0336535 0.104728 0.0366055
internal_count=1256 1093 1023 675 638 565 89 476 124 70 352 206 200 174 106 163 162 146 73 99 348 344 75 27 86 46 21 35 269 26
is_linear=0
shrinkage=0.05


Tree=166
num_leaves=31
num_cat=0
split_feature=20 10 48 16 33 42 1 40 21 15 7 48 2 26 29 12 7 47 3 28 28 18 16 35 42 0 27 21 15 23
split_gain=0.0617337 0.0572752 0.0523854 0.0436567 0.0358193 0.057575 0.0489619 0.0514209 0.0443643 0.0658893 0.0589508 0.051967 0.0332693 0.0306534 0.028744 0.0267542 0.021509 0.0195849 0.0193914 0.0295229 0.0182363 0.0171116 0.0157241 0.0143975 0.0141287 0.00935527 0.00704504 0.00899221 0.0132367 0.00623748
threshold=-1.714368939399719 -1.206772446632385 -0.81268370151519764 -0.62579879164695729 -0.90202310681343068 0.90758979320526134 -0.91221514344215382 -1.1201907396316526 0.54110965132713329 0.54333809018135082 -0.9247930347919463 -0.75163245201110829 3.3320112228393559 1.0000000180025095e-35 -0.5127180516719817 1.6141595840454104 0.77820566296577465 -1.5862476229667661 -0.19677063822746274 -0.43140606582164759 -2.7944507598876949 -0.17024073749780652 -0.49923221766948694 -0.56842389702796925 0.17366151511669162 -1.0363254547119138 -0.39831267297267908 -0.23621935397386548 0.37588447332382208 -0.20901003479957578
decision_type=2 2 2 2 2 2 2 2 2 2 2 2 2 2 2 2 2 2 2 2 2 2 2 2 2 2 2 2 2 2
left_child=1 20 -2 -4 5 29 12 24 9 14 13 -12 16 -10 -9 21 -6 -16 -15 -20 -1 -13 -11 -3 25 -8 -19 -28 -29 -5
right_child=2 23 3 4 6 -7 7 8 10 22 11 15 -14 18 17 -17 -18 26 19 -21 -22 -23 -24 -25 -26 -27 27 28 -30 -31
leaf_value=0.021820546054599682 0.042810590766463777 0.0052277720564437172 -0.050176667696487987 -0.0074161258583312697 -0.050317761980754487 0.04454875170097454 0.050013181425178868 -0.050113207975376786 -0.050101074090488112 0.050063846802035988 0.025850934059545517 0.044420143009063738 0.029843697145417694 0.047292940667899401 -0.050243932215866864 0.023403934563768922 0.013078412271674555 0.010686906422932484 0.044564364725777801 -0.050196760129017248 -0.05048725404155982 -0.049263385684785749 -0.050317345123818503 0.045012073334998425 0.044470726020370388 -0.050068141334107009 0.046643553099780237 -0.015860015078130552 0.047304416829683719 -0.050308142665753168
leaf_weight=0.012720786151476204 0.055698831420158967 0.027143917352077551 0.055342385385301895 0.0093768008009647019 0.087834180943900719 0.02129664842505008 0.0034984850790351629 0.011086155391240027 0.01427244388469262 0.0043352064676582805 0.036127193823631387 0.0050361024186713612 0.019954193252488039 0.05431669265817618 0.0068248596217017612 0.015115557227545651 0.015783534799993504 0.02355400356464088 0.016965634320513345 0.015943572187097743 0.027723619008611422 0.15162022787262686 0.038971523099462502 0.14018642652081326 0.089520857283787336 0.0070212684076977894 0.11659305103239603 0.015863804059335962 0.017382460879161954 0.08824176082998747
leaf_count=6 33 17 125 11 147 11 4 23 52 1 19 4 13 16 4 5 20 17 8 34 25 391 53 50 43 28 36 18 3 76
internal_value=0.000857887 0.0256521 -0.00430625 -0.00709254 -0.004403 -0.029938 -0.000447274 0.00508401 -0.000974496 0.0154226 -0.0134082 -0.0286578 -0.029276 0.0178277 0.0280298 -0.0401222 -0.040661 0.0328368 0.0289426 -0.0013447 -0.0277446 -0.0462517 -0.0402687 0.0385584 0.0380294 -0.0167848 0.0361069 0.0401028 0.0171648 -0.0461881
internal_weight=1.20535 0.207775 0.997577 0.941879 0.886536 0.118915 0.767621 0.644049 0.544008 0.234611 0.309397 0.207899 0.123572 0.101498 0.191304 0.171772 0.103618 0.180218 0.0872259 0.0329092 0.0404444 0.156656 0.0433067 0.16733 0.100041 0.0105198 0.173393 0.149839 0.0332463 0.0976186
internal_count=1293 98 1195 1162 1037 98 939 759 684 155 529 419 180 110 101 400 167 78 58 42 31 395 54 67 75 32 74 57 21 87
is_linear=0
shrinkage=0.05


Tree=167
num_leaves=31
num_cat=0
split_feature=48 31 39 35 42 48 17 6 42 17 46 12 12 28 15 3 35 5 40 21 37 45 14 44 17 32 18 31 15 27
split_gain=0.0419902 0.046995 0.0665795 0.0394986 0.0410351 0.0411889 0.0511762 0.0390108 0.0529024 0.0377719 0.0371192 0.0365639 0.0322924 0.0330683 0.0388369 0.0566979 0.0369731 0.0287359 0.0412426 0.0301451 0.0211855 0.0192014 0.0215805 0.0122346 0.0105316 0.0103375 0.00438883 0.00477941 0.012473 0.00351422
threshold=-0.81268370151519764 0.62456980347633373 -0.19127560406923291 0.66929078102111828 0.89384356141090404 1.8525366187095644 0.73674327135086071 1.1250693798065188 0.30648577213287359 -0.69406056404113758 -0.23364006727933881 1.7345977425575259 1.1425022482872011 -0.19027918577194211 0.64928129315376293 -0.31212134659290308 6.3082134723663339 0.21580152958631518 0.1184595823287964 -1.2741965651512144 1.0423344969749453 -0.59015503525733937 -1.1672787070274351 0.070063423365354552 -0.67076721787452687 0.0038356365403160457 -0.75515815615653981 0.42117622494697576 0.39040160179138189 0.081359941512346282
decision_type=2 2 2 2 2 2 2 2 2 2 2 2 2 2 2 2 2 2 2 2 2 2 2 2 2 2 2 2 2 2
left_child=25 2 7 4 5 6 9 8 10 11 12 -3 -2 14 26 -16 -17 21 19 -19 -7 22 -11 -21 -20 -1 -14 28 -28 -25
right_child=1 3 -4 -5 -6 20 -8 -9 -10 17 -12 -13 13 -15 15 16 -18 18 24 23 -22 -23 -24 29 -26 -27 27 -29 -30 -31
leaf_value=0.0024939363149750239 0.046055398774883301 -0.050476806046316963 -0.050107667844746684 -0.050198738271704603 0.050029104792474278 0.0088919347153808715 -0.046646883137477918 0.043347622690032665 -0.048016629958160931 0.05013666285570878 -0.050114647869518893 0.035845142142764026 0.05010266497107492 -0.050177244842683238 0.042202956431454441 -0.050448348578711534 0.026263768700333607 -0.031575630173452898 0.018569789566453741 -0.013221742351024199 0.049611701009759257 0.043876071363863844 -0.050107336755729252 0.022389513369512865 -0.050189529684274162 0.048649732643903626 0.050094479670674874 0.047259037520272468 -0.050081206332970467 0.047098929766896447
leaf_weight=0.015224370246869623 0.045454649189196061 0.046789566367806401 0.088895306726044399 0.026153256927500479 0.065057649539085105 0.055966921732760966 0.051751431055890862 0.041972622180765029 0.065999527898384258 0.0092530613765120506 0.030986131358076707 0.016626460943371058 0.038611253257840872 0.02881415391311748 0.037612093205098063 0.063832891330093844 0.020833619520999491 0.024224814609624445 0.0065405542700318611 0.012760471785441041 0.074412781774299219 0.092978813292575069 0.012789979995432077 0.020192752584989648 0.037487852408958133 0.059707305015763268 0.0064075472764670849 0.010554259439231828 0.0060330053165671416 0.050068636905052699
leaf_count=13 13 30 465 20 56 14 48 20 90 1 81 5 7 49 11 64 5 7 12 17 21 36 20 19 68 30 1 2 19 13
internal_value=0.00306749 0.000576484 -0.0109933 0.0099007 0.0126252 0.00787105 -0.000421134 -0.00223741 -0.00762495 0.00683442 0.00159493 -0.0278449 0.00780163 -0.000373366 0.00743075 -0.00887934 -0.031572 0.0150929 0.000770878 0.0174985 0.0321323 0.0339291 -0.00802767 0.0318178 -0.0399751 0.039272 0.0398038 0.0225106 0.00151461 0.0399976
internal_weight=1.16399 1.08906 0.486007 0.603055 0.576902 0.511844 0.381464 0.397112 0.355139 0.329713 0.28914 0.063416 0.258153 0.212699 0.183885 0.122279 0.0846665 0.266297 0.151275 0.107247 0.13038 0.115022 0.022043 0.0830219 0.0440284 0.0749317 0.0616061 0.0229948 0.0124406 0.0702614
internal_count=1257 1214 827 387 367 311 276 362 342 228 252 35 171 158 109 80 69 193 136 56 35 57 21 49 80 43 29 22 20 32
is_linear=0
shrinkage=0.05


Tree=168
num_leaves=31
num_cat=0
split_feature=49 39 49 44 35 12 47 32 47 5 21 35 34 33 0 28 0 3 5 40 0 17 47 6 34 36 4 35 4 36
split_gain=0.0442993 0.0438686 0.0522091 0.0493102 0.0476072 0.045243 0.049037 0.0607599 0.0523792 0.0432851 0.0360223 0.0394231 0.03915 0.033756 0.0296346 0.0229243 0.0168121 0.0161731 0.0137685 0.0182747 0.0111583 0.025571 0.0100729 0.00990239 0.00977171 0.0397814 0.0139787 0.00824265 0.0109641 0.00685216
threshold=1.4425713419914248 -0.28903104364871973 -0.75987708568572987 -1.1706720590591428 1.4713155627250674 1.2975197434425356 -1.4298224449157713 -1.3797476291656492 -1.5949105024337766 1.714001536369324 -0.78898501396179188 -0.36822497844696039 -0.87072834372520436 -0.85547414422035206 1.6658852100372317 0.58132717013359081 -1.110381484031677 -0.34045849740505213 -0.57277095317840565 -0.60984140634536732 -0.32784709334373469 -0.68041816353797901 0.27022750675678259 1.3422740101814272 -0.18197831511497495 0.99286314845085155 -0.17899898439645764 -0.49666905403137201 -0.17899904400110242 -0.62750110030174244
decision_type=2 2 2 2 2 2 2 2 2 2 2 2 2 2 2 2 2 2 2 2 2 2 2 2 2 2 2 2 2 2
left_child=1 3 9 4 -1 14 7 -7 -9 10 13 12 22 -3 17 23 -8 -5 19 -19 -10 -22 -12 -14 -20 26 -26 28 -17 -21
right_child=-2 2 -4 5 -6 6 16 8 20 -11 11 -13 15 -15 -16 27 -18 18 24 29 21 -23 -24 -25 25 -27 -28 -29 -30 -31
leaf_value=-0.050308042380286348 -0.050104992024071308 -0.031771708063393779 -0.050073259437636831 -0.050128998610245147 0.024290400887205615 -0.04199535640555372 0.050018544060969408 -0.05054694622833579 0.039404906809358722 0.037186372988588713 0.050042398173865243 -0.049043668459490208 -0.050057630899847938 0.039880026231615767 -0.030980095897656434 0.050074373381763661 -0.04629362017229334 0.037345206634160674 0.049961648795297374 0.010430187472493167 0.044250054316284343 -0.028205457832630461 -0.046717214921534883 0.045706545964264184 0.050064076226188817 0.046238518711822531 -0.050093785574767208 0.044059558926679669 -0.050114949261327202 -0.05017329087132423
leaf_weight=0.0557709509957931 0.037122202080354438 0.023046992821036838 0.061966740759089589 0.0054722333516110657 0.034690239706833381 0.041197080354322679 0.0049679121002554885 0.021093127288622782 0.14486672845669091 0.063123845378868282 0.0028814033139495923 0.074322654443676694 0.01373525764211081 0.057317676953971275 0.01804311599698849 0.0050480347126722336 0.051526758426916786 0.029041053203400224 0.14157026332395617 0.0078839701600372791 0.027237946982495487 0.022022758377715945 0.040430853045108961 0.0033597436704440034 0.004350933711975812 0.077947403478901833 0.017477245804911834 0.046049232900259085 0.0059483519471541513 0.011420502552937251
leaf_count=64 95 23 338 9 11 17 4 6 43 23 1 159 50 21 10 1 69 10 87 3 7 17 83 3 1 12 39 20 26 19
internal_value=0.00362693 0.00541777 -0.00790983 0.0128058 -0.0217009 0.0177913 0.00434443 0.0136352 0.0242839 -0.000116781 -0.00876938 -0.0205453 -0.00251192 0.0193317 0.0312256 0.0195519 -0.0378243 0.0350281 0.0366368 0.0122818 0.0324147 0.0118577 -0.0402802 -0.0312367 0.0415154 0.0295312 -0.0301297 0.0347719 -0.00412173 -0.0254228
internal_weight=1.15093 1.11381 0.397231 0.71658 0.0904612 0.626119 0.312912 0.256418 0.215221 0.335264 0.27214 0.191776 0.117453 0.0803647 0.313207 0.0741406 0.0564947 0.295164 0.289691 0.0483455 0.194127 0.0492607 0.0433123 0.017095 0.241346 0.0997756 0.0218282 0.0570456 0.0109964 0.0193045
internal_count=1271 1176 748 428 75 353 163 90 73 410 387 343 184 44 190 100 73 180 171 32 67 24 84 53 139 52 40 47 27 22
is_linear=0
shrinkage=0.05


Tree=169
num_leaves=31
num_cat=0
split_feature=20 30 3 2 46 30 44 11 26 20 39 46 7 42 37 29 21 20 0 41 33 0 26 23 3 17 48 2 48 4
split_gain=0.0427035 0.0473299 0.0797254 0.0472808 0.0437915 0.0435512 0.0415327 0.0419695 0.033076 0.0329543 0.0287228 0.0325221 0.0394408 0.0327702 0.0344738 0.0260769 0.0254897 0.0336594 0.0249836 0.0240167 0.0226615 0.0130235 0.0124599 0.0114368 0.0380031 0.0135709 0.00845627 0.00671859 0.00649839 0.00446035
threshold=-1.7382279038429258 0.67275184392929088 -0.28524698317050928 -0.61884307861328114 0.187523327767849 -1.421151280403137 -1.0326166152954099 1.5149450898170473 -1.0027099847793577 -1.1844539642333982 1.9945636391639712 -0.23854216933250424 -1.122816205024719 0.89617446064949047 1.0423344969749453 0.32487341761589056 -0.78898501396179188 0.10973185300827028 -0.78881838917732228 0.21867757290601733 -0.98229634761810292 -1.1327579617500303 -0.48825514316558832 0.27055186778306967 -0.27236771583557123 -0.6825551688671111 -0.82769790291786183 3.4047938585281377 -0.82769790291786183 -0.14730428159236905
decision_type=2 2 2 2 2 2 2 2 2 2 2 2 2 2 2 2 2 2 2 2 2 2 2 2 2 2 2 2 2 2
left_child=6 2 4 9 5 -2 7 -1 15 -3 11 12 29 14 21 18 -7 -18 -4 22 -13 -14 -19 24 25 -22 -6 28 -10 -5
right_child=1 3 8 10 26 16 -8 -9 27 -11 -12 20 13 -15 -16 -17 17 19 -20 -21 23 -23 -24 -25 -26 -27 -28 -29 -30 -31
leaf_value=0.03054322309706611 -0.050238473497837749 0.018227612029498453 0.050064080842315034 0.05010158488053066 0.050034832670418077 0.044604318447727172 0.046224782008918781 -0.050437719970755329 0.050024236875599128 -0.04929980640981374 -0.050217047358607103 -0.025829931634738235 0.05005013242642347 0.050013128607344248 0.015513551897696412 0.049670945866346586 -0.050125736389989121 -0.050098538159490794 -0.05034150076001357 -0.050031644539977493 0.047061733914105591 -0.050316657869923481 0.038298676237145099 0.045762347071647162 0.042914173664549637 -0.05015069944782187 -0.0474466155122307 0.010206881146687392 -0.049795700504025452 0.021841470613898073
leaf_weight=0.036675564799224958 0.022003460493579041 0.027851985316374339 0.0081813025753945112 0.031397221144288778 0.002367899287492036 0.083223498499137349 0.10322249824821483 0.02838042876101099 0.0016484690131619564 0.051427974431135226 0.015508779251831584 0.015869894588831812 0.003406138624995946 0.017563907778821886 0.036028945702128112 0.017211802820384037 0.020427815787115833 0.0042540780195849939 0.025525691526127048 0.01007035223665298 0.0044176886585773891 0.063263920586905442 0.063344281370518729 0.12458058050833642 0.060356093603331828 0.019163821245456347 0.036791811937291641 0.0049998775575659229 0.14928017743659439 0.02514403271197807
leaf_count=22 33 14 2 6 1 22 48 14 1 67 24 13 1 24 15 4 44 19 71 43 7 82 54 47 39 36 140 4 371 15
internal_value=0.00329813 -0.000832969 -0.0125873 0.00981583 0.00686489 0.0161899 0.0265048 -0.0047844 -0.0353908 -0.0255766 0.0165495 0.0191304 0.00309294 -0.0130995 -0.0238933 -0.000402321 0.0242511 0.00698377 -0.0259712 0.0220043 0.031767 -0.045189 0.0327357 0.0361506 0.0218848 -0.0319392 -0.0415521 -0.0468164 -0.0487054 0.0375342
internal_weight=1.11359 0.945312 0.449331 0.495981 0.242483 0.203323 0.168278 0.065056 0.206847 0.07928 0.416701 0.401192 0.176804 0.120263 0.102699 0.0509188 0.18132 0.0980965 0.033707 0.0776687 0.224388 0.0666701 0.0675984 0.208518 0.0839376 0.0235815 0.0391597 0.155929 0.150929 0.0565413
internal_count=1283 1199 809 390 356 215 84 36 453 81 309 285 143 122 98 77 182 160 73 116 142 83 73 129 82 43 141 376 372 21
is_linear=0
shrinkage=0.05


Tree=170
num_leaves=31
num_cat=0
split_feature=42 42 17 21 15 48 37 33 39 30 35 43 0 5 36 46 32 11 10 39 31 0 11 31 15 30 45 31 32 47
split_gain=0.0537711 0.0505807 0.0432959 0.0430871 0.0422019 0.0612107 0.0481713 0.0362424 0.0346858 0.0442436 0.0288177 0.0273073 0.0251673 0.0279311 0.0248619 0.0276959 0.024013 0.0211161 0.019633 0.0118017 0.0197042 0.010259 0.00879018 0.00748644 0.00572882 0.000793765 2.72769e-05 5.23218e-07 4.52756e-07 1.81642e-07
threshold=0.87939563393592846 0.52296096086502086 -0.54903018474578846 -1.3812686800956724 0.42639307677745825 -0.49606014788150782 1.0496149063110354 -0.75305098295211781 -0.054377619177103036 -1.2925649881362913 0.90366432070732128 0.554131180047989 -1.1219771504402158 1.4178965091705324 0.9899924397468568 1.3476175069808962 -0.89627957344055165 1.7948610782623293 -1.206772446632385 0.11225767061114313 1.3674087524414065 -1.1447061896324155 -0.63850283622741688 0.62456980347633373 -1.234529376029968 1.1992961764335635 -0.88951760530471791 1.3674087524414065 -1.1633892655372617 -1.547881484031677
decision_type=2 2 2 2 2 2 2 2 2 2 2 2 2 2 2 2 2 2 2 2 2 2 2 2 2 2 2 2 2 2
left_child=1 4 8 7 10 11 12 -3 9 -2 14 -6 -7 17 15 -1 18 27 -8 25 -21 -5 -11 -16 -23 -13 -24 29 -29 -14
right_child=2 3 -4 21 5 6 16 -9 -10 22 -12 19 13 -15 23 -17 -18 -19 -20 20 -22 24 26 -25 -26 -27 -28 28 -30 -31
leaf_value=-0.050182022572000023 -0.021722412768545803 -0.05019901364971744 -0.050134453063252218 0.036569887046625109 -0.050037527937946136 0.039210355438939734 -0.016439898295595026 0.035324031932142924 -0.013180161626430591 0.020263568994385282 -0.035242524823423375 0.038391350177899235 -0.050244595262264338 0.021468827956489397 0.024937442264110099 0.039180311359172888 -0.03563576912814654 0.014089173943512704 0.037582591621928542 -0.050104495052334386 0.050151691640564003 -0.012918868873148951 0.047349225090456117 0.050105701624222766 -0.050086686359060453 0.050066550084793951 0.050055097151072175 -0.05043227964143418 -0.050113078487421872 -0.050088186278800684
leaf_weight=0.018364264320553048 0.029296062188223004 0.018193380979937501 0.020023704302730039 0.0038140522083267561 0.010221857130090939 0.011192925623618066 0.023841915717639495 0.038819652036181651 0.045482791669201106 0.030383532168343663 0.019420633892877959 0.021359172344091348 0.025010073150042444 0.017744601762387902 0.049694018671289086 0.016425934012659127 0.02361732856661547 0.013986766891321167 0.057087795248662587 0.0093791220970160794 0.010264452546834946 0.011413757340051234 0.010011804755777121 0.072878010512795299 0.11309278565386194 0.0457201570388861 0.13356221813592128 0.033750025642802939 0.016559729665459599 0.072001796535914764
leaf_count=54 8 17 21 3 40 4 17 19 16 13 11 15 26 5 14 12 11 8 15 39 1 19 5 21 446 17 85 9 23 277
internal_value=0.00139417 -0.00545168 0.0205963 -0.0281354 0.00194306 -0.0072083 -0.0185425 0.00803284 0.0262903 0.0351227 0.0222218 0.027257 -0.0335256 -0.0380725 0.0293137 -0.00799026 0.00872265 -0.0446223 0.0216676 0.0363676 0.00228286 -0.044205 0.044696 0.0399018 -0.0466794 0.046349 0.0498664 -0.0501964 -0.0503272 -0.0501285
internal_weight=1.02261 0.753854 0.26876 0.185334 0.568521 0.391738 0.294793 0.057013 0.248736 0.203254 0.176783 0.0969448 0.190246 0.179053 0.157362 0.0347902 0.104547 0.161308 0.0809297 0.0867229 0.0196436 0.128321 0.173958 0.122572 0.124507 0.0670793 0.143574 0.147322 0.0503098 0.0970119
internal_count=1271 1123 148 504 619 507 395 36 127 111 112 112 352 348 101 66 43 343 32 72 40 468 103 35 465 32 90 335 32 303
is_linear=0
shrinkage=0.05


Tree=171
num_leaves=31
num_cat=0
split_feature=39 36 49 33 42 37 26 23 30 5 26 20 14 9 26 26 22 46 21 18 34 31 4 20 24 31 43 27 48 16
split_gain=0.0501541 0.0601946 0.0487626 0.0353387 0.0297783 0.0343853 0.0442607 0.0565905 0.0319889 0.0309119 0.0484744 0.0330894 0.0281093 0.0371752 0.0252057 0.0501571 0.0229661 0.0145822 0.0142909 0.0143863 0.0137412 0.01333 0.0176133 0.01198 0.00818974 0.00525181 0.0231039 0.00484053 0.00354503 0.00244573
threshold=-0.11596874147653578 -1.5439995527267454 1.4425713419914248 1.8478607535362246 0.89617446064949047 1.0455961823463442 0.37941730022430425 -0.27751887589693064 -1.2925649881362913 0.89669334888458263 0.71026554703712474 -1.7682933211326597 0.50983965396881115 -0.047518715262413018 0.8324815332889558 2.7734664678573613 -1.1818064451217649 -0.83957982063293446 -1.7156569957733152 -1.9118896126747129 -0.23532532155513761 1.3674087524414065 -0.17899902909994123 -1.2785055637359617 -0.65808051824569691 1.0941064357757571 1.0144147872924807 0.081359941512346282 -0.82586485147476185 -0.077765122056007371
decision_type=2 2 2 2 2 2 2 2 2 2 2 2 2 2 2 2 2 2 2 2 2 2 2 2 2 2 2 2 2 2
left_child=2 21 3 4 5 6 7 23 -6 10 25 -12 13 -9 29 -16 -3 -14 -18 -20 -15 22 -2 -1 -10 26 -8 -11 -13 -7
right_child=1 16 -4 -5 8 14 9 12 24 27 11 28 17 20 15 -17 18 -19 19 -21 -22 -23 -24 -25 -26 -27 -28 -29 -30 -31
leaf_value=0.030147181928334949 0.050118329070158313 0.024082408882725226 -0.050098268515187699 -0.050338248319108131 -0.016363460946691544 0.048754418530156024 -0.050058675922043272 -0.05018756149034586 -0.0052668548508924464 0.02140002349959352 0.019311031509148653 0.011301594613317617 -0.0038848150003378728 0.050037292110604738 -0.038387042428489594 0.048802971442678478 0.001420777831096804 0.042069690403940083 0.05002722100391474 -0.050160321831148207 -0.0098478774449058809 0.050088820687022154 -0.050057917874954727 -0.050266802358614221 0.050040205049503378 0.048249624347129184 0.050086387257369691 0.048447521573811742 -0.05020604083493261 0.031995592852741297
leaf_weight=0.0049059599987231186 0.0080174021422863007 0.014969116979045793 0.034379983750113752 0.022999908906058408 0.025217766175046563 0.068352005211636424 0.0083437678076734301 0.04007810952316504 0.0071798558929003766 0.022670417456538416 0.029515781032387167 0.0024616732553113243 0.02642863478831714 0.018277326133102179 0.034219074601423927 0.031844222423387691 0.017310891700617503 0.049773528990044724 0.0036950451321899882 0.11828888681702665 0.020128362848481629 0.029731485643424094 0.0096924066237988882 0.082828257229266455 0.098799546685768291 0.036044855485670269 0.018593083368614316 0.061187669256469235 0.048438693447678816 0.031944507412845269
leaf_count=5 1 18 90 18 8 21 26 63 5 16 15 3 12 9 18 5 18 21 2 520 16 8 37 135 74 5 4 18 58 18
internal_value=0.00272773 -0.0196208 0.00819431 0.0107304 0.0125611 0.00808729 0.00116833 -0.0136928 0.0342499 0.0170212 0.00291928 -0.0228078 0.00450067 -0.0165014 0.0276213 0.00364081 -0.0347681 0.0261316 -0.0410924 -0.0471255 0.0186516 0.0296335 -0.00470716 -0.0457702 0.0462933 0.0357681 0.0190662 0.0411354 -0.0472314 0.0434167
internal_weight=1.02632 0.201705 0.824613 0.790233 0.767233 0.636036 0.469676 0.24242 0.131197 0.227256 0.143398 0.0804161 0.154686 0.0784838 0.16636 0.0660633 0.154264 0.0762022 0.139295 0.121984 0.0384057 0.0474413 0.0177098 0.0877342 0.105979 0.0629817 0.0269369 0.0838581 0.0509004 0.100297
internal_count=1267 604 663 573 555 468 406 261 87 145 111 76 121 88 62 23 558 33 540 522 25 46 38 140 79 35 30 34 61 39
is_linear=0
shrinkage=0.05


Tree=172
num_leaves=31
num_cat=0
split_feature=31 17 23 26 3 21 12 47 1 44 12 3 6 47 40 45 7 26 27 5 5 26 31 48 39 21 27 7 39 38
split_gain=0.0475217 0.0529284 0.0411433 0.0448024 0.0442719 0.0377904 0.0388146 0.0347678 0.0336095 0.0302877 0.0291675 0.0252606 0.0229481 0.020956 0.0296108 0.020265 0.0196299 0.0171689 0.0163216 0.0159904 0.0148545 0.0160577 0.0136759 0.0114965 0.0113093 0.0112961 0.00973814 0.0101725 0.00583082 0.00236686
threshold=0.62456980347633373 -0.6825551688671111 1.0000000180025095e-35 0.42225608229637152 -0.21547699719667432 -2.6373654603958125 -0.88527554273605336 0.39009769260883337 -1.5485765337944029 2.6576768159866337 -0.954858899116516 0.022919451817870144 -1.429795980453491 -1.3207525014877317 0.011687966063618662 -0.88951760530471791 0.69899639487266552 -0.2563819140195846 0.78513056039810192 -0.052216107025742524 0.54901859164237987 -0.68713214993476857 -0.19381336122751233 1.4332211613655093 -0.092016257345676408 0.13607347756624225 -0.39831267297267908 0.81781020760536205 0.22739435732364657 -0.67140573263168324
decision_type=2 2 2 2 2 2 2 2 2 2 2 2 2 2 2 2 2 2 2 2 2 2 2 2 2 2 2 2 2 2
left_child=1 7 3 4 19 16 10 8 -1 -8 -7 20 -4 -5 24 18 23 -12 -14 -2 21 -6 -10 -3 -15 -24 -17 28 -28 -21
right_child=2 5 12 13 11 6 9 -9 22 -11 17 -13 15 14 -16 26 -18 -19 -20 29 -22 -23 25 -25 -26 -27 27 -29 -30 -31
leaf_value=-0.032523947844477666 0.014422002789885025 -0.05008849613591191 -0.03393314245498194 0.047042255292137625 0.037812576312253376 -0.050093070387150641 -0.050160542588071601 -0.050122989602537318 0.043273689789506672 0.037591150919989741 -0.050079296473680507 -0.050106081242128869 -0.034038282815976685 0.050025650743678554 -0.050200710304202312 -0.0071152406818569269 0.050185219767140278 0.040143198666236439 0.024323598170240011 -0.016767325978949241 0.047761081772747821 -0.050120510228315818 0.03087441461737413 0.025904077244400116 -0.016986065630664411 -0.022678817266156559 0.044914501770098952 0.0029854322625450344 0.019496060603973714 -0.050326406084759301
leaf_weight=0.025135299547400791 0.01160834300389979 0.011577951721847057 0.015831443597562611 0.04851744016923476 0.010405546374386176 0.018203956668003229 0.16008194625828764 0.020168942482996499 0.078389460541075096 0.010476756859134184 0.0062393606422119765 0.013138011549017392 0.021162916731555015 0.021692901063943282 0.018042850366327912 0.013043394399574026 0.022781530395150185 0.034043074167129816 0.027607309981249273 0.0056240033300127825 0.033497494463517796 0.010361720451328438 0.022403380717150867 0.0087293794495053589 0.0088708239782135934 0.017568829338415526 0.15352112356049474 0.019303662222228013 0.026448628523212392 0.079867377175105503
leaf_count=10 11 18 6 15 11 59 597 61 26 11 27 29 15 20 32 16 2 23 8 4 20 17 5 4 17 17 84 19 13 92
internal_value=0.00115263 -0.0111225 0.0110859 -0.00313228 -0.0190308 -0.0246357 -0.0327172 0.0113464 0.0199862 -0.0447703 0.00243207 0.012102 0.0245189 0.0237956 0.000591632 0.0280633 0.0183226 0.0261686 -0.00100144 -0.0406419 0.0271632 -0.00606118 0.0311372 -0.0174221 0.0305762 0.00733637 0.0347396 0.0374792 0.041179 -0.0481187
internal_weight=0.974345 0.4358 0.538545 0.261627 0.164502 0.272134 0.229045 0.163666 0.143497 0.170559 0.0584864 0.0674028 0.276918 0.097124 0.0486066 0.261087 0.0430889 0.0402824 0.0487702 0.0970997 0.0542648 0.0207673 0.118362 0.0203073 0.0305637 0.0399722 0.212317 0.199273 0.17997 0.0854914
internal_count=1289 860 429 268 184 741 717 119 58 608 109 77 161 84 69 155 24 50 23 107 48 28 48 22 37 22 132 116 97 96
is_linear=0
shrinkage=0.05


Tree=173
num_leaves=31
num_cat=0
split_feature=42 48 44 47 2 0 2 7 4 1 37 26 26 47 26 44 10 43 23 48 16 12 46 23 39 23 42 40 47 31
split_gain=0.0429853 0.0426595 0.0351827 0.031574 0.0306537 0.0311533 0.033276 0.044722 0.0494142 0.0317163 0.0276494 0.0256662 0.0323818 0.0248626 0.0245555 0.0246369 0.0291381 0.0229002 0.019624 0.0177019 0.0155316 0.0126651 0.0124314 0.0164029 0.0104329 0.0104088 0.0246607 0.00894271 0.0277246 0.00778226
threshold=0.88679862022399913 1.7440409660339358 -1.1706720590591428 -1.3250104784965513 -0.79574707150459278 -1.1447061896324155 -0.78800195455551136 0.65939167141914379 -0.016414724290370938 1.0060949921607973 0.39027780294418341 -0.024377115070819851 -1.0027099847793577 0.5660575032234193 -0.60368749499320973 -0.11066039651632308 0.16761298477649691 1.1764016747474673 -0.62006303668022145 -0.78984868526458729 -0.36438114941120142 -0.97528576850891102 -1.1418157219886778 -0.27751887589693064 -0.38110910356044764 1.3666933178901675 0.90001326799392711 0.079277347773313536 -1.547881484031677 0.63685420155525219
decision_type=2 2 2 2 2 2 2 2 2 2 2 2 2 2 2 2 2 2 2 2 2 2 2 2 2 2 2 2 2 2
left_child=1 4 -3 11 -1 -6 -7 8 9 13 17 12 -4 27 15 -9 -17 18 -2 -10 -14 -16 23 -23 -15 -20 -27 -8 -29 -13
right_child=10 2 3 -5 5 6 7 14 19 -11 -12 29 20 24 21 16 -18 -19 25 -21 -22 22 -24 -25 -26 26 -28 28 -30 -31
leaf_value=-0.050110877199531847 -0.009009249480311737 -0.050214398908473949 0.04895592413287872 -0.039958458098855107 0.048137633669510599 0.043667635680902074 0.04472304110464248 -0.050076260271973275 0.05002646130939703 -0.050221442000494582 -0.029977780491353287 0.021122047468569664 0.024640778435748634 0.050047577977383607 0.0084303933685994561 0.042674060031182265 -0.050461285778296429 -0.017305876653688827 0.0491234023728137 -0.050165525219831086 -0.050232929277290499 -0.050234666682296661 -0.049054160025409042 0.022162471700038676 -0.050032021278734767 -0.027103692105085338 0.050032143744421387 0.042336922616904873 -0.050065217032629394 0.049665689974713337
leaf_weight=0.044092263495258521 0.022500412887893617 0.018178256475948729 0.021577907493337989 0.018326425342820585 0.024703944800421596 0.0276160132343648 0.076994227656541625 0.018215618361864472 0.0049186999094672492 0.014928142121789278 0.022565719089470804 0.032746165714343078 0.0096284763276344165 0.0032329992391169063 0.013597438421129482 0.033039218196790898 0.011259998409514083 0.024128951888997108 0.11079553960007615 0.042504624168941518 0.024679064001247752 0.015531251370703103 0.12317179015371948 0.015765781965455972 0.013386307131440844 0.016853387700393796 0.026900704018771648 0.027861769922310486 0.01145558326606988 0.088192504335893318
leaf_count=139 15 25 4 44 13 14 34 81 4 39 17 22 6 1 16 32 23 19 58 106 26 26 290 10 115 5 19 11 40 22
internal_value=0.00331283 -0.00252425 0.0163158 0.022513 -0.0102196 -0.00654136 -0.00952008 -0.0129691 0.00463747 0.0188816 0.0225034 0.0289877 0.000964793 0.0266419 -0.0278804 -0.00112688 0.0190009 0.02839 0.0346176 -0.0397737 -0.0292195 -0.0378318 -0.0419042 -0.0137648 -0.0305633 0.0409691 0.0203206 0.0348157 0.0154144 0.041937
internal_weight=0.959349 0.735604 0.213329 0.195151 0.522276 0.478183 0.453479 0.425863 0.195282 0.147859 0.223745 0.176824 0.0558854 0.132931 0.230581 0.0625148 0.0442992 0.201179 0.17705 0.0474233 0.0343075 0.168066 0.154469 0.031297 0.0166193 0.15455 0.0437541 0.116312 0.0393174 0.120939
internal_count=1276 1143 149 124 994 855 842 828 350 240 133 80 36 201 478 136 55 116 97 110 32 342 326 36 116 82 24 85 51 44
is_linear=0
shrinkage=0.05


Tree=174
num_leaves=31
num_cat=0
split_feature=39 49 16 5 47 17 24 33 48 48 3 5 0 20 2 31 26 1 30 5 48 20 9 44 15 23 1 21 16 11
split_gain=0.0477508 0.0372847 0.0312283 0.0390834 0.0294355 0.0278363 0.0296461 0.0213265 0.0211689 0.029044 0.0210924 0.046677 0.0330622 0.0279157 0.0487276 0.0271711 0.0243465 0.0225879 0.0234921 0.0218138 0.0210111 0.0209915 0.0276882 0.0127765 0.00870291 0.00733852 0.0208252 0.00583123 0.00930745 0.00302938
threshold=0.71797394752502453 1.4425713419914248 1.8046088218688967 1.0299929380416872 0.53316301107406627 -0.77048379182815541 -0.65808051824569691 -1.0237858295440672 -0.80701717734336842 -0.7940516173839568 -0.30764582753181452 0.39020915329456335 1.216885566711426 -1.5340092778205869 0.10631738603115083 -1.4177814722061155 -1.0220741629600523 1.0946465134620669 0.10771434009075166 0.78052407503128063 -0.72136184573173512 0.82934471964836132 0.42359159886837011 -0.35053831338882441 -1.3080614805221555 -0.62006303668022145 1.3189726471900942 0.48621156811714178 -0.10870881378650664 1.5152243971824648
decision_type=2 2 2 2 2 2 2 2 2 2 2 2 2 2 2 2 2 2 2 2 2 2 2 2 2 2 2 2 2 2
left_child=1 2 3 4 5 -1 -7 -5 -8 -10 11 15 13 23 17 -11 -17 18 20 -16 -15 -9 -23 -12 -6 26 -18 -20 29 -29
right_child=-2 -3 -4 7 24 6 8 21 9 10 12 -13 -14 14 19 16 25 -19 27 -21 -22 22 -24 -25 -26 -27 -28 28 -30 -31
leaf_value=-0.050343289091879767 -0.050087794048155998 -0.050078196290772259 -0.050255153131899016 -0.020718874109629498 0.050018039378448967 -0.050103579115825109 0.044660142354878807 0.046701279329924981 -0.043344213280744698 -0.050184162082109809 0.002874110719115142 -0.05017536239712992 -0.050310465800443516 0.031850671553360181 -0.050228512667574013 -0.05006695434279388 -0.050083051729858476 -0.031809813362601989 0.044942600026508316 0.011333259906915987 -0.050098071475504262 -0.05019436529860747 0.03982762142644318 0.049494991832894436 -0.050066043774186719 0.043396272515004067 0.050188526034730702 0.0074151144589646376 0.036239854297224074 -0.050141806347445944
leaf_weight=0.020526474108919501 0.038538909881026484 0.027952505530265626 0.021969860757963033 0.017851871030870825 0.0023471015156246713 0.020611768650269369 0.043049556319601834 0.12283150959410705 0.025986056636611465 0.0097920714615611359 0.021130463457666337 0.019609016526374035 0.026904921538516646 0.014112256139924284 0.054780525701062288 0.0079650077459518798 0.0082985277076659258 0.021457571194332559 0.063127170993539039 0.019516068801749498 0.017547564046253683 0.014464664993283805 0.020859145202848595 0.048258073162287474 0.029127197598427301 0.14767716859205393 0.013771003286819905 0.004229549304000102 0.021862269299163017 0.0049753341736504808
leaf_count=11 226 90 47 13 2 41 30 81 19 13 13 28 35 9 62 26 35 19 20 9 57 30 23 20 215 78 2 12 10 8
internal_value=0.00440407 0.00675683 0.00859423 0.0101285 0.00459567 0.0069344 0.00884717 0.0310853 0.0108926 0.00825434 0.0108083 0.0232245 0.00271908 0.00762208 -0.00104357 0.0309006 0.0353684 0.015607 0.0236914 -0.0340576 -0.0135697 0.0369328 0.00296473 0.0352978 -0.0426026 0.0393773 0.0124847 0.0362153 0.0184818 -0.023695
internal_weight=0.931131 0.892592 0.86464 0.84267 0.666663 0.635188 0.614662 0.176007 0.59405 0.551001 0.525015 0.207113 0.317902 0.290997 0.221608 0.187504 0.177712 0.147312 0.125854 0.0742966 0.0316598 0.158155 0.0353238 0.0693885 0.0314743 0.169747 0.0220695 0.0941943 0.0310672 0.00920488
internal_count=1284 1058 968 921 774 557 546 147 505 475 456 182 274 239 206 154 141 135 116 71 66 134 53 33 217 115 37 50 30 20
is_linear=0
shrinkage=0.05


Tree=175
num_leaves=31
num_cat=0
split_feature=49 42 24 48 49 36 37 0 18 45 26 17 2 48 0 30 43 17 40 27 43 48 43 4 6 33 4 35 0 45
split_gain=0.0374935 0.0368871 0.0339698 0.0264314 0.0333295 0.053556 0.0325517 0.0376306 0.029703 0.0253713 0.0253449 0.0241895 0.0203897 0.031318 0.0288179 0.0203002 0.0175527 0.0172938 0.0256874 0.0183092 0.0307405 0.0155276 0.0103938 0.0145037 0.0103583 0.00871297 0.0170037 0.00821203 0.00642117 0.00505916
threshold=1.4425713419914248 0.89384356141090404 -0.6576903462409972 1.7440409660339358 -0.71492916345596302 0.9899924397468568 1.0455961823463442 -0.71849629282951344 -1.5599578022956846 1.3800104260444643 0.51030510663986217 0.75990301370620739 1.6319916844367983 1.5526217222213747 -0.43119619786739344 -1.1882336139678953 0.77968916296958934 -0.69851142168045033 -1.1676992774009702 -0.32174801826477045 1.0051411390304568 -0.7824108600616454 0.43563264608383184 -0.17899856716394422 1.0000000180025095e-35 0.53509029746055614 -0.10954743251204489 -0.13273244351148603 -1.1327579617500303 -0.63810029625892628
decision_type=2 2 2 2 2 2 2 2 2 2 2 2 2 2 2 2 2 2 2 2 2 2 2 2 2 2 2 2 2 2
left_child=1 2 -1 4 8 -6 7 10 16 12 -5 17 13 14 -7 -3 -4 18 -10 20 28 -13 23 -21 -9 26 -16 -17 -19 -24
right_child=-2 15 3 6 5 9 -8 24 11 -11 -12 21 -14 -15 25 27 -18 19 -20 22 -22 -23 29 -25 -26 -27 -28 -29 -30 -31
leaf_value=-0.050108602996421982 -0.050079953941792633 -0.012641743725628058 -0.050206673927221349 -0.0136698120906707 -0.050097590804016878 -0.050253618196175458 0.045695507323024888 -0.050175438267063999 0.045812746766477612 -0.050338166250508402 0.043931422076315868 0.050012657926032038 0.048136422602515959 -0.050337909654348249 -0.050170432717850703 0.04807783021227343 0.014248510723338895 0.050025490253332396 -0.050447453273848378 0.036068078672231191 0.033465548462052852 -0.050082897614927194 0.016389953599411627 -0.050091348859438695 0.024730384856634438 0.041022349668337336 0.050122327973822406 0.017292366231324328 -0.05008169905041792 0.045131972922812597
leaf_weight=0.029611082645715214 0.030094431942416122 0.022170970507431775 0.02981325333530549 0.030381222659343621 0.075784110649692593 0.01379652383911889 0.076478829607367516 0.030504973419738235 0.01107075423351489 0.020283790421672165 0.051416918715403881 0.0048045283183455459 0.02734001015778631 0.024035228769207606 0.0086242373654386029 0.080525694414973259 0.016357979940949008 0.0017334247240796677 0.018531983747379854 0.012634549239010084 0.031978305200027535 0.020015284881083062 0.017831350887718145 0.0079627688428445254 0.0054379911307478315 0.045395544111670461 0.0082871038466691971 0.029633751342771575 0.02110473254651879 0.10829021504832781
leaf_count=94 97 9 26 16 381 8 27 59 6 10 15 6 10 20 19 76 8 1 23 9 18 104 25 23 5 17 1 19 85 57
internal_value=0.00480056 0.00667347 0.00237657 0.00453541 -0.00128808 -0.0159246 0.0202973 0.00379983 0.00954154 0.00160198 0.0225373 0.0162 0.00986644 -0.000582086 0.015132 0.0310107 -0.0273709 0.0212369 -0.0144483 0.0264786 0.00182292 -0.0307068 0.0356903 0.00275949 -0.0388426 0.0296102 -0.00102374 0.0397963 -0.0424835 0.0410684
internal_weight=0.911932 0.881837 0.749507 0.719896 0.525676 0.223547 0.19422 0.117741 0.302129 0.147762 0.0817981 0.255958 0.127479 0.100139 0.0761034 0.13233 0.0461712 0.231138 0.0296027 0.201535 0.0548165 0.0248198 0.146719 0.0205973 0.035943 0.0623069 0.0169113 0.110159 0.0228382 0.126122
internal_count=1274 1177 1073 979 857 466 122 95 391 85 31 357 75 65 45 104 34 247 29 218 104 110 114 32 64 37 20 95 86 82
is_linear=0
shrinkage=0.05


Tree=176
num_leaves=31
num_cat=0
split_feature=39 49 29 10 20 3 30 30 20 2 42 43 43 23 26 3 0 22 21 48 5 0 47 34 13 5 16 43 22 36
split_gain=0.0350948 0.0402681 0.0397736 0.0367759 0.0291766 0.0324168 0.0310045 0.0303882 0.0287663 0.0259881 0.0259107 0.0292784 0.0288184 0.0252507 0.0243939 0.0381576 0.0192863 0.0192267 0.0194254 0.0171128 0.0117335 0.00947155 0.0073596 0.0196534 0.00574278 0.00510036 0.00327984 0.0136559 0.00320346 0.00272043
threshold=-0.11596874147653578 1.4425713419914248 0.90503448247909557 -1.206772446632385 -1.7382279038429258 -0.2802016139030456 -1.421151280403137 0.27287293970584875 -0.38261890411376948 3.3320112228393559 0.88679862022399913 0.92544731497764599 1.0144147872924807 1.0000000180025095e-35 0.42225608229637152 -0.21547699719667432 -0.48723293840885157 -0.90595737099647511 0.55320230126380932 -0.68895417451858509 0.29434297978878027 -1.1254693269729612 0.38242745399475103 -0.79661867022514332 -0.22997470945119855 0.12956382334232333 0.28791455924510961 0.99551600217819225 1.5688381791114809 -1.3560975790023801
decision_type=2 2 2 2 2 2 2 2 2 2 2 2 2 2 2 2 2 2 2 2 2 2 2 2 2 2 2 2 2 2
left_child=1 2 3 -1 -5 6 -6 9 29 -7 11 -2 26 14 15 19 -10 -9 -19 -4 -16 -14 28 -24 -20 -15 27 -13 -18 -8
right_child=10 -3 13 4 5 7 8 17 16 -11 -12 12 21 25 20 -17 22 18 24 -21 -22 -23 23 -25 -26 -27 -28 -29 -30 -31
leaf_value=-0.050222865251393523 -0.05007704046496439 -0.050080069585710096 0.014654577915129681 0.038907260098379456 -0.050218050481991863 -0.050199693402555361 -0.00033669160534910062 -0.050197036650434124 -0.050094271180133522 0.03588898145637287 0.017752179611572837 -0.050097065610160779 0.050038596274166958 0.025738076977276841 -0.017903144066617097 0.044385304675965187 0.048998768781206306 0.043836577544131637 0.02541944920150593 -0.050347751777439165 0.039686725314148609 -0.050160480864115023 0.0500456068268125 -0.050052052010860673 -0.0501820634264891 0.047102143007978464 0.0477838185863226 0.04738068757260501 0.02848888462005586 -0.050083744509379836
leaf_weight=0.030926526364055462 0.064609025208483217 0.026425886375363916 0.013954018679214641 0.058364977972814813 0.015870903982431628 0.065617415748420171 0.003519559424603357 0.010831606894498691 0.006734240127116208 0.010118216232513078 0.044053850084310398 0.0053375839161162722 0.0026235186960548154 0.037865540536586195 0.010198691321420483 0.023627652801224031 0.065370801323297201 0.033305882272543386 0.0034767610377457467 0.036901158513501287 0.066613834838790353 0.023346449132077396 0.012209016131237148 0.0081955149435088987 0.009051234221260529 0.10653988004196435 0.01521589616095298 0.01099234164939844 0.02686163320322521 0.012538695722469129
leaf_count=49 467 84 11 17 16 116 3 6 18 6 19 24 1 14 9 20 20 12 6 35 44 74 4 38 19 70 7 8 19 25
internal_value=0.00552194 0.0104568 0.0128491 0.00199162 0.00671237 8.90262e-05 0.0158997 -0.0179785 0.023648 -0.0386983 -0.0151203 -0.0269783 -0.00103086 0.0265446 0.0122702 -0.00811838 0.0320999 0.00971436 0.0238728 -0.0325119 0.0320403 -0.0400382 0.0370141 0.00984121 -0.0292012 0.0415001 0.0310818 0.0155192 0.0430255 -0.0391805
internal_weight=0.861298 0.69512 0.668694 0.372993 0.342066 0.283701 0.1513 0.132401 0.135429 0.0757356 0.166179 0.122125 0.0575158 0.295701 0.151295 0.0744828 0.119371 0.0566655 0.0458339 0.0508552 0.0768125 0.02597 0.112637 0.0204045 0.012528 0.144405 0.0315458 0.0163299 0.0922324 0.0160583
internal_count=1261 661 577 374 325 308 143 165 127 122 600 581 114 203 119 66 99 43 37 46 53 75 81 42 25 84 39 32 39 28
is_linear=0
shrinkage=0.05


Tree=177
num_leaves=31
num_cat=0
split_feature=42 38 33 21 18 33 6 20 4 25 30 1 10 43 46 7 20 15 24 20 16 24 36 5 39 46 37 32 5 45
split_gain=0.0377724 0.0519712 0.0353185 0.0324675 0.0290889 0.0253686 0.0261742 0.0338326 0.038018 0.0298516 0.0344403 0.0301184 0.0311765 0.0194385 0.0176989 0.0173311 0.0158761 0.015429 0.0133936 0.0121426 0.0111945 0.0101579 0.00912353 0.00661617 0.00584019 0.0130232 0.00540564 0.00412915 0.00386987 0.00301146
threshold=0.87939563393592846 -0.63768762350082386 -0.24301508814096448 -1.7156569957733152 -0.97358700633049 1.8478607535362246 -0.34249620139598841 -0.83950874209403981 -0.17896558344364163 0.74238306283950817 0.27287293970584875 -0.08225193619728087 0.68514671921730053 1.1346733570098879 -1.1303544640541074 -1.1030138731002805 0.60624644160270702 -1.389630854129791 1.0000000180025095e-35 0.28176815807819372 -0.53829380869865406 -0.61955273151397694 0.11312000453472139 2.0803955793380742 0.084004856646060957 1.8699263930320742 1.0455961823463442 0.20036703348159793 0.19726437330245974 -0.88951760530471791
decision_type=2 2 2 2 2 2 2 2 2 2 2 2 2 2 2 2 2 2 2 2 2 2 2 2 2 2 2 2 2 2
left_child=1 3 13 4 -1 6 9 28 14 10 -3 -12 26 16 -9 24 22 -15 27 -10 -16 -17 -2 -5 -11 -26 -13 -14 -8 -21
right_child=2 5 -4 23 -6 -7 7 8 19 15 11 12 18 17 20 21 -18 -19 -20 29 -22 -23 -24 -25 25 -27 -28 -29 -30 -31
leaf_value=-0.050120191753738885 0.049829447989887671 -0.050103629513373653 -0.050144246160394472 -0.050079018276132217 0.043711729147358491 -0.050235297723400879 0.02603638718699346 0.02054582969279084 -0.012012572916423924 0.048563387569594357 0.041900696966492394 -0.050214691927984861 0.024938501079706962 0.033809750211979281 0.050046901207024631 0.050049459832240843 0.011419560909098221 -0.050199875086953262 0.050038359130251786 0.049685335748867285 -0.047119090187531833 -0.050102737048038352 0.010208308095333338 -0.0014141124189056122 -0.050054535355372604 0.050119902413484178 -0.0024163870251478542 -0.050108891018110883 0.049826537368704966 0.025719566728381989
leaf_weight=0.012885261108749546 0.10223086728365161 0.050124744793720311 0.01547005602333229 0.084298520043375902 0.023009003438346554 0.019359471210918855 0.022865055303554982 0.016168157748325029 0.013959330837678863 0.036594288434571354 0.03071692282173899 0.037806362670380622 0.0026874073373619467 0.0093387242231983691 0.0031868184451013795 0.0033604269847273835 0.053535421466222033 0.013177136643207632 0.018028926773695275 0.03318363909056643 0.0424472802078526 0.0102667798892071 0.016936537373112515 0.0076150807435624293 0.0054018013033783072 0.0081238588318228722 0.0070122168108355245 0.0057640443883428816 0.067726070148637518 0.021666461438144324
leaf_count=16 77 193 15 446 10 28 17 14 11 13 24 56 4 12 1 1 19 12 12 7 93 37 10 12 38 1 7 18 24 26
internal_value=0.00442799 -0.00211696 0.0225777 -0.0302986 0.0100281 0.00577402 0.00825477 0.0203424 0.00405711 -0.0041304 -0.0161655 0.000509816 -0.0173221 0.0283405 -0.0244069 0.0245928 0.0340374 -0.0153559 0.0256918 0.0296225 -0.0403336 -0.0254055 0.0441983 -0.0460471 0.0381869 0.0101128 -0.0427363 -0.0262452 0.0438219 0.0402186
internal_weight=0.794947 0.584258 0.210689 0.127808 0.0358943 0.45645 0.437091 0.221203 0.130612 0.215888 0.152141 0.102016 0.071299 0.195219 0.0618023 0.0637472 0.172703 0.0225159 0.0264804 0.0688094 0.0456341 0.0136272 0.119167 0.0919136 0.0501199 0.0135257 0.0448186 0.00845145 0.0905911 0.0548501
internal_count=1254 1109 145 484 26 625 597 193 152 404 314 121 97 130 108 90 106 24 34 44 94 38 87 458 52 39 63 22 41 33
is_linear=0
shrinkage=0.05


Tree=178
num_leaves=31
num_cat=0
split_feature=39 36 33 10 48 0 25 1 48 47 15 33 32 2 48 39 5 39 15 0 38 5 14 34 11 22 4 15 31 4
split_gain=0.0382297 0.0452576 0.0294473 0.025008 0.0230816 0.0252755 0.0227512 0.0219846 0.0247027 0.0269517 0.0213413 0.0203239 0.0201345 0.0246033 0.0254776 0.0258152 0.0187939 0.0182715 0.0179848 0.0203669 0.0226322 0.0176163 0.0150858 0.0174277 0.0142229 0.014213 0.0126364 0.0115238 0.0106034 0.013364
threshold=-0.11596874147653578 -1.5439995527267454 1.6051961183547976 -1.2520264387130735 -0.80836397409439076 -1.1327579617500303 -1.0976535677909849 1.2631905078887942 1.7605182528495791 -1.4171867370605467 -1.234529376029968 1.1064780354499819 0.95413529872894298 1.1360510587692263 1.5677182078361513 -0.28903104364871973 -1.422717213630676 -0.11692673712968825 -1.0499203801155088 -0.76311185956001271 -0.66989669203758229 1.1484894156455996 0.18842786550521853 -0.34827230870723719 -0.6382596194744109 -1.4047946929931638 -0.17899898439645764 0.39040160179138189 1.3674087524414065 -0.17899902909994123
decision_type=2 2 2 2 2 2 2 2 2 2 2 2 2 2 2 2 2 2 2 2 2 2 2 2 2 2 2 2 2 2
left_child=2 28 3 21 -5 -6 10 8 11 -10 -3 12 13 14 15 16 -7 26 -18 -20 -21 -1 23 -22 -9 -8 -17 -11 29 -2
right_child=1 6 -4 4 5 7 25 24 9 27 -12 -13 -14 -15 -16 17 18 -19 19 20 22 -23 -24 -25 -26 -27 -28 -29 -30 -31
leaf_value=-0.050115694906593844 0.050088528004988989 0.050076500240536892 -0.041974906964979915 0.044826479335276385 0.048621601599981225 -0.050246953551126586 0.017920537468370867 0.040478731612009079 0.038639032142784371 0.050022174538058621 -0.050070502195270206 -0.050109293877571716 -0.05012777607682635 0.043170228607383836 -0.050335742318482292 0.022797559013768842 0.050049828132748699 0.050064464910652473 -0.05023814842779542 -0.050136990593478738 0.050099983652581281 0.050078390793501321 0.035791885116696252 -0.050147060558377754 -0.045457533634031599 -0.050134417678774947 -0.041737175658057568 -0.050098998929806626 0.050071544119599298 -0.050049210938826173
leaf_weight=0.025013353126269067 0.0060053933411836624 0.013914250303059816 0.02662838655669475 0.055077882425393909 0.040835058345692232 0.0096083833268494345 0.0084180627382011153 0.0057939492689911267 0.10863513550793868 0.0036508185439743093 0.0086123009132279549 0.016834974325320218 0.015061439873534255 0.045060942691634409 0.02051912229944719 0.0091570622098515742 0.0416603097692132 0.0080698963720351458 0.011870861264469568 0.010754253227787558 0.0067795068025588981 0.005320092197507619 0.079474917565676151 0.01202627216844121 0.028490144355600933 0.086557706286839675 0.044194640246132622 0.013506682513252599 0.023677942575886846 0.0074839654771494679
leaf_count=62 1 4 42 41 35 7 14 4 38 3 32 42 27 52 17 9 25 2 11 10 1 1 39 33 37 508 76 56 8 38
internal_value=0.00414572 -0.0181761 0.00950654 0.0117269 0.0140144 0.0108243 -0.0333875 0.00768177 0.0105796 0.0294414 0.0117885 0.00341299 0.00628039 0.00912015 0.00308223 0.00777447 0.0177022 -0.0200546 0.0217183 0.0119562 0.0187274 -0.032543 0.0262628 -0.0140079 -0.0309345 -0.0441024 -0.0306607 -0.028795 0.0299141 -0.0054684
internal_weight=0.798694 0.15467 0.644024 0.617396 0.587062 0.531984 0.117502 0.491149 0.456865 0.125793 0.0225266 0.331073 0.314238 0.299176 0.254115 0.233596 0.172175 0.0614216 0.162566 0.120906 0.109035 0.0303334 0.0982807 0.0188058 0.0342841 0.0949758 0.0533517 0.0171575 0.0371673 0.0134894
internal_count=1275 605 670 628 565 524 558 489 448 97 36 351 309 282 230 213 126 87 119 94 83 63 73 34 41 522 85 59 47 39
is_linear=0
shrinkage=0.05


Tree=179
num_leaves=31
num_cat=0
split_feature=49 31 39 10 16 46 32 21 15 39 22 0 46 1 35 20 47 15 46 15 2 40 4 15 14 9 15 40 0 37
split_gain=0.0285735 0.0269373 0.0407736 0.0222123 0.0212993 0.0242502 0.0208862 0.0234566 0.0307223 0.0307062 0.0302912 0.0223343 0.020485 0.0204577 0.0157136 0.0335087 0.0149652 0.0153244 0.0138556 0.0252693 0.0125674 0.0119139 0.0314275 0.0123839 0.0116915 0.00990452 0.00651156 0.00346062 0.0106221 0.00496205
threshold=1.4425713419914248 1.3674087524414065 0.13741016387939456 -1.2267066836357114 2.1000061035156254 -1.1418157219886778 0.95413529872894298 -0.78898501396179188 0.88050550222396862 -0.20365498214960095 1.9760470390319826 1.3981734514236452 -0.90581583976745594 0.65454378724098217 0.49367247521877294 -1.8196462988853452 0.53816610574722301 -1.1838575005531309 -0.40250895917415613 -1.0499203801155088 0.46331439912319189 -0.25279250741004938 -0.17898967117071149 0.58684217929840099 -0.70899793505668629 -1.0259265303611753 -1.4931721687316892 0.088583126664161696 0.62821772694587719 1.0411947369575503
decision_type=2 2 2 2 2 2 2 2 2 2 2 2 2 2 2 2 2 2 2 2 2 2 2 2 2 2 2 2 2 2
left_child=1 2 3 -1 5 13 7 8 14 10 11 18 -10 -3 -5 -16 21 -18 27 -20 -12 -7 24 -24 -23 -21 -11 -9 29 -29
right_child=-2 4 -4 6 -6 16 -8 9 12 26 20 -13 -14 -15 15 -17 17 -19 19 25 -22 22 23 -25 -26 -27 -28 28 -30 -31
leaf_value=-0.050069601324644435 -0.050068644206520331 0.045904598577684114 -0.050096559822876252 0.042761621565296781 -0.050287103741033151 0.044287799623510204 -0.043545914994944285 0.048179078416820849 0.028481495380732975 0.050025022190234497 -0.05014850822457189 -0.050204129948287907 -0.050198513196795164 -0.050379396577632157 0.050122531265385045 -0.024337170437236245 0.05002918608538523 -0.050075118680794818 0.046426048610382332 0.050042161527265899 0.0057216924190318557 0.026751862625536499 0.048337539048803474 0.014754191552240399 -0.043413706006448081 -0.050073987081776142 -0.050135263950502711 -0.05005378327074661 0.043599375549868251 0.026436581576121623
leaf_weight=0.018933678067696746 0.023667438970733201 0.0076327339629642657 0.039659595164266648 0.094744753008853877 0.010974117220030166 0.083512688550399616 0.02076641500389087 0.038594467914663255 0.013043179074884392 0.001701878383755683 0.02831505507856491 0.01082833090913482 0.022618785016675247 0.019900762126781046 0.028171209851279855 0.032588659465545788 0.005589253327343612 0.012098954615794355 0.016619639747659676 0.0028652704786509267 0.015616492688423023 0.0081037737909355201 0.059432344685774297 0.051011689778533764 0.022203641237865668 0.017925167219800642 0.034871166812081356 0.0054696911538485438 0.0236398371271207 0.0034624070394784212
leaf_count=49 93 13 359 40 7 78 34 16 9 1 62 15 23 20 4 18 7 49 11 1 15 11 19 18 32 68 164 20 12 3
internal_value=0.00402393 0.00572887 -0.00158324 0.00288316 0.017994 0.0207746 0.00531757 0.00791225 0.0204345 -0.00406236 0.00521032 0.018271 -0.0214217 -0.0236879 0.0300334 0.0101859 0.0258343 -0.0184434 0.0251 0.000464686 -0.0302881 0.0293265 0.0204495 0.0328261 -0.0246524 -0.0362763 -0.0454744 0.03805 0.0260481 -0.0204033
internal_weight=0.774563 0.750896 0.470436 0.430776 0.28046 0.269486 0.411842 0.391076 0.191167 0.199909 0.163336 0.119405 0.035662 0.0275335 0.155505 0.0607599 0.241952 0.0176882 0.108576 0.0374101 0.0439315 0.224264 0.140751 0.110444 0.0303074 0.0207904 0.036573 0.0711664 0.0325719 0.0089321
internal_count=1271 1178 924 565 254 247 516 482 94 388 223 146 32 33 62 22 214 56 131 80 77 158 80 37 43 69 165 51 35 23
is_linear=0
shrinkage=0.05


Tree=180
num_leaves=31
num_cat=0
split_feature=29 21 15 39 40 49 39 43 17 17 1 33 15 5 31 23 46 40 46 16 34 5 33 2 25 0 3 12 34 33
split_gain=0.0305487 0.0341005 0.0381623 0.0276143 0.029808 0.0232123 0.0288764 0.0391359 0.0226393 0.0187711 0.0187303 0.0186755 0.0189983 0.0298916 0.0178576 0.0169396 0.0152799 0.0260369 0.0145619 0.0201136 0.0140688 0.0274881 0.0133577 0.010148 0.0134483 0.0088271 0.00548385 0.0127175 0.00184192 0.0038442
threshold=0.90503448247909557 -0.78898501396179188 0.85531920194625866 -0.22469491511583325 0.079277347773313536 1.4200972914695742 -0.28631144762039179 0.90307927131652843 4.1232662200927743 -0.77048379182815541 -0.50302094221115101 0.71396759152412426 0.43996872007846838 0.63179677724838268 0.42117622494697576 -0.071992371231317506 0.36825507879257208 -0.4727033525705337 -0.0065382516477257005 -0.082239359617233262 -0.89068469405174244 1.921153783798218 0.9392320215702058 -0.32257366180419916 0.22947910428047183 -0.90653789043426503 -0.28264272212982172 1.526130795478821 -0.044676424935460084 0.55278104543685924
decision_type=2 2 2 2 2 2 2 2 2 2 2 2 2 2 2 2 2 2 2 2 2 2 2 2 2 2 2 2 2 2
left_child=1 2 9 4 23 6 11 16 -4 -1 14 28 -13 -14 25 22 -8 -18 26 -20 21 -9 -11 24 -3 -6 -17 -28 -2 -30
right_child=5 3 8 -5 10 -7 7 20 -10 15 -12 12 13 -15 -16 18 17 -19 19 -21 -22 -23 -24 -25 -26 -27 27 -29 29 -31
leaf_value=-0.05036596543757154 0.050026839237313471 0.026613072824207412 -0.050142725928978629 -0.050122484701126596 0.050037906858343667 -0.05008601778317219 -0.049119934823842817 -0.045590677133134416 0.039211271889956649 -0.050140054690956649 -0.050093791919177767 0.043589532068729182 -0.050220252673488987 0.022118539022717758 0.037410111025982219 0.048375410630139046 0.038665165651266188 -0.05012793876855276 0.048717272992034273 -0.050057699968269392 0.045562792172757792 0.044616718081624256 0.035195162758694096 0.04257911579785794 -0.036911990768047735 -0.05009721186319769 -0.012629526547236276 0.050050998521296297 0.017398068863213541 0.050112649605862904
leaf_weight=0.0087335483403876424 0.060725013579940423 0.020275612303521484 0.0352639473931049 0.057395450705371331 0.0025769504718482486 0.013548472783440957 0.037043314689071849 0.016148260707268491 0.008872400430846028 0.012179610032035271 0.044992332068432006 0.034647704858798534 0.0216083308623638 0.0421112775511574 0.016032625884690788 0.066688524035271257 0.017845703427155968 0.015363884875114309 0.0093320725572993979 0.011511412991239922 0.039296293543884531 0.017703225952573121 0.007355085006565786 0.024566834370489232 0.014142710271698888 0.015078406191605609 0.01404302308219485 0.019097231794148684 0.015951674256939441 0.020545438514091074
leaf_count=3 78 10 62 456 1 30 107 12 7 21 166 18 14 16 9 19 11 35 4 32 16 11 4 12 13 67 16 7 20 4
internal_value=0.00343545 -0.00624204 0.00865424 -0.0209868 -0.00883955 0.0140902 0.0166551 -0.00038786 -0.0321806 0.020755 -0.0289843 0.0291505 0.0137906 -0.00241269 -0.000791338 0.0251852 -0.0270411 -0.00241354 0.0321777 -0.00583404 0.0252106 0.00158486 -0.0180102 0.0180316 0.000510215 -0.0354816 0.0401143 0.0234904 0.0446914 0.0358142
internal_weight=0.740676 0.388138 0.193077 0.195061 0.137665 0.352539 0.33899 0.143401 0.0441363 0.148941 0.0786803 0.195589 0.0983673 0.0637196 0.033688 0.140207 0.0702529 0.0332096 0.120672 0.0208435 0.0731478 0.0338515 0.0195347 0.0589852 0.0344183 0.0176554 0.0998288 0.0331403 0.0972221 0.0364971
internal_count=1281 909 175 734 278 372 342 192 69 106 243 150 48 30 77 103 153 46 78 36 39 23 25 35 23 68 42 23 102 24
is_linear=0
shrinkage=0.05


Tree=181
num_leaves=31
num_cat=0
split_feature=39 36 33 42 48 23 20 37 21 11 2 40 48 33 30 44 2 35 36 40 15 20 31 4 0 22 20 26 22 29
split_gain=0.0289467 0.0319722 0.0308695 0.02763 0.0205572 0.0298599 0.0281638 0.0209105 0.0377726 0.0199085 0.0195927 0.0177493 0.0169763 0.0354376 0.0167043 0.0166256 0.0176271 0.0266318 0.0173898 0.0232122 0.0117296 0.0113322 0.00836867 0.0117571 0.00628748 0.00516428 0.00475197 0.00634951 0.00358961 0.00318328
threshold=-0.11596874147653578 -1.5439995527267454 1.7773280739784243 0.89384356141090404 1.7605182528495791 -0.34602771699428553 -1.7021912932395933 1.0416296720504763 -0.16000325232744214 1.545999348163605 -0.80581837892532338 -1.2960213422775266 -0.64106783270835865 -0.61762711405754078 -1.1882336139678953 0.39492562413215643 -0.78800195455551136 0.56916114687919628 0.9899924397468568 0.18751855939626697 -1.4415037035942075 -0.39596268534660334 1.3674087524414065 -0.17899902909994123 -1.105155825614929 -1.1155683398246763 -0.81200775504112233 -0.024377115070819851 -0.76967781782150257 0.76063027977943432
decision_type=2 2 2 2 2 2 2 2 2 2 2 2 2 2 2 2 2 2 2 2 2 2 2 2 2 2 2 2 2 2
left_child=2 22 3 4 5 6 -1 8 -6 10 -7 -8 20 -14 -5 16 -12 18 19 21 -3 -18 23 -2 -10 -13 -9 -28 -17 -29
right_child=1 12 -4 14 7 9 11 26 24 -11 15 25 13 -15 -16 28 17 -19 -20 -21 -22 -23 -24 -25 -26 -27 27 29 -30 -31
leaf_value=0.046801506872042868 0.050076843882615518 0.050045152500933721 -0.050176783968600293 -0.0017354369199792101 0.035521654823033655 -0.050050247789931827 0.050028416959160799 0.049220104690542235 0.050024446563451078 -0.050181963239752506 0.047907143830152044 0.010267743636807419 0.034019875635669536 -0.050017603004027314 0.048082511863806132 0.011109066691074893 -0.017524607471778846 -0.050288770338651347 0.036436743728206905 -0.050134170431660401 -0.050163531462409719 0.035806554130312217 0.046007798613898532 -0.05005846487349408 -0.050172668408855925 -0.050179022744774274 0.0034688071786808843 0.024250621076533543 0.047976888312682299 0.050058125755859544
leaf_weight=0.011003912601154298 0.0052150944247841835 0.0030683986842632285 0.02100173061080568 0.022003052406944335 0.030823018845694605 0.011923958343686536 0.0051368329441174856 0.035441420419374481 0.0016626635333523146 0.013654568250785815 0.022977381027885713 0.0037557440082309759 0.026062397268105997 0.024186213986467919 0.071522610684041865 0.0079352185275638476 0.016175351236597635 0.021553673195739975 0.040300838743860368 0.01997297694106237 0.060457908019088791 0.025925895621185191 0.021576503815595061 0.0066938208183273673 0.026845367468922632 0.059710521902161418 0.020617510032025166 0.024852762333466671 0.039303790264966665 0.023012981982901692
leaf_count=6 1 1 34 9 18 36 4 15 1 19 7 9 47 333 87 6 15 21 18 53 174 12 9 35 67 166 13 13 30 7
internal_value=0.00427984 -0.015507 0.00932877 0.011576 0.00656475 -0.00121946 -0.0274557 0.0208372 -0.00284582 0.00828606 0.0121603 -0.0393665 -0.0281461 -0.00642997 0.0363622 0.0159811 0.007684 0.000226302 0.0108616 -0.00574278 -0.0453233 0.0153167 0.0274376 -0.0062077 -0.0443289 -0.046602 0.0343579 0.0266664 0.0417838 0.0366584
internal_weight=0.724374 0.14726 0.577114 0.556112 0.462586 0.299331 0.079607 0.163256 0.059331 0.219724 0.206069 0.0686031 0.113775 0.0502486 0.0935257 0.194145 0.146906 0.123929 0.102375 0.0620742 0.0635263 0.0421012 0.0334854 0.0119089 0.028508 0.0634663 0.103925 0.0684833 0.047239 0.0478657
internal_count=1266 600 666 632 536 402 185 134 86 217 198 179 555 380 96 162 126 119 98 80 175 27 45 36 68 175 48 33 36 20
is_linear=0
shrinkage=0.05


Tree=182
num_leaves=31
num_cat=0
split_feature=31 46 17 21 46 48 21 1 27 33 4 20 32 45 3 1 26 20 27 4 22 47 21 3 29 47 43 16 16 42
split_gain=0.0284447 0.0368721 0.0304952 0.032308 0.0230148 0.0227379 0.021544 0.0201899 0.0196989 0.0182547 0.0197734 0.0174603 0.0171166 0.015573 0.0167272 0.0155653 0.0149266 0.0204233 0.0159331 0.00828701 0.0156413 0.00759747 0.00662417 0.01114 0.00923304 0.00402691 0.0124914 0.0033428 0.00331058 0.00220547
threshold=1.3166425824165346 -0.74037921428680409 -0.48686565458774561 -0.96929156780242909 -1.1418157219886778 -0.80701717734336842 -1.8100361824035642 1.7343594431877138 0.553514063358307 1.7773280739784243 -0.17899895459413526 -1.6727423071861265 0.95413529872894298 -1.026177644729614 0.32842299342155462 0.64361572265625011 -0.044610053300857537 0.60325896739959728 0.99742990732193004 -0.17899896949529645 -0.38593456149101252 0.35277284681797033 -0.070004474371671663 -0.30965752899646753 1.203634560108185 0.50536203384399425 1.0083755850791933 -0.49923221766948694 -0.62579879164695729 0.88129737973213207
decision_type=2 2 2 2 2 2 2 2 2 2 2 2 2 2 2 2 2 2 2 2 2 2 2 2 2 2 2 2 2 2
left_child=1 8 3 6 15 -5 -3 13 9 10 -1 -10 22 -6 16 -2 17 18 21 20 -7 -15 -12 -24 -25 28 -27 -13 -18 -8
right_child=4 2 -4 5 7 19 29 -9 11 -11 12 27 -14 14 -16 -17 25 -19 -20 -21 -22 -23 23 24 -26 26 -28 -29 -30 -31
leaf_value=-0.050157278171904809 0.039070579806840956 -0.01587928618882108 -0.050063388956093496 0.038579461264700299 -0.027683230952646989 -0.046715040075062136 0.026325136781796144 -0.022708804758306726 0.050048363729994598 -0.050279765464705334 0.042920437450036986 -0.00068537459400130787 -0.035585468078053351 0.050066766691275993 -0.010728246174296248 -0.050318675820696636 0.016234593120603179 -0.050095777618959884 -0.019309099649826803 -0.048090307616930172 0.03748533790092505 0.0075797802957001921 0.038251929450888261 -0.050102944014558531 0.03203580010326712 -0.036090280256533339 0.049110643916556111 -0.050128819806919106 0.047545566739591871 0.050057309827230903
leaf_weight=0.0084186209060135297 0.0063542731768393415 0.028623200807487592 0.059699660105252406 0.011195343104191124 0.014205252860847395 0.013482056416250998 0.016201064747292548 0.026535608642006991 0.006378037389367818 0.0088255611353815766 0.076058036222093506 0.0040568998774688217 0.0094641773994226241 0.036099539604038 0.027109386559459381 0.020848331529123243 0.0091997310519218445 0.010807969511006377 0.016150734067196026 0.055223214932993869 0.0093340341591101605 0.0148504538628913 0.023964468455233146 0.0086243248733808286 0.0056709517884883107 0.0065152082752319975 0.012663525551033672 0.021723132063925732 0.10251057017012499 0.024737517931498587
leaf_count=24 14 13 365 7 19 57 16 19 2 12 48 5 18 22 17 22 4 34 16 251 16 16 24 60 10 23 9 55 77 9
internal_value=0.00296525 -0.00594062 -0.0195986 -0.00814529 0.0144454 -0.0280577 0.0173985 0.0187604 0.0112908 0.0193433 0.0239913 -0.0240227 0.0290342 0.0231601 0.0262217 -0.0294382 0.0310191 0.0136912 0.0239654 -0.0376173 -0.0122688 0.037683 0.034384 0.017414 -0.0175184 0.0413331 0.020167 -0.0423481 0.044967 0.0406655
internal_weight=0.695531 0.39168 0.218496 0.158796 0.303851 0.0892346 0.0695618 0.276648 0.173184 0.141026 0.132201 0.0321581 0.123782 0.250112 0.235907 0.0272026 0.208798 0.0779087 0.0671007 0.0780393 0.0228161 0.05095 0.114318 0.0382597 0.0142953 0.130889 0.0191787 0.02578 0.11171 0.0409386
internal_count=1284 992 734 369 292 331 38 256 258 196 184 62 160 237 218 36 201 88 54 324 73 38 142 94 70 113 32 60 81 25
is_linear=0
shrinkage=0.05


Tree=183
num_leaves=31
num_cat=0
split_feature=42 42 0 30 49 21 18 47 47 26 47 11 37 38 35 42 5 18 18 15 0 43 40 29 21 12 15 10 30 39
split_gain=0.0332297 0.0423559 0.0241132 0.0256591 0.0217921 0.0202381 0.0309815 0.0192571 0.020501 0.0190937 0.026658 0.0264235 0.0375345 0.0172728 0.0163167 0.0161578 0.0138889 0.00816582 0.0169104 0.00775477 0.0151231 0.00515036 0.00475192 0.00458982 0.0102345 0.0133724 0.00458815 0.0095949 0.00358154 0.00282222
threshold=0.88679862022399913 0.52296096086502086 -0.19921454042196271 -1.2925649881362913 1.4425713419914248 -1.2741965651512144 -1.5599578022956846 -1.6001117825508115 0.69307252764701854 0.014490826055407526 -1.4586865901947019 1.5136610865592959 1.0377207398414614 -0.67173156142234791 0.71822184324264537 0.50715878605842601 0.39020915329456335 0.30137422680854803 0.25417098402976995 0.5302446484565736 -0.82077601552009571 -0.77936205267906178 -2.8731089830398555 0.27925018966197973 -0.64501157402992237 -0.86140489578247059 1.3985110521316531 -0.72095012664794911 0.87053325772285473 -0.35500389337539667
decision_type=2 2 2 2 2 2 2 2 2 2 2 2 2 2 2 2 2 2 2 2 2 2 2 2 2 2 2 2 2 2
left_child=1 4 21 -4 7 6 -3 -1 9 10 16 23 -13 -5 26 22 19 18 29 -9 -21 -2 -12 24 -11 -26 27 -14 -8 -7
right_child=2 5 3 13 -6 17 28 8 -10 11 15 12 14 -15 -16 -17 -18 -19 -20 20 -22 -23 -24 -25 25 -27 -28 -29 -30 -31
leaf_value=-0.050176652782518483 -0.05008567642159422 -0.050125659592068363 -0.050172016660549247 -0.016669791752431821 -0.050055798671977292 0.02440619149885831 0.010896746100925522 0.04082258918974975 -0.050026637714233158 0.045904066327851011 0.050009101253972559 -0.050131436922299759 -0.020842530949737679 0.040704846434213293 -0.01202728476699505 0.050072240282546455 -0.016741763131565671 -0.0488002131881837 0.048619974371815963 0.050049646682408168 -0.031309133936530849 0.047715993564066472 -0.050130250859783468 0.045612117087139928 0.050082565949886415 -0.050084626283700799 0.049578566385911127 0.041779467149460361 0.04737550664618384 -0.050060917506305105
leaf_weight=0.013132882213540142 0.001371933671180158 0.018120282351446804 0.016231038476689719 0.020013107205159031 0.016121129998282413 0.0013967782288091231 0.010870775371586205 0.038038341463106917 0.013073561523924582 0.021004559297580272 0.0012266693520359686 0.024195245729060844 0.0091244821996951941 0.038073774892836809 0.026150626712478697 0.0049034766852855674 0.025916598533513024 0.064970656929290271 0.0073191515984944991 0.010126113193109632 0.013102347707899753 0.071555986549356021 0.034604642154590692 0.081209366871917155 0.005602083634585143 0.0082223608151252847 0.029074943784507923 0.018556978480773978 0.017659209835983347 0.014281357831350762
leaf_count=23 2 23 12 12 81 3 14 13 167 8 2 54 16 20 11 1 12 423 3 4 16 85 122 50 1 34 8 13 8 51
internal_value=0.00444668 -0.0014107 0.0254505 0.00540689 0.00687349 -0.0256191 0.00100276 0.00930617 0.0114515 0.013741 -0.00166003 0.0225698 0.00466054 0.0209371 0.0206508 -0.0350528 0.0139421 -0.0397369 -0.0141317 0.0269217 0.00415806 0.0458761 -0.046702 0.0390998 0.0239153 -0.00949385 0.0357073 0.0211377 0.033476 -0.0434266
internal_weight=0.67525 0.528005 0.147246 0.0743179 0.393386 0.134618 0.0466503 0.377265 0.364132 0.351059 0.127918 0.223141 0.107102 0.0580869 0.082907 0.0407348 0.0871834 0.0879679 0.0229973 0.0612668 0.0232285 0.0729279 0.0358313 0.116038 0.034829 0.0138244 0.0567564 0.0276815 0.02853 0.0156781
internal_count=1292 1161 131 44 636 525 45 555 532 365 170 195 102 32 48 125 45 480 57 33 20 87 124 93 43 35 37 29 22 54
is_linear=0
shrinkage=0.05


Tree=184
num_leaves=31
num_cat=0
split_feature=42 48 37 21 2 49 31 38 30 47 15 39 21 37 46 15 46 20 43 2 26 39 22 32 48 47 43 15 21 5
split_gain=0.0355263 0.0431629 0.0248451 0.0352183 0.0237354 0.0268051 0.0297699 0.0328659 0.0186416 0.0165843 0.0296055 0.0165276 0.0357265 0.0145428 0.0140957 0.0108797 0.00721532 0.0155607 0.0068789 0.00511862 0.00504757 0.0040497 0.00365825 0.00195206 0.00106508 0.000862467 0.000958578 2.78638e-07 1.83012e-07 8.41585e-08
threshold=0.88679862022399913 1.7440409660339358 1.0416296720504763 -0.16000325232744214 3.3320112228393559 -0.73740315437316883 0.52605187892913829 -0.67101749777793873 -1.2925649881362913 -1.5534432530403135 0.64928129315376293 -0.20365498214960095 -0.78898501396179188 -0.96944057941436756 -1.1144440770149229 -0.8740941286087035 -0.34493111073970789 -0.81200775504112233 -0.58908888697624195 -0.49070611596107477 -0.024377115070819851 -0.26580065488815302 -1.4047946929931638 -0.15106422454118726 -0.76913157105445851 0.4548391997814179 0.89572453498840343 0.76904848217964183 -0.61379766464233387 -0.11833973973989485
decision_type=2 2 2 2 2 2 2 2 2 2 2 2 2 2 2 2 2 2 2 2 2 2 2 2 2 2 2 2 2 2
left_child=1 4 3 -3 5 6 14 21 -2 10 -7 18 -13 15 -1 -9 20 -18 -10 -15 -4 -8 -11 -20 -17 -21 -27 -12 29 -24
right_child=8 2 16 -5 -6 9 7 13 11 22 27 12 -14 19 -16 24 17 -19 23 25 -22 -23 28 -25 -26 26 -28 -29 -30 -31
leaf_value=0.022119098768776747 -0.019919320114305954 0.033277455123110776 0.020538228953571009 -0.050146482915133711 0.036769102232246983 0.01835211327010014 0.0028826639941522576 0.032340466107490855 -0.050064772633796328 -0.0032665195165891658 -0.050471606717587096 0.050057641077440235 -0.026566483517824525 0.0071161358188951808 -0.050045612055333338 -0.021390869687310913 0.050078782510704425 -0.028816219093030261 0.012322445059079342 0.050061687478830219 0.049018727780186858 -0.050108479287405222 -0.050032765768815983 0.05002952475605054 -0.050155663034050738 0.022580327236727222 0.048300053261445069 -0.050155053764547222 -0.050027447240440198 -0.050211898834385996
leaf_weight=0.0082089780407841317 0.022344919547322206 0.023756892725941725 0.022722348949173465 0.027062388999183895 0.020422380712261656 0.033119230320153292 0.0044037653133273116 0.0095510829414706677 0.0018313055188627905 0.0043876078252651487 0.010988248926878441 0.029284146905411035 0.031658167965360917 0.010448456072481349 0.038513159652211471 0.0056429489341098815 0.011969944927841425 0.013078611991659272 0.0036181750474497667 0.033947191288461909 0.0493340456741862 0.019887926699084346 0.0082506873732199892 0.066816539518185891 0.0074889942552545108 0.0072169813829532359 0.0072741199983283877 0.018923353694844991 0.043899781809159322 0.031935372151565389
leaf_count=19 14 16 14 77 15 17 3 5 4 16 4 13 18 17 299 6 6 17 2 18 18 39 41 81 15 17 4 39 403 28
internal_value=0.00161723 -0.00520676 0.0171778 -0.0111476 -0.0154105 -0.0189149 -0.00412251 0.0105498 0.0223425 -0.0338126 -0.0142135 0.0294317 0.0102531 0.0257531 -0.0373664 -0.0082633 0.0320018 0.00888531 0.0456051 0.0388561 0.0400377 -0.0405019 -0.0477755 0.0480925 -0.0377951 0.0457026 0.0354909 -0.0502713 -0.050098 -0.0501751
internal_weight=0.627988 0.472435 0.147924 0.0508193 0.32451 0.304088 0.152584 0.105861 0.155553 0.151504 0.0630308 0.133208 0.0609423 0.0815698 0.0467221 0.022683 0.097105 0.0250486 0.072266 0.0588867 0.0720564 0.0242917 0.0884734 0.0704347 0.0131319 0.0484383 0.0144911 0.0299116 0.0840858 0.0401861
internal_count=1285 1153 148 93 1005 990 442 124 132 548 60 118 31 82 318 26 55 23 87 56 32 42 488 83 21 39 21 43 472 69
is_linear=0
shrinkage=0.05


Tree=185
num_leaves=31
num_cat=0
split_feature=39 49 0 48 6 45 45 46 25 4 30 42 39 5 25 11 37 14 21 0 40 1 16 21 37 37 5 0 46 31
split_gain=0.0251688 0.0257484 0.021223 0.019858 0.0196388 0.0191 0.0212437 0.0202555 0.0169133 0.0159647 0.0154488 0.0264282 0.02605 0.0210227 0.0151379 0.0148563 0.027763 0.016029 0.0149379 0.0139689 0.0214214 0.0108251 0.0104184 0.00804196 0.0103674 0.00490267 0.00466399 0.00422838 0.00369886 0.00992903
threshold=-0.11596874147653578 1.4425713419914248 -1.1219771504402158 -0.80701717734336842 -1.3273242115974424 -0.62687024474143971 -0.35565143823623652 1.3476175069808962 0.17587133496999743 -0.17899551242589948 -1.1882336139678953 0.89384356141090404 -0.28903104364871973 0.20734751969575885 0.33339941501617437 1.5139186978340151 1.0411947369575503 1.0368284583091738 0.55320230126380932 -0.71849629282951344 -1.1676992774009702 -0.1212523654103279 -2.7698066234588619 0.23028015345335009 -0.3635008037090301 -1.3663659095764158 -0.76632407307624806 -1.1478865742683408 -0.14396435767412183 -0.44540134072303766
decision_type=2 2 2 2 2 2 2 2 2 2 2 2 2 2 2 2 2 2 2 2 2 2 2 2 2 2 2 2 2 2
left_child=1 2 25 26 22 27 8 -8 -7 10 -6 12 13 23 -9 18 -17 21 28 -20 -21 -18 -5 -12 -25 -1 -4 -2 -11 -30
right_child=5 -3 3 4 9 6 7 14 -10 15 11 -13 -14 -15 -16 16 17 -19 19 20 -22 -23 -24 24 -26 -27 -28 -29 29 -31
leaf_value=-0.0072639677824947501 0.050015948973538518 -0.050055760345646107 -0.00015952596079981472 0.024440127101436875 -0.050144061494296337 0.039111652496734595 -0.048518679374546313 -0.050049777456190374 -0.050133357716570084 0.047374592930686799 0.039539981340004193 0.04455538596533748 -0.050206317249488722 -0.041527964249673172 0.044419261167711561 -0.04564734834608139 0.0014736442583503774 -0.01503857403216821 0.039421063634595944 0.050063532795326673 -0.050127647276614035 0.046136737175078206 -0.050158040687026374 0.050032075685371907 -0.05004922422394275 0.048870550720149029 0.050025703244669206 -0.050144256079489705 -0.024673903219290916 0.047432201659897699
leaf_weight=0.0043218652717769137 0.0010850314283743492 0.018636306809639791 0.0054736217134632162 0.0058068513171747318 0.018244399476316175 0.031193082219033386 0.033950498971535126 0.0061489222698583026 0.0063977036897995268 0.053413116358569823 0.029507596351322718 0.025215593588654883 0.03119015860647778 0.016129716746945633 0.013663801189977676 0.02445022401298047 0.021386517626524437 0.030222438937926199 0.016077907352155307 0.0076157245784997931 0.017813752543588635 0.037103484675753862 0.024127970060362713 0.0042576428968459368 0.0065972155152849155 0.038895652774954215 0.030024964013136923 0.036511094154775492 0.007269558329426217 0.013908574415836483
leaf_count=11 1 92 8 2 23 45 341 24 39 16 14 28 78 36 11 59 12 19 14 4 51 13 45 2 33 42 30 150 19 11
internal_value=0.00238746 0.00758172 0.00987175 0.00648354 0.00322741 -0.0172573 -0.00491248 -0.0250738 0.0239227 0.00645963 -0.00745428 -0.00055558 -0.0135285 0.00672179 0.0151006 0.0144187 0.00152665 0.0145284 0.0269847 0.00294205 -0.020122 0.0298059 -0.0356873 0.0260034 -0.010794 0.043257 0.0422875 -0.0472536 0.0403636 0.0226812
internal_weight=0.616641 0.487691 0.469055 0.425837 0.390338 0.12895 0.091354 0.0537632 0.0375908 0.360404 0.131142 0.112898 0.0876823 0.0564922 0.0198127 0.229261 0.113163 0.0887124 0.116099 0.0415074 0.0254295 0.05849 0.0299348 0.0403625 0.0108549 0.0432175 0.0354986 0.0375961 0.0745912 0.0211781
internal_count=1273 662 570 517 479 611 460 376 84 432 214 191 163 85 35 218 103 44 115 69 55 25 47 49 35 53 38 151 46 30
is_linear=0
shrinkage=0.05


Tree=186
num_leaves=31
num_cat=0
split_feature=20 10 35 39 15 29 25 10 33 40 23 46 26 36 41 11 33 33 25 7 9 15 35 28 19 0 6 9 11 47
split_gain=0.024826 0.0278394 0.0258832 0.023081 0.0222413 0.0232759 0.0281189 0.0219931 0.027047 0.0250143 0.0203438 0.0194923 0.0173779 0.0183398 0.0140451 0.0136156 0.0127052 0.0142717 0.0115348 0.0113983 0.0104806 0.0104733 0.00901202 0.00711343 0.00687314 0.00649383 0.00572264 0.0053643 0.00523127 0.00299265
threshold=-1.7382279038429258 -1.206772446632385 0.78921726346015941 -0.20365498214960095 -1.0499203801155088 0.93491452932357799 0.60203766822814953 0.52573105692863475 -0.98229634761810292 0.11184764653444292 1.0000000180025095e-35 -1.1303544640541074 0.51030510663986217 1.002510726451874 -0.43903012573719019 -0.6385413110256194 1.0829931497573855 1.1279535293579104 0.82802745699882518 -1.0832115411758421 2.1083432435989384 0.68352231383323681 5.7572312355041513 -0.33495531976222986 -1.2501664757728574 -1.056894779205322 -0.81544962525367726 -0.26563993096351618 1.5155894756317141 0.51183044910430919
decision_type=2 2 2 2 2 2 2 2 2 2 2 2 2 2 2 2 2 2 2 2 2 2 2 2 2 2 2 2 2 2
left_child=1 21 3 4 27 6 11 8 -5 14 12 -6 13 -7 15 -10 -13 -18 29 -8 -21 -1 -4 -12 -9 -20 -3 -2 -14 -17
right_child=2 26 22 7 5 10 19 24 9 -11 23 16 28 -15 -16 18 17 -19 25 20 -22 -23 -24 -25 -26 -27 -28 -29 -30 -31
leaf_value=0.026630912733436863 0.01421420584647721 0.010547085240972288 -0.050161949570239152 -0.044877098881092731 0.028081414682033474 -0.045801777005264138 0.046734861885876222 0.039066150416992053 -0.050047102802949911 -0.050027119603453456 0.012659514902562409 -0.050102168504303914 0.048744453972630115 0.050033781837080987 -0.0500225036831069 0.043862377787867834 0.034719325031965433 -0.050050095497476868 0.050032411446463969 -0.050054047107799177 0.050060044148081399 -0.050276944293060725 0.005745940802398531 0.048009266134568303 -0.050188794924133709 -0.050150581596407312 0.047766376190808896 0.050030601643037798 0.0068155152651372787 0.015494329338314072
leaf_weight=0.0066407472113496615 0.014109113180893473 0.012318396358750761 0.032085294829812483 0.028094094173866324 0.013877425284590572 0.025378021517099114 0.023837443557567894 0.0022958131448831401 0.0054091382444312322 0.014563533746695612 0.01969819568330422 0.050559500776216737 0.013847891274053836 0.0062145101837813846 0.0064738796208985141 0.055027663365763146 0.011128450572869042 0.0089652665647008689 0.002203567186370492 0.0072836670678952942 0.0040777446702122688 0.013277631922392175 0.0092964963769190945 0.051278637227369472 0.035648260729431058 0.0060821460028819274 0.063904402108164504 0.040356024459470063 0.016074035927886143 0.011186883353730082
leaf_count=6 12 8 61 42 21 47 14 2 36 179 13 140 7 3 103 46 6 46 1 41 1 21 11 24 166 34 46 52 13 47
internal_value=0.00467323 0.0279973 0.000319493 0.00363248 0.0117767 0.00551964 -0.0104585 -0.0113253 -0.00148558 0.0105905 0.0199587 -0.0260945 -0.00108694 -0.0269501 0.0208102 0.0265487 -0.0367355 -0.00310247 0.03211 0.0270916 -0.0141219 -0.024636 -0.0376021 0.0381987 -0.0447884 -0.0235071 0.0417514 0.0407524 0.0262203 0.0390696
internal_weight=0.611194 0.0961412 0.515053 0.473671 0.306686 0.252221 0.119729 0.166985 0.129041 0.100947 0.132491 0.0845306 0.0615145 0.0315925 0.0863833 0.0799094 0.0706532 0.0200937 0.0745003 0.0351989 0.0113614 0.0199184 0.0413818 0.0709768 0.0379441 0.00828571 0.0762228 0.0544651 0.0299219 0.0662145
internal_count=1249 81 1168 1096 440 376 269 656 488 446 107 213 70 50 267 164 192 52 128 56 42 27 72 37 168 35 54 64 20 93
is_linear=0
shrinkage=0.05


Tree=187
num_leaves=31
num_cat=0
split_feature=20 44 9 11 39 35 1 41 30 36 47 39 36 5 25 47 33 40 11 27 14 25 2 4 38 36 0 0 14 42
split_gain=0.0233929 0.0282429 0.0231951 0.0240732 0.0336102 0.0245993 0.0224739 0.0192347 0.0203417 0.0178206 0.016472 0.0163025 0.0161298 0.0158708 0.0153777 0.0165101 0.0142019 0.0129186 0.012627 0.0123912 0.010277 0.00817778 0.00726958 0.00487398 0.00564873 0.00450515 0.00415793 0.00341595 0.00336555 0.00310416
threshold=-1.7382279038429258 -1.0326166152954099 -1.0155893564224241 1.5278774499893191 -0.20365498214960095 0.63649398088455211 -1.985512316226959 1.1474967598915102 -1.421151280403137 -1.5439995527267454 0.38242745399475103 -0.37006738781929011 1.0081961154937746 0.20734751969575885 -0.9061760902404784 0.37924033403396612 1.0252646803855898 -1.3976504206657407 1.5165188908576968 1.6644518971443178 -0.12930081039667127 0.87114590406417858 3.26540219783783 -0.17899733036756513 -0.66855445504188526 1.0009140968322756 -1.1478865742683408 -1.1412285566329954 -1.2646076083183286 0.90330839157104503
decision_type=2 2 2 2 2 2 2 2 2 2 2 2 2 2 2 2 2 2 2 2 2 2 2 2 2 2 2 2 2 2
left_child=1 6 -2 4 5 7 -1 8 -4 13 16 23 27 -6 15 -11 25 20 -18 26 -16 -13 -7 24 -12 28 -19 -5 -10 -28
right_child=2 -3 3 12 9 22 -8 -9 10 14 11 21 -14 -15 17 -17 18 19 -20 -21 -22 -23 -24 -25 -26 -27 29 -29 -30 -31
leaf_value=0.027994569538298722 -0.05009809544511791 0.047349695727395662 -0.050173384076684285 0.0015957687752290119 -0.05006980181470963 -0.050121260391202398 -0.050236572951261098 -0.050069971628004632 -0.00404101573804238 -0.050075003969108633 0.050036319371653676 -0.046391752913567293 0.048576540852244644 0.040630990964602799 -0.050139240612488006 0.033184525306524174 -0.03353179267663807 0.031696235991397662 0.036104727384206052 0.016612602212917656 0.043348005761529314 0.013345688339382371 0.0047589719783750978 0.046484787576154755 -0.050042257676851679 0.016098718412096574 -0.050138234807364006 -0.050121990356275382 0.045046346660397113 0.012925979945394071
leaf_weight=0.019524860796082066 0.023763945209793746 0.057145363258314319 0.0089998894472955726 0.0035080778179690233 0.0061345099675236261 0.016890345174033428 0.017327492118056398 0.0092631433399219532 0.0035968540178146205 0.0083496374700189335 0.0024687398690730325 0.017093306691094767 0.0051615228294394902 0.022559347802598495 0.0043423876504675727 0.020753959475769079 0.013478549855790334 0.0016601586539763949 0.012590778118465096 0.0087033396212063963 0.0091004207279183902 0.0086172231294767698 0.0093881229404360056 0.016099837972433306 0.0032876166897040093 0.016920006280997768 0.068928199681977276 0.035526998175555491 0.11962137957016239 0.0020081187831237904
leaf_count=20 77 47 10 2 32 34 19 39 9 21 1 63 3 21 23 30 21 2 11 17 12 16 3 15 21 12 487 92 100 2
internal_value=0.00253529 0.0253403 -0.00194163 0.00057322 0.00434508 0.0153346 -0.00878869 0.0205271 0.0234626 -0.0142648 0.0265626 0.000618473 -0.0344904 0.0212399 -0.0224909 0.00929789 0.0339876 -0.032256 0.000100757 -0.0397636 0.0131491 -0.02637 -0.030515 0.0323663 -0.00712136 0.0402914 -0.0465224 -0.0454741 0.0436134 -0.048353
internal_weight=0.572814 0.0939977 0.478816 0.455052 0.410856 0.258316 0.0368524 0.232037 0.222774 0.15254 0.213774 0.0475667 0.0441966 0.0286939 0.123846 0.0291036 0.166208 0.0947426 0.0260693 0.0812998 0.0134428 0.0257105 0.0262785 0.0218562 0.00575636 0.140138 0.0725965 0.0390351 0.123218 0.0709363
internal_count=1262 86 1176 1099 1002 355 39 318 279 647 269 116 97 53 594 51 153 543 32 508 35 79 37 37 22 121 491 94 109 489
is_linear=0
shrinkage=0.05


Tree=188
num_leaves=31
num_cat=0
split_feature=20 32 39 49 48 1 26 49 10 12 36 0 15 18 28 7 48 2 26 6 11 5 39 29 0 33 40 15 5 5
split_gain=0.0250259 0.0221473 0.021024 0.0253641 0.0394068 0.0238033 0.0237028 0.0196784 0.0182818 0.0317512 0.0177101 0.0239889 0.016595 0.0208457 0.0150339 0.0139363 0.0118128 0.0106453 0.00927295 0.0091788 0.00841369 0.00778033 0.00660615 0.00587079 0.00684685 0.00406021 0.00368137 0.00827503 0.00285463 0.00861752
threshold=-1.7021912932395933 -1.5219733119010923 -0.27854721248149866 -0.71492916345596302 1.7605182528495791 -1.4893143773078916 -1.0131729841232298 -0.75987708568572987 0.52573105692863475 -0.66402399539947499 1.002510726451874 -0.71849629282951344 0.54333809018135082 -0.66067698597908009 0.72600331902503978 0.67919403314590465 -0.81104016304016102 3.569633007049561 -1.1223552227020261 0.14428865164518359 -0.63822913169860829 -0.52513885498046864 -0.23325751721858975 0.32487341761589056 -0.75086045265197743 1.1977703571319582 -0.65979880094528187 0.5302446484565736 -0.27595219016075129 -0.2845028936862945
decision_type=2 2 2 2 2 2 2 2 2 2 2 2 2 2 2 2 2 2 2 2 2 2 2 2 2 2 2 2 2 2
left_child=1 -1 3 5 6 -2 23 8 9 14 11 12 -6 -14 16 -16 -4 28 -7 -13 -11 -3 -10 24 -5 -23 -22 -28 29 -8
right_child=2 21 7 4 10 18 17 -9 22 20 -12 19 13 -15 15 -17 -18 -19 -20 -21 26 25 -24 -25 -26 -27 27 -29 -30 -31
leaf_value=-0.050089066562889042 -0.046056095984465979 -0.0093915648293218263 0.023887032304827315 0.05004190030579049 0.049261694838334549 -0.050051550684152124 -0.050027008651675489 -0.050050668737260801 0.038530712557912392 -0.035544393701919023 0.040285597585363285 -0.050111629312853845 0.050127831515389291 -0.050131071348433955 0.041592505434095248 -0.050061171387659337 -0.050100174640016683 0.045554767876605506 0.042625800718111256 0.038796717171968212 0.045400745248563169 0.047024513494604854 -0.047005148698365529 0.048935134137430204 -0.050054472308471355 0.016665866644803011 -0.050031318473025034 0.046769323670179372 -0.050108388869471256 0.050044228173042951
leaf_weight=0.0079372021864401177 0.0089806289252010174 0.0081407299221609719 0.0064333648770116261 0.0028475702274590722 0.02628133325924864 0.0027912771765841162 0.0075701821042457595 0.02866156498384953 0.0024645783123560241 0.0041476095211692146 0.05133271111844806 0.021393147435446735 0.008658144623041153 0.012922712607178255 0.014236289007385494 0.0058525496442598515 0.033419601191781112 0.0034046312066493547 0.081686220968549605 0.003358724294230341 0.039161907063316903 0.065818107716040686 0.026841782368137501 0.010388512499048375 0.0042705853920779191 0.013226723152911291 0.0035243331185483839 0.0059100024536746787 0.051502816460924805 0.0030053923837840557
leaf_count=22 10 11 7 1 8 6 51 334 3 3 24 72 1 23 16 37 147 3 89 3 34 51 93 4 25 11 31 8 140 1
internal_value=0.00647894 0.0298717 0.00175504 0.00971676 -4.71607e-05 0.0313362 -0.0267122 -0.0122596 -0.0046314 0.00451804 0.0178067 0.00191574 0.0225825 -0.00990764 -0.0203784 0.0148907 -0.0381566 -0.0405286 0.0395636 -0.0380471 0.0328121 0.0371512 -0.0398118 0.0249676 -0.0100116 0.0419445 0.0386462 0.010608 -0.0452498 -0.0215885
internal_weight=0.566171 0.0951228 0.471048 0.300395 0.206936 0.0934581 0.0829897 0.170654 0.141992 0.112686 0.123947 0.0726141 0.0478622 0.0215809 0.0599418 0.0200888 0.039853 0.065483 0.0844775 0.0247519 0.0527439 0.0871856 0.0293064 0.0175067 0.00711816 0.0790448 0.0485962 0.00943434 0.0620784 0.0105756
internal_count=1269 95 1174 461 356 105 225 713 379 283 131 107 32 24 207 53 154 195 95 75 76 73 96 30 26 62 73 39 192 52
is_linear=0
shrinkage=0.05


Tree=189
num_leaves=31
num_cat=0
split_feature=31 39 10 20 3 29 21 30 20 36 46 23 40 20 7 5 40 0 33 47 34 42 6 39 36 5 15 36 11 4
split_gain=0.0228485 0.025961 0.022731 0.0228689 0.0259624 0.0221702 0.0209797 0.0197276 0.0216497 0.0178402 0.0178315 0.0142 0.0138552 0.0126264 0.0229829 0.0154773 0.00890535 0.00878041 0.00837578 0.00812824 0.0139737 0.00744058 0.00639655 0.00685307 0.00702754 0.00618349 0.00474615 0.0066353 0.0106226 0.00344274
threshold=1.3674087524414065 0.13741016387939456 -1.206772446632385 -1.7382279038429258 -0.28078378736972803 0.27925018966197973 -0.27879105508327479 -1.421151280403137 -0.36766338348388666 1.0085023641586306 -1.1418157219886778 -0.62006303668022145 -1.2061468958854673 0.87906870245933544 -0.84558385610580433 0.19726437330245974 -1.1201907396316526 -0.60731729865074147 -1.0237858295440672 0.38242745399475103 -0.95811501145362843 0.89384356141090404 -1.429795980453491 0.16161283105611804 -0.99404159188270558 0.098690837621688857 0.42639307677745825 1.0039024949073794 1.5125489830970766 -0.17899551242589948
decision_type=2 2 2 2 2 2 2 2 2 2 2 2 2 2 2 2 2 2 2 2 2 2 2 2 2 2 2 2 2 2
left_child=1 2 -1 -4 7 9 25 -5 12 -6 16 -10 -9 15 -15 17 -2 -12 -17 26 -21 -8 -20 29 -25 -7 -13 28 -28 -24
right_child=10 -3 3 4 5 6 21 8 11 -11 13 19 -14 14 -16 18 -18 -19 22 20 -22 -23 23 24 -26 -27 27 -29 -30 -31
leaf_value=-0.05014757784381714 0.026006279241316724 -0.050065002108454472 0.037926382205115169 -0.05013652743756844 -0.050118527595017198 0.049325256480409189 -0.050086849001645645 0.030098100746919793 -0.050015450221223223 0.048533630030544131 0.016934844719642558 0.048235812253361446 -0.050065530896991756 0.038516680924768863 -0.05010613852713422 -0.018094662396157431 -0.047677829502066955 -0.047858392644047759 -0.0014773571829023288 0.046548988090754216 -0.050034737152421752 0.020408292355374384 0.028173119962033807 0.05004353368810404 -0.022813041601469432 0.0082332628541769998 0.050068653294408239 0.050143580032950309 -0.050093485245945785 0.048151381626875274
leaf_weight=0.020741505350088119 0.0056718770792940623 0.027692762028891593 0.042508356913458556 0.011191402123586158 0.051637765574923833 0.015400469448650256 0.018261920005897991 0.0081154894141945988 0.0052829347769147708 0.0050290621511521741 0.011342531470290851 0.056883927813032642 0.016050320175054367 0.013808491836243775 0.015558408094875631 0.0076119360019220031 0.014801524694121326 0.0097004885319620371 0.0106229183729738 0.007872261692682514 0.0071428730370826097 0.004708070744527503 0.029055054037598893 0.0054466951405629524 0.0084364913163881283 0.022575126364245079 0.0046607982367277145 0.0097186258062720299 0.006126657739514485 0.083638055744813755
leaf_count=70 9 358 21 26 191 6 67 6 78 3 13 27 54 9 59 11 28 15 3 9 51 5 55 2 18 15 1 1 20 55
internal_value=0.00438742 -0.00365741 0.000436646 0.00401548 -0.00173538 -0.0188503 0.0020822 0.0133943 0.0192291 -0.0413634 0.0171282 0.0297114 -0.0231446 0.0217838 -0.00843516 0.0271345 -0.0272647 -0.0129338 0.032957 0.0342695 0.000602994 -0.0356377 0.0357894 0.038917 0.00577028 0.0248975 0.0408014 0.0201784 -0.00681771 0.0430005
internal_weight=0.557295 0.3416 0.313908 0.293166 0.250658 0.117612 0.0609456 0.133045 0.121854 0.0566668 0.215694 0.0976881 0.0241658 0.195221 0.0293669 0.165854 0.0204734 0.021043 0.144811 0.0924051 0.0150151 0.02297 0.137199 0.126576 0.0138832 0.0379756 0.07739 0.0205061 0.0107875 0.112693
internal_count=1286 1009 651 581 560 287 93 273 247 194 277 187 60 240 68 172 37 28 144 109 60 72 133 130 20 21 49 22 21 110
is_linear=0
shrinkage=0.05


Tree=190
num_leaves=31
num_cat=0
split_feature=44 20 35 39 49 33 10 43 36 15 15 5 38 41 36 39 6 43 25 21 32 29 21 34 40 9 16 39 0 5
split_gain=0.0377874 0.0325155 0.0195919 0.024194 0.0199713 0.016238 0.0208468 0.0159431 0.0235361 0.0203736 0.0222748 0.0189825 0.0168309 0.0151269 0.0146682 0.0123129 0.010818 0.0106346 0.00801258 0.00962657 0.00639115 0.00635212 0.0122054 0.00605261 0.0053956 0.00529004 0.00494658 0.00434904 0.00178228 0.0014881
threshold=-1.1706720590591428 -1.726208448410034 0.63649398088455211 -0.27854721248149866 -0.75987708568572987 -0.92487666010856617 0.52573105692863475 0.3028912246227265 0.9899924397468568 0.5185079574584962 1.20572966337204 -1.422717213630676 -0.66366145014762867 -0.43903012573719019 1.0085023641586306 -0.15861956030130384 -1.38971871137619 0.45009219646453863 0.86095824837684642 0.55320230126380932 -1.4235131144523618 0.93491452932357799 -0.33924272656440729 -0.51117527484893788 0.18506962805986407 -0.43295480310916895 -0.02868732530623674 -0.13034361600875852 -0.87429651618003834 -0.71594369411468495
decision_type=2 2 2 2 2 2 2 2 2 2 2 2 2 2 2 2 2 2 2 2 2 2 2 2 2 2 2 2 2 2
left_child=-1 26 3 7 5 15 13 8 12 21 -11 -9 -3 17 20 -5 -12 -7 25 -20 -4 22 -10 -8 29 27 -2 -19 -25 -13
right_child=1 2 14 4 -6 6 23 11 9 10 16 24 -14 -15 -16 -17 -18 18 19 -21 -22 -23 -24 28 -26 -27 -28 -29 -30 -31
leaf_value=-0.050131775559512072 0.050035031666382859 0.016406612380631149 0.027560389821601874 0.047744328343570147 -0.050061040513870725 -0.05003227998081422 -0.050180164295845375 -0.050176437358839698 0.044743630600301912 -0.050131022039906416 -0.024497939056469759 0.032742862827453638 -0.050078714458871111 -0.050039692252721174 0.050035012222814861 -0.045694061873691488 0.041440729781976715 0.050025654849171521 0.046540377157529483 -0.050117696039278438 -0.050127711665121193 0.050061394070235514 -0.019460702944563937 0.050027934498003274 0.0075064883412162449 0.043637765365005181 0.013525724816751412 -0.050031380247747885 -0.010741984924294885 0.050026661679741714
leaf_weight=0.033141615691420157 0.041438626489252783 0.014540042120643193 0.0028818604732805389 0.0040317404782399527 0.027310459619911853 0.0042802711286640252 0.017007227173962747 0.0064183935901382929 0.018180534651037306 0.018949676119518699 0.0092341722411219962 0.017222902824869379 0.027566196889893035 0.0071477574892924159 0.0047191595658659926 0.028091405642044265 0.019057592577155447 0.0017447653226554394 0.0045090427447576076 0.0060084802807978122 0.032531805363760213 0.033658204367384315 0.012485918639868032 0.0018997271545231342 0.01117587834232836 0.050452996358217206 0.011954024186707102 0.0028764673097612095 0.0033065315656131125 0.044972436808166094
leaf_count=92 38 13 3 5 322 34 68 5 6 39 10 13 118 73 2 49 18 1 6 35 89 15 18 1 19 57 12 29 19 61
internal_value=0.00152435 0.00504943 0.000502487 0.00390791 -0.0111573 -0.00306874 0.00693335 0.0141466 0.00473152 0.0167527 -0.00817977 0.0322797 -0.0271201 0.0192408 -0.0327711 -0.0339667 0.019919 0.0263281 0.0313111 -0.00867872 -0.0438057 0.0350636 0.0186027 -0.0357398 0.0394929 0.0389479 0.041861 -0.0122544 0.0114325 0.0452405
internal_weight=0.518796 0.485654 0.432262 0.392129 0.158667 0.131356 0.0992333 0.233462 0.153672 0.111566 0.0472414 0.0797896 0.0421062 0.0770198 0.0401328 0.0321231 0.0282918 0.069872 0.0655918 0.0105175 0.0354137 0.0643247 0.0306665 0.0222135 0.0733712 0.0550742 0.0533927 0.00462123 0.00520626 0.0621953
internal_count=1270 1178 1128 1034 699 377 323 335 237 106 67 98 131 235 94 54 28 162 128 41 92 39 24 88 93 87 50 30 20 74
is_linear=0
shrinkage=0.05


end of trees

feature_importances:
noisefloor_var=294
comfort_noise_score=256
thd3_ratio=228
srmr_band1=217
resonance_peak_db=211
flux_mean=210
spec_tilt=208
hbcorr_3k4_4k=207
subband_ratio_0_300=190
bandedge_drop_300=184
srmr_band4=184
flux_std=183
mean_energy_db=168
f0_mean=154
subband_ratio_1k_3k4=146
bandedge_drop_3400=146
subband_ratio_5k_8k=131
spec_kurtosis=131
crest_factor_std=129
silence_frac=123
hbcorr_4k_8k=121
dead_floor_frac=116
plateau_frac=112
spec_skew=109
f0_std=105
subband_ratio_3k4_5k=104
mod_syllable_ratio=102
thd2_ratio=102
thd_proxy=100
spec_flatness=90
env_decay_t12=88
spec_spread=82
subband_ratio_300_1k=78
env_decay_slope=76
zcr_mean=69
hf_void_frac=68
zcr_std=66
crest_factor_mean=61
spec_centroid=51
spec_rolloff85=49
srmr_mean=48
voiced_frac=46
spec_crest=37
gap_flatness=36
qnoise_flatness=36
dyn_range_db=31
spec_rolloff95=19
srmr_max=16
gating_drop_rate=12

parameters:
[boosting: gbdt]
[objective: binary]
[metric: auc]
[tree_learner: serial]
[device_type: cpu]
[data_sample_strategy: bagging]
[data: ]
[valid: ]
[num_iterations: 500]
[learning_rate: 0.05]
[num_leaves: 31]
[num_threads: 2]
[seed: 12345]
[deterministic: 0]
[force_col_wise: 0]
[force_row_wise: 0]
[histogram_pool_size: -1]
[max_depth: -1]
[min_data_in_leaf: 10]
[min_sum_hessian_in_leaf: 0.001]
[bagging_fraction: 0.9]
[pos_bagging_fraction: 1]
[neg_bagging_fraction: 1]
[bagging_freq: 1]
[bagging_seed: 19164]
[bagging_by_query: 0]
[feature_fraction: 0.9]
[feature_fraction_bynode: 1]
[feature_fraction_seed: 22125]
[extra_trees: 0]
[extra_seed: 23405]
[early_stopping_round: 0]
[early_stopping_min_delta: 0]
[first_metric_only: 0]
[max_delta_step: 0]
[lambda_l1: 0]
[lambda_l2: 0]
[linear_lambda: 0]
[min_gain_to_split: 0]
[drop_rate: 0.1]
[max_drop: 50]
[skip_drop: 0.5]
[xgboost_dart_mode: 0]
[uniform_drop: 0]
[drop_seed: 25795]
[top_rate: 0.2]
[other_rate: 0.1]
[min_data_per_group: 100]
[max_cat_threshold: 32]
[cat_l2: 10]
[cat_smooth: 10]
[max_cat_to_onehot: 4]
[top_k: 20]
[monotone_constraints: ]
[monotone_constraints_method: basic]
[monotone_penalty: 0]
[feature_contri: ]
[forcedsplits_filename: ]
[refit_decay_rate: 0.9]
[cegb_tradeoff: 1]
[cegb_penalty_split: 0]
[cegb_penalty_feature_lazy: ]
[cegb_penalty_feature_coupled: ]
[path_smooth: 0]
[interaction_constraints: ]
[verbosity: -1]
[saved_feature_importance_type: 0]
[use_quantized_grad: 0]
[num_grad_quant_bins: 4]
[quant_train_renew_leaf: 0]
[stochastic_rounding: 1]
[linear_tree: 0]
[max_bin: 255]
[max_bin_by_feature: ]
[min_data_in_bin: 3]
[bin_construct_sample_cnt: 200000]
[data_random_seed: 7584]
[is_enable_sparse: 1]
[enable_bundle: 1]
[use_missing: 1]
[zero_as_missing: 0]
[feature_pre_filter: 1]
[pre_partition: 0]
[two_round: 0]
[header: 0]
[label_column: ]
[weight_column: ]
[group_column: ]
[ignore_column: ]
[categorical_feature: ]
[forcedbins_filename: ]
[precise_float_parser: 0]
[parser_config_file: ]
[objective_seed: 5828]
[num_class: 1]
[is_unbalance: 0]
[scale_pos_weight: 1]
[sigmoid: 1]
[boost_from_average: 1]
[reg_sqrt: 0]
[alpha: 0.9]
[fair_c: 1]
[poisson_max_delta_step: 0.7]
[tweedie_variance_power: 1.5]
[lambdarank_truncation_level: 30]
[lambdarank_norm: 1]
[label_gain: ]
[lambdarank_position_bias_regularization: 0]
[eval_at: ]
[multi_error_top_k: 1]
[auc_mu_weights: ]
[num_machines: 1]
[local_listen_port: 12400]
[time_out: 120]
[machine_list_filename: ]
[machines: ]
[gpu_platform_id: -1]
[gpu_device_id: -1]
[gpu_use_dp: 0]
[num_gpu: 1]

end of parameters

pandas_categorical:null
