tree
version=v4
num_class=1
num_tree_per_iteration=1
label_index=0
max_feature_idx=49
objective=binary sigmoid:1
feature_names=subband_ratio_0_300 subband_ratio_300_1k subband_ratio_1k_3k4 subband_ratio_3k4_5k subband_ratio_5k_8k bandedge_drop_300 bandedge_drop_3400 hf_void_frac hf_slope spec_centroid spec_spread spec_flatness spec_rolloff85 spec_rolloff95 spec_crest spec_tilt spec_skew spec_kurtosis srmr_mean srmr_max srmr_band1 srmr_band4 env_decay_slope env_decay_t12 gap_flatness mod_syllable_ratio f0_mean f0_std voiced_frac thd_proxy thd2_ratio thd3_ratio crest_factor_mean crest_factor_std dyn_range_db plateau_frac hbcorr_3k4_4k hbcorr_4k_8k qnoise_flatness noisefloor_var dead_floor_frac gating_drop_rate comfort_noise_score mean_energy_db zcr_mean zcr_std resonance_peak_db flux_mean flux_std silence_frac
feature_infos=[-1.2222580909729004:2.9764471054077148] [-2.597489595413208:2.1667516231536865] [-1.002403736114502:5.058220386505127] [-0.39607551693916321:28.661211013793945] [-0.16295722126960754:33.729591369628906] [-3.1002507209777832:4.2275485992431641] [-2.7818357944488525:5.5518083572387695] [-1.841841459274292:1.1490710973739624] [-0.036263979971408844:30.937345504760742] [-1.9014692306518555:7.7240290641784668] [-2.2962074279785156:7.0428638458251953] [-0.30896347761154175:12.29139232635498] [-1.6023576259613037:8.4679431915283203] [-1.9775179624557495:6.8950810432434082] [-3.1298189163208008:1.1794133186340332] [-1.6714968681335449:2.6310248374938965] [-6.7530503273010254:6.231407642364502] [-1.4900329113006592:5.3058743476867676] [-4.8514108657836914:0.49635747075080872] [-7.7554264068603516:0.30468180775642395] [-2.2067439556121826:0.8653712272644043] [-4.5462665557861328:0.51166796684265137] [-2.0317397117614746:5.4079756736755371] [-1.8197556734085083:2.1716125011444092] [-0.3426680862903595:6.253115177154541] [-2.478355884552002:1.8497236967086792] [-3.9761664867401123:4.4185810089111328] [-1.9528793096542358:1.9200636148452759] [-7.1152758598327637:0.64343321323394775] [-2.0109255313873291:1.167544960975647] [-1.8931596279144287:1.1846144199371338] [-1.5041018724441528:1.2815698385238647] [-5.8314228057861328:9.3123760223388672] [-2.0141959190368652:7.7322449684143066] [-2.6550123691558838:2.4437136650085449] [-1.7221932411193848:10.190013885498047] [-4.5420231819152832:1.4541456699371338] [-4.7358922958374023:1.5214017629623413] [-0.37708401679992676:5.142852783203125] [-1.3828809261322021:6.5827183723449707] [-3.3773417472839355:1.3817157745361328] [-0.5929114818572998:8.0954980850219727] [-3.5032279491424561:0.84536373615264893] [-3.6659448146820068:2.122211217880249] [-2.1799843311309814:7.5587630271911621] [-1.8549628257751465:4.8408036231994629] [-1.2349021434783936:6.3958282470703125] [-11.018939971923828:5.2138972282409668] [-1.299235463142395:7.3461332321166992] [-0.48584610223770142:7.2336673736572266]
tree_sizes=3400 3425 3434 3439 3428 3429 3435 3434 3455 3437 3434 3441 3441 3435 3436 3441 3452 3445 3443 3451 3437 3426 3429 3445 3447 3438 3441 3446 3449 3436 3440 3446 3443 3441 3454 3434 3458 3450 3436 3424 3450 3457 3459 3448 3446 3450 3444 3454 3450 3456 3452 3451 3440 3452 3445 3451 3448 3454 3467 3466 3446 3457 3452 3457 3465 3454 3454 3442 3465 3460 3462 3475 3469 3471 3450 3470 3459 3459 3464 3461 3455 3460 3467 3475 3467 3459 3451 3468 3463 3457 3438 3450 3454 3457 3455 3464 3466 3467 3473 3468 3457 3480 3460 3465 3471 3469 3476 3466 3456 3479 3473 3466 3466 3466 3473 3479 3492 3467 3473 3469 3460 3479 3472 3478 3477 3485 3472 3481 3472 3459 3465 3468 3473 3473 3489 3479 3473 3482 3473

Tree=0
num_leaves=31
num_cat=0
split_feature=42 39 49 30 17 47 31 43 38 11 0 15 29 42 42 47 2 39 0 30 43 40 43 4 1 4 42 29 17 38
split_gain=5090.45 2069.44 1438.95 790.031 364.253 292.255 237.035 309.993 216.366 161.036 146.152 125.762 104.646 93.365 90.0765 65.6623 51.2585 47.5412 42.9068 39.8465 39.456 38.411 38.1199 67.4027 37.8324 37.6152 35.2312 50.068 34.9389 34.426
threshold=0.63974404335021984 -0.38052922487258906 -0.38208919763565058 0.32999806106090551 -0.47692343592643732 -0.27851212024688715 1.2812902331352236 0.65255272388458263 -0.37393063306808466 -0.30376112461090082 -1.1795675754547117 -0.79556930065155018 -0.65446072816848744 0.67850416898727428 0.56688323616981517 -0.077128250151872621 -0.37087032198905939 0.74934920668602001 -1.1676679849624632 -0.23167032748460767 0.82107314467430126 0.26139292120933538 1.4533984065055849 -0.16202533245086667 1.0049799084663393 -0.16295670717954633 0.66724827885627758 0.6033969819545747 -0.48204275965690607 -0.34499433636665339
decision_type=2 2 2 2 2 2 2 2 2 2 2 2 2 2 2 2 2 2 2 2 2 2 2 2 2 2 2 2 2 2
left_child=1 2 3 5 12 9 22 11 -5 28 -4 -8 13 -2 -12 29 -17 25 21 -16 -7 -13 -3 -24 -6 -9 27 -14 -1 -10
right_child=4 6 10 8 24 20 7 17 15 -11 14 18 26 -15 19 16 -18 -19 -20 -21 -22 -23 23 -25 -26 -27 -28 -29 -30 -31
leaf_value=-0.22582839381850606 -0.24892997199812061 -0.31323270705824618 -0.15157050737201871 -0.28756917200029675 -0.31748043467458792 -0.30939571619084694 -0.18249503620150939 -0.2356743689535413 -0.15235747882153666 -0.15884950018884775 -0.31250922419897187 -0.13356131872581978 -0.19907552901199527 -0.13577903726970736 -0.30674884645378525 -0.30314191792973944 -0.16324203119408376 -0.29765418056226478 -0.3091335703795221 -0.19013390784114656 -0.17266979226002732 -0.30083878484379489 -0.31748043467458786 -0.13091444215277953 -0.19709013650468682 -0.12760805284321519 -0.11746543444801714 -0.12982412229013737 -0.31748043467458792 -0.11745957535971988
leaf_weight=18.737713843584061 31.732968002557755 1212.8953665494919 16.56175485253334 22.965927362442017 27.468637526035309 113.29025861620903 24.596804440021515 9.7967046797275525 88.750334501266479 93.104208171367645 299.39785492420197 6.8475198149681074 31.908892214298248 42.846773982048035 10.66850298643112 7.9847855269908896 36.372323244810104 5.774665266275405 178.31483778357506 23.375113397836685 5.5343298912048331 6.8797253966331482 12.313527166843416 7.9777119755744925 8.5589108467102033 45.223789215087891 729.24648454785347 143.37458297610283 23.364128470420837 346.86846518516541
leaf_count=49 132 6043 39 68 135 634 58 30 194 241 1542 15 88 95 57 46 98 19 863 68 17 33 74 16 27 86 1318 273 87 628
internal_value=-0.227785 -0.264644 -0.21271 -0.173947 -0.132742 -0.24582 -0.302701 -0.260944 -0.137644 -0.195544 -0.296545 -0.288942 -0.126997 -0.183924 -0.303746 -0.130471 -0.188426 -0.161174 -0.302576 -0.226678 -0.303028 -0.217396 -0.312096 -0.24413 -0.28888 -0.14685 -0.122303 -0.142431 -0.27669 -0.124569
internal_weight=3632.73 2617.6 1106.98 756.972 1015.14 254.031 1510.62 277.434 502.942 135.206 350.003 216.639 979.11 74.5797 333.441 479.976 44.3571 60.7952 192.042 34.0436 118.825 13.7272 1233.19 20.2912 36.0275 55.0205 904.53 175.283 42.1018 435.619
internal_count=13073 11005 3768 2062 2068 1028 7237 1104 1034 377 1706 969 1906 227 1667 966 144 135 911 125 651 48 6133 90 162 116 1679 361 136 822
is_linear=0
shrinkage=1


Tree=1
num_leaves=31
num_cat=0
split_feature=42 48 0 4 17 49 31 43 31 42 30 48 47 27 42 43 0 4 1 34 38 24 7 1 4 4 42 6 48 42
split_gain=4622.92 1958.33 765.086 679.677 326.585 214.089 199.026 225.241 119.857 180.923 99.2387 89.7479 83.4965 80.5989 67.8659 63.9329 63.1693 56.1609 52.8945 52.0619 52.8831 51.2218 50.6952 48.3755 44.5629 41.575 39.54 46.497 38.6685 45.3043
threshold=0.63285496830940258 -0.68526270985603321 -1.106053292751312 -0.16273730248212812 -0.47876818478107447 -0.46509471535682673 1.0137981772422793 0.63457834720611583 0.27412284910678869 0.67521971464157116 0.72863253951072704 -0.34859274327754969 -0.18446941673755643 1.7375092506408694 0.56857585906982433 1.5216657519340517 -1.1758936047554014 -0.16295496374368665 1.6468152999877932 0.56829798221588146 -0.36596266925334925 -0.34017175436019892 0.6194303333759309 1.0049799084663393 -0.16295663267374036 -0.16064839065074918 0.031657965853810317 -1.1766885519027708 -0.55042916536331166 0.082597170025110259
decision_type=2 2 2 2 2 2 2 2 2 2 2 2 2 2 2 2 2 2 2 2 2 2 2 2 2 2 2 2 2 2
left_child=1 3 5 10 8 18 15 11 9 17 -1 13 19 26 -12 28 -7 22 -3 20 -5 -16 -2 -6 -9 -17 27 -8 29 -4
right_child=4 2 6 12 23 16 7 24 -10 -11 14 -13 -14 -15 21 25 -18 -19 -20 -21 -22 -23 -24 -25 -26 -27 -28 -29 -30 -31
leaf_value=-0.052811145405171324 -0.052394192405828745 0.093763958192021976 -0.022995138164680892 -0.086518256354151973 -0.08654162438183445 0.038620613295039838 -0.044916211600188653 -0.03667510618734026 0.10155619711245234 0.095664163404525965 -0.053999647633820258 -0.077550104762922067 -0.054563313660474705 0.073442651751062224 -0.05458259407020391 -0.086399047210017482 -0.073013530720774433 0.089055826367032159 0.0051045980783685574 -0.087064058860684967 0.095065723235365135 0.069245759476266822 0.032339427233300466 0.032563081936329209 0.075127732163092431 0.10001926512822745 -0.057652182288536837 0.074817270139996436 -0.082353867078583748 -0.073226265538005639
leaf_weight=131.26599034667015 39.826692372560501 97.437900245189667 60.830132782459259 4.0569575130939475 28.865747615695 18.415193453431129 18.509856924414635 10.992137432098387 812.28990533947945 140.51288637518883 23.379730090498924 169.74177344143391 10.154651671648024 18.770147979259491 10.163886249065397 4.6787135303020468 40.634099274873734 15.898483693599699 20.333565726876259 4.0636082291603079 343.54743185639381 46.829353287816048 31.703962653875351 12.098432511091231 47.112502038478851 8.2906059324741346 79.192540869116783 14.429183900356291 1201.8177557736635 171.28353877365589
leaf_count=436 174 191 220 13 141 56 63 41 1464 276 74 918 52 40 30 30 205 36 64 13 649 100 93 36 97 15 327 29 6490 696
internal_value=0.000441814 -0.036221 -0.05976 0.0451536 0.0871123 0.0394995 -0.0694801 -0.0361426 0.0925655 0.0605264 -0.02602 -0.0535599 0.0867848 -0.0224515 0.0177356 -0.0777459 -0.0381992 0.00405418 0.0784567 0.0908664 0.0929464 0.0471628 -0.0148384 -0.051365 0.0539771 0.0327684 -0.0385035 0.0075339 -0.0787455 -0.0600622
internal_weight=3637.13 2555.93 1982.47 573.462 1081.2 176.821 1805.65 358.748 1040.23 227.942 211.639 300.644 361.823 130.902 80.373 1446.9 59.0493 87.4291 117.771 351.668 347.604 56.9932 71.5307 40.9642 58.1046 12.9693 112.132 32.939 1433.93 232.114
internal_count=13069 10849 9482 1367 2220 516 8966 1515 2043 579 640 1377 727 459 204 7451 261 303 255 675 662 130 267 177 138 45 419 92 7406 916
is_linear=0
shrinkage=0.05


Tree=2
num_leaves=31
num_cat=0
split_feature=39 40 42 29 0 31 34 40 39 49 40 29 34 47 30 20 6 42 26 48 1 39 4 42 29 42 17 42 24 42
split_gain=4156.76 2194.8 698.292 523.182 320.67 236.431 225.895 219.509 130.728 121.914 95.7344 91.0294 78.3183 75.0171 71.3258 69.1499 53.0922 52.0504 46.6833 44.6639 42.1405 40.4133 51.1811 60.5675 53.7452 37.5767 35.6392 35.228 34.4264 32.9827
threshold=-0.39113436639308924 0.35493114590644842 0.64851728081703197 0.0087391808629035967 -1.1552844047546384 1.2812902331352236 -0.63432103395462025 -0.021121324039995667 0.38314488530159002 -0.38208919763565058 -0.51872605085372914 1.1312102079391482 0.83890247344970714 -0.27851212024688715 0.24586630612611773 0.72384434938430797 0.94428181648254406 0.61151739954948436 -0.70212310552597035 -0.78973218798637379 -2.2839591503143306 -0.51360315084457386 -0.16295105963945386 0.65308085083961498 1.1674883961677553 0.58842319250106823 -0.50311523675918568 -2.3376879692077632 -0.3408538401126861 -1.2710588574409483
decision_type=2 2 2 2 2 2 2 2 2 2 2 2 2 2 2 2 2 2 2 2 2 2 2 2 2 2 2 2 2 2
left_child=1 3 5 6 12 -2 10 8 15 11 20 17 -3 18 16 29 -4 19 -8 -6 -1 -5 23 24 -23 -9 -12 -24 -13 -7
right_child=2 4 14 21 9 7 13 25 -10 -11 26 28 -14 -15 -16 -17 -18 -19 -20 -21 -22 22 27 -25 -26 -27 -28 -29 -30 -31
leaf_value=-0.088564682307397419 -0.077785723579767527 0.099097726201386016 -0.08851625577857912 0.096437313293795776 0.084652010889695595 -0.086972549775780755 -0.072963283448353206 -0.076197777347824236 -0.074942046535065948 -0.076701009219876479 0.055745008350788883 -0.085907385289899607 -0.088275126859855391 -0.071638101222623873 0.091287566021016578 -0.063374671273489863 0.057829303445260861 0.066869622510846147 0.03468752413889855 -0.067712188990760799 0.0778308549234078 -0.059127891289913317 -0.08652888605445419 0.082805256838042518 0.048970192027562892 0.01751829885408266 -0.067658673514799927 0.097643558824568072 0.075938246220995098 0.064379404238888313
leaf_weight=3.9216963201761237 1215.9223383367062 42.91459709405899 10.945788979530336 996.02054010331631 5.1644900143146506 3.7470810711383811 13.399533137679098 140.16637633740902 29.663944035768509 303.29478485882282 8.4483386576175707 3.7320231497287777 6.4098352938890448 65.651943728327751 76.493141487240791 13.27969655394554 14.286158502101896 9.5154653340578061 40.540230393409729 70.041563466191292 127.89163281023502 19.114892229437828 2.6494834721088401 54.895210713148117 28.858224436640739 11.57988005876541 19.028946399688721 129.70112293958664 27.475246086716652 91.436147809028625
leaf_count=20 6153 81 58 1840 10 13 73 710 123 1575 22 12 32 395 142 62 30 24 121 311 285 69 17 104 73 31 75 234 60 199
internal_value=0.000175844 0.048696 -0.0595468 0.0780287 -0.0458426 -0.0681121 0.0161913 -0.0275343 0.0180706 -0.060031 0.0551826 -0.0164185 0.0747481 -0.0357434 0.0672415 0.043509 -0.00565639 -0.0433088 0.00794528 -0.0572492 0.0728803 0.0920352 0.0733946 0.0469394 0.0058985 -0.0690462 -0.0297162 0.0939567 0.0565834 0.0584211
internal_weight=3586.19 1978.67 1607.52 1510.12 468.548 1505.8 278.882 289.873 138.127 419.224 159.291 115.929 49.3244 119.592 101.725 108.463 25.2319 84.7215 53.9398 75.2061 131.813 1231.24 235.219 102.868 47.9731 151.746 27.4773 132.351 31.2073 95.1832
internal_count=12954 5433 7521 3328 2105 7291 991 1138 397 1992 402 417 113 589 230 274 88 345 194 321 305 2337 497 246 142 741 97 251 72 212
is_linear=0
shrinkage=0.05


Tree=3
num_leaves=31
num_cat=0
split_feature=42 40 39 0 17 47 20 29 43 39 34 29 4 42 17 38 39 34 29 7 42 30 1 27 26 17 17 39 43 37
split_gain=3734.68 1667.34 647.234 589.261 271.458 198.009 183.112 159.7 165.589 164.861 162.353 119.278 99.2951 87.0048 64.0244 58.2906 55.1969 85.5334 70.9815 50.2554 44.3246 49.3786 43.1962 43.0548 41.8253 40.1987 40.1203 39.9617 39.7114 39.4114
threshold=0.63285496830940258 -0.79174402356147755 -0.13194165378808972 -1.106053292751312 -0.47876818478107447 -0.077128250151872621 -1.0791152715682981 0.95143514871597301 0.75322934985160839 -0.39113436639308924 0.60672453045845043 -0.62539327144622792 -0.16295043379068372 0.67850416898727428 0.8822017014026643 -0.37393063306808466 -0.58352574706077565 0.65381205081939708 0.269909217953682 0.079404424875974669 0.66724827885627758 1.0859175324440005 1.0049799084663393 1.5450425148010256 -1.1960657238960264 0.90772330760955822 0.039066325873136527 -0.62197852134704579 0.86916351318359386 0.41430656611919409
decision_type=2 2 2 2 2 2 2 2 2 2 2 2 2 2 2 2 2 2 2 2 2 2 2 2 2 2 2 2 2 2
left_child=1 2 5 6 11 12 25 16 9 10 15 13 -1 -2 19 -9 17 18 -5 -7 21 29 -6 28 -14 -3 -4 -17 -8 -13
right_child=4 3 26 7 22 14 23 8 -10 -11 -12 20 24 -15 -16 27 -18 -19 -20 -21 -22 -23 -24 -25 -26 -27 -28 -29 -30 -31
leaf_value=-0.065322019702973105 -0.024160307892931748 0.081593061349087254 0.017441892670254477 -0.044120843651893088 -0.08186945991565503 0.096019635067203249 -0.052647306816597884 -0.08443500272646963 0.06632086248986846 -0.073642061568974404 -0.071923178391431281 0.0050955159923686648 -0.038559692145515384 0.077205836037760822 -0.083131227204256572 0.090859338987834326 -0.07733335897759952 -0.081355497537773533 0.045532114829118113 -0.083294339494407871 0.093675274777576034 0.085357288398432499 0.031055612667708468 0.085535540260830087 0.090325923722735471 -0.085832289873606471 -0.073544779088784928 0.019018733159276401 0.088076653366096949 0.080566661427083588
leaf_weight=10.859469547867773 42.866251870989799 97.020177811384201 13.797461718320845 76.113086923956871 28.855639159679413 12.655745491385462 60.895230069756508 8.7840495705604535 35.306145578622818 225.37503045797348 55.238983377814293 44.640003234148026 6.4060787558555594 41.822088271379471 24.321895956993103 35.250999838113785 1141.1317542344332 106.66169695556164 31.098369210958481 5.6527378708124152 728.9527885466814 135.82080088555813 11.986113071441649 7.4722521454095832 361.80141185224056 3.7227326780557624 99.39901427924633 42.932822734117508 5.4629873037338248 28.242032945156097
leaf_count=44 184 189 39 352 144 26 291 29 76 1089 307 128 32 93 159 70 6036 567 84 35 1305 253 35 16 690 13 439 137 10 57
internal_value=-0.000664631 -0.0344216 0.0437031 -0.056046 0.077676 0.072199 0.0315683 -0.0647469 -0.037109 -0.0470434 -0.00488889 0.0827258 0.0836888 0.0258979 -0.0299681 0.037689 -0.0729645 -0.0496543 -0.0181156 0.0406565 0.0878585 0.0675416 -0.0487286 -0.0282494 0.0880836 0.0754062 -0.0624545 0.0514097 -0.0410621 0.0343408
internal_weight=3530.55 2467.36 534.894 1932.47 1063.19 421.697 174.573 1757.89 402.888 367.582 142.207 1022.34 379.067 84.6883 42.6304 86.9679 1355 213.873 107.211 18.3085 937.656 208.703 40.8418 73.8305 368.207 100.743 113.196 78.1838 66.3582 72.882
internal_count=12929 10730 1464 9266 2199 986 519 8747 1708 1632 543 2020 766 277 220 236 7039 1003 436 61 1743 438 179 317 722 202 478 207 301 185
is_linear=0
shrinkage=0.05


Tree=4
num_leaves=31
num_cat=0
split_feature=39 49 29 15 43 15 48 0 5 0 4 43 44 31 43 15 2 39 15 39 43 29 37 20 4 20 26 34 29 39
split_gain=3488.92 1723.88 586.734 495.796 261.181 256.624 207.016 176.772 141.379 135.147 95.2133 67.1525 66.9255 61.8381 119.201 53.1896 50.7891 48.866 42.9802 36.8202 73.151 43.7691 32.6598 28.0506 26.6309 24.6724 24.4572 23.0245 32.3125 31.7131
threshold=-0.39113436639308924 -0.38208919763565058 0.11239108443260194 -1.0264536142349241 1.3260998129844668 -0.82820749282836903 -0.73509532213211048 -1.1758936047554014 -0.449335366487503 -1.1758936047554014 -0.16286077350378034 1.2389931082725527 -0.98669728636741627 1.2812902331352236 0.63457834720611583 -0.80236974358558644 -0.87311980128288258 -0.56764826178550709 -0.69961822032928456 -0.54775744676589955 0.43887130916118627 1.1674883961677553 -1.0460677146911619 -0.48203133046627039 -0.16295670717954633 -1.6041818857192991 -0.88731154799461354 0.63073232769966137 0.29757596552371984 -0.6410173475742339
decision_type=2 2 2 2 2 2 2 2 2 2 2 2 2 2 2 2 2 2 2 2 2 2 2 2 2 2 2 2 2 2
left_child=1 2 5 8 7 26 16 23 -2 -3 -6 -8 17 -9 15 -15 -7 -4 -11 -14 21 25 -16 -5 -24 -21 -1 28 -20 -30
right_child=3 9 12 4 10 6 11 13 -10 18 -12 -13 19 14 22 -17 -18 -19 27 20 -22 -23 24 -25 -26 -27 -28 -29 29 -31
leaf_value=-0.040744773142935328 -0.066410560367205301 0.068206592991185186 0.05892072750587786 0.082219013356648815 -0.079217234237060452 -0.055681482406226369 -0.06086969155300101 -0.074461494743447168 0.079113003167769591 0.016340732388653967 0.088948244141050306 0.091675022435338691 0.088944648993443468 0.019056736453204794 -0.06993155741091335 -0.071340425193509735 0.058684084873858657 -0.060572376408373846 -0.073692410787991755 0.088589395042351068 0.084868515334721117 0.056390425779060019 -0.03004658322449956 -0.045422066385155474 0.073925405102342065 -0.033741330845846823 0.079663200765908465 -0.076124479356997454 0.057209961545165014 -0.048604987661385379
leaf_weight=4.4065887182950965 20.9010089635849 20.24345637857914 23.536786094307899 22.428701460361484 10.863090023398398 11.196350961923597 150.61653792858124 1154.5125442147255 82.840780407190323 15.48548550903797 37.382501527667046 7.577493041753768 903.78549587726593 17.95271235704422 6.7764211893081656 173.88076804578304 73.017414033412933 13.442139968276022 37.130983278155327 4.8662067055702236 227.46087412536144 65.906904593110085 7.9949880093336096 5.3264919370412818 26.815526440739632 26.941828921437263 98.183011204004288 243.31143489480019 12.404778778553011 16.49832521378994
leaf_count=20 122 46 51 43 70 51 795 6036 173 50 71 14 1667 45 23 883 179 43 204 9 419 153 28 24 55 99 197 1335 31 73
internal_value=-0.000259049 0.0442819 0.0660066 -0.0558334 -0.0633187 0.00820366 -0.01985 -0.0672175 0.0497942 -0.0571374 0.0510837 -0.0535628 0.0817592 -0.069716 -0.0462443 -0.0628806 0.043479 0.015484 -0.0649489 0.0837534 0.069325 0.0331429 0.0304961 0.0577234 0.050046 -0.0150264 0.0744912 -0.0690181 -0.0428339 -0.0031908
internal_weight=3523.69 1956.01 1610.94 1567.68 1463.93 344.997 242.408 1415.69 103.742 345.074 48.2456 158.194 1265.94 1387.93 233.42 191.833 84.2138 36.9789 324.831 1228.96 325.176 97.7149 41.5869 27.7552 34.8105 31.808 102.59 309.346 66.0341 28.9031
internal_count=13009 5436 3697 7573 7278 1256 1039 7137 295 1739 141 809 2441 7070 1034 928 230 94 1693 2347 680 261 106 67 83 108 217 1643 308 104
is_linear=0
shrinkage=0.05


Tree=5
num_leaves=31
num_cat=0
split_feature=39 40 29 42 43 0 47 31 43 29 34 26 15 15 48 15 39 43 46 31 43 39 4 2 15 13 23 32 20 34
split_gain=3157.76 1689.83 479.294 463.753 235.039 205.192 176.785 128.016 205.616 97.3783 95.0393 80.0538 79.0686 68.8202 52.5916 50.5286 49.8962 64.2173 47.9029 43.3045 39.9645 37.4866 41.1011 26.7835 26.5047 23.31 22.5392 22.5083 21.3284 20.9056
threshold=-0.3593446016311645 0.44467087090015417 0.12534020096063617 0.63285496830940258 1.0719404220581057 -1.106053292751312 -0.27851212024688715 1.2812902331352236 0.63457834720611583 0.21927296370267871 0.6663653850555421 -0.67874890565872181 -0.80236974358558644 -0.76812130212783802 -0.7770833671092986 -1.154469311237335 -0.51360315084457386 0.59697014093399059 0.8490966558456422 0.77738410234451305 1.5923143625259402 0.65387529134750377 -0.16295670717954633 1.5193653106689455 -0.86300083994865406 -1.1870468854904173 0.34797029197216039 0.27901905775070196 -1.3873385190963743 0.63073232769966137
decision_type=2 2 2 2 2 2 2 2 2 2 2 2 2 2 2 2 2 2 2 2 2 2 2 2 2 2 2 2 2 2
left_child=1 2 4 7 6 10 11 20 12 15 -3 23 28 -7 -15 -5 -4 19 27 -18 -2 22 26 -1 -8 -19 -10 -13 -9 -16
right_child=3 5 16 9 -6 13 24 8 21 -11 -12 18 -14 14 29 -17 17 25 -20 -21 -22 -23 -24 -25 -26 -27 -28 -29 -30 -31
leaf_value=-0.068203157848611792 -0.072582217867268983 0.078404410484982076 0.084710658656274432 0.081350671196881427 0.083743144472348624 0.054784614636286026 0.035224845951903005 0.097903712275326404 -0.085197647132033247 0.072292460916472054 -0.062221817540120829 0.06175933844997842 -0.069083007233661786 0.033268806907646484 -0.049785113433689999 -0.05666391396248132 -0.030372390341597985 -0.084234604406148716 -0.039113337391267995 0.046959098676983162 0.041341384093777619 -0.066377291765251589 0.082274266482256553 0.070063641389573023 -0.068540378283012807 0.081778913427847724 0.072900366886291285 -0.02136092978484759 -0.0056027548375203609 -0.07521908292247606
leaf_weight=26.069593086838726 1088.0391884893179 44.090517401695251 964.27540184557438 8.5653691142797452 85.508228644728661 12.869341209530829 6.5674837827682486 7.9755536317825344 6.4860079139471036 77.321520566940308 16.514946490526199 92.307444825768471 169.44993686676025 13.714985147118567 122.95998607575893 29.376522526144981 23.771414622664452 2.1429283916950217 15.82711425423622 75.925327703356743 7.7530223578214637 6.3971931934356681 44.192315921187401 4.0460264831781378 97.754885986447334 159.05409997701645 3.4553790092468262 8.9327612370252591 13.237520590424536 235.59638561308384
leaf_count=127 5867 90 1797 17 167 30 20 14 26 152 79 213 871 34 557 130 90 7 49 182 26 23 83 10 595 295 7 39 37 1341
internal_value=-0.000267442 0.040435 0.0649366 -0.0561591 0.0121311 -0.0454346 -0.012216 -0.0643961 -0.0322017 0.0400992 0.0400839 0.0230763 -0.0576905 -0.0588917 -0.0628215 -0.0255072 0.0794621 0.0600633 0.0417792 0.0285204 -0.0717762 0.048084 0.0616103 -0.049627 -0.062008 0.079572 -0.0302467 0.0544254 0.0333129 -0.066497
internal_weight=3470.18 2007.93 1562.18 1462.25 337.014 445.746 251.505 1346.99 251.194 115.263 60.6055 147.183 190.663 385.141 372.271 37.9419 1225.17 260.894 117.067 99.6967 1095.79 60.5309 54.1337 30.1156 104.322 161.197 9.94139 101.24 21.2131 358.556
internal_count=12975 5722 3591 7253 1220 2131 1053 6954 1061 299 169 438 922 1962 1932 147 2371 574 301 272 5893 139 116 137 615 302 33 252 51 1898
is_linear=0
shrinkage=0.05


Tree=6
num_leaves=31
num_cat=0
split_feature=39 40 15 29 0 43 43 47 5 0 34 15 4 26 48 31 43 40 15 15 46 39 38 39 43 31 16 26 39 4
split_gain=2924.47 1578.58 367.986 357.013 238.066 181.989 179.297 161.98 122.069 115.899 105.468 89.3002 68.5864 59.7769 59.1332 53.5738 102.25 46.8868 45.4014 35.6686 35.2265 33.9731 30.6615 29.7365 38.0624 31.183 26.6095 25.4513 24.6954 24.3729
threshold=-0.3593446016311645 0.3083993941545487 -1.0264536142349241 0.17064480483531955 -1.0951188206672666 1.349975109100342 0.78447610139846813 -0.27851212024688715 -0.34906804561614985 -1.1676679849624632 0.83890247344970714 -0.69961822032928456 -0.16286077350378034 -0.51377081871032704 -0.78038838505744923 1.2812902331352236 0.63457834720611583 0.26139292120933538 -0.80236974358558644 -0.86300083994865406 1.5455819368362429 0.026855506934225563 -0.36379542946815485 -0.51360315084457386 0.60684925317764293 1.220006585121155 -0.51658663153648365 -0.90022099018096913 -0.50957342982292164 -0.16295670717954633
decision_type=2 2 2 2 2 2 2 2 2 2 2 2 2 2 2 2 2 2 2 2 2 2 2 2 2 2 2 2 2 2
left_child=1 3 8 6 10 9 7 13 -2 17 28 22 -7 26 -13 -11 18 -4 -17 -9 -15 29 -6 -5 25 -25 -1 -8 -3 -18
right_child=2 4 5 23 11 12 27 19 -10 15 -12 14 -14 20 -16 16 21 -19 -20 -21 -22 -23 -24 24 -26 -27 -28 -29 -30 -31
leaf_value=0.030198736119478743 -0.060168266109393478 0.083181392305040319 0.071760371801118231 0.08205276200258986 0.055004326956009597 -0.075455927342455098 -0.081248020326920578 0.056110532760889897 0.074661426762606994 -0.070622846767369019 -0.079568099175840235 0.038750365859065106 0.079366929839975897 0.055099353058439215 -0.064364970507089017 0.01815829160294689 -0.020003264196034376 -0.081678747285179487 -0.068119822207036815 -0.068735486019450204 -0.056814516588303846 -0.037141776061134966 -0.064178125938003816 -0.0038795716569481466 0.077674154991593192 0.057452562553199304 -0.062888022277638511 0.074460170502562165 -0.0068479258870746745 0.089276284826793839
leaf_weight=11.838181763887404 22.04099628329277 53.445105388760567 21.685390263795856 918.26070067286491 23.856443718075756 9.2832686901092512 2.6886265724897376 6.1563330292701712 70.423257723450661 1064.5515565872192 14.451490819454191 14.453839495778082 31.177391082048416 93.817930459976196 365.16358357667923 16.888091132044792 6.8582310229539862 6.4624269008636466 156.99005702137947 80.915799453854561 7.6010744273662558 13.027005687355993 6.9740189164876929 30.623516708612442 158.76462040841579 64.11196494102478 21.841799318790436 109.82775232195854 8.8831043839454633 19.92905938625336
leaf_count=39 129 103 45 1721 55 62 12 15 147 5835 79 34 61 232 1951 43 23 34 825 509 25 43 29 103 297 143 104 228 29 36
internal_value=0.000345364 0.0395564 -0.0539679 0.064859 -0.0386762 -0.0605922 0.0193146 -0.00672898 0.0425216 -0.0638267 0.0421326 -0.0537925 0.0438445 0.0275455 -0.0604389 -0.0660367 -0.0431897 0.0365325 -0.05974 -0.0599084 0.0467117 0.029089 0.0280446 0.0778677 0.0627081 0.0376268 -0.0301689 0.0707395 0.0703503 0.0612979
internal_weight=3432.99 1993.68 1439.32 1506.45 487.228 1346.85 334.687 222.171 92.4643 1306.39 76.7797 410.448 40.4607 135.099 379.617 1278.24 213.692 28.1478 173.878 87.0721 101.419 39.8143 30.8305 1171.76 253.5 94.7355 33.68 112.516 62.3282 26.7873
internal_count=12991 5708 7283 3428 2280 7007 1164 924 276 6884 211 2069 123 400 1985 6805 970 79 868 524 257 102 84 2264 543 246 143 240 132 59
is_linear=0
shrinkage=0.05


Tree=7
num_leaves=31
num_cat=0
split_feature=39 40 42 29 43 47 31 43 0 34 29 20 26 39 5 9 40 34 46 39 3 43 7 27 17 24 43 5 31 20
split_gain=2691.16 1403.9 481.053 421.938 183.359 156.18 149.883 190.677 137.912 74.4037 65.6716 63.6629 61.5435 57.7392 56.6954 54.5217 50.3076 53.9795 45.5048 40.4443 30.4697 29.7907 31.3581 28.2543 26.3976 25.5163 24.6346 23.0888 19.5307 19.3453
threshold=-0.38052922487258906 0.57904323935508739 0.64851728081703197 0.0087391808629035967 1.0719404220581057 -0.27851212024688715 1.2812902331352236 0.75322934985160839 -1.1758936047554014 0.61811041831970226 0.29757596552371984 -1.5384421944618223 -0.70212310552597035 -0.63385930657386769 0.52154207229614269 -0.86372831463813771 0.095208153128623976 -0.62261140346527089 1.4231714606285097 -0.50495705008506764 3.9474836587905888 1.5597770810127261 0.53634941577911388 1.9200553297996523 0.38864192366600042 -0.25656354427337641 0.64363273978233349 -0.449335366487503 1.0833318233489992 -0.33963353931903834
decision_type=2 2 2 2 2 2 2 2 2 2 2 2 2 2 2 2 2 2 2 2 2 2 2 2 2 2 2 2 2 2
left_child=1 3 6 4 5 12 21 11 -3 10 -10 14 20 -12 -8 -4 29 -18 -14 -19 -1 -2 -23 -13 -9 -15 28 -17 -21 -5
right_child=2 8 15 16 -6 -7 7 24 9 -11 13 23 18 25 -16 27 17 19 -20 26 -22 22 -24 -25 -26 -27 -28 -29 -30 -31
leaf_value=-0.064388764037171781 -0.068253908242916189 0.066215544040941224 -0.078026026709546517 0.079512860553089662 0.079248339491908015 -0.063627535320711512 -0.054995818305346368 0.071506038301156191 -0.061066093785304837 -0.072317703491604379 0.063613544288733004 -0.063968064370504701 0.048094042326267433 -0.057980769045085173 0.072154237413308328 -0.031370999626070865 -0.074933517384462092 0.070094328667350048 -0.05563061421937348 -0.082977255551834952 0.068323376472596162 0.095809976418921458 -0.075714355279026563 0.019051721784732953 -0.047701244316672629 0.063339267571344601 0.094703897715913199 0.07257573588236059 0.012702374506935461 0.063907154324786358
leaf_weight=26.165483757853512 1082.0558588653803 24.667351588606834 7.0803743153810492 865.29178701341152 68.127269953489304 94.539360702037811 16.012862384319305 47.351034745573997 58.058768793940544 234.47571544349194 29.273494854569435 166.05178999900818 98.38152414560318 23.774087831377987 19.374840795993805 5.7006946653127661 9.2041140645742399 77.25228425860405 11.847148001193998 8.4380185306072271 5.1814797371625891 5.6964066028594953 5.0065982788801193 10.922675266861914 5.149086356163024 5.3002715706825247 5.5727859735488883 84.947380736470222 14.496871590614319 257.73757807910442
leaf_count=132 6074 55 40 1612 133 590 54 93 305 1377 64 886 250 99 39 22 31 167 39 43 12 10 34 37 15 16 10 166 43 580
internal_value=-0.000273972 0.0386311 -0.0515411 0.0597415 0.00698595 -0.0138642 -0.0592538 -0.0255088 -0.0480611 -0.0560949 -0.0234175 -0.0466024 0.019366 0.0140445 0.0146191 0.0556013 0.0727064 0.0412041 0.0369459 0.0513114 -0.0424522 -0.0674328 0.0155752 -0.0588442 0.0598145 -0.0358641 0.000412016 0.0660387 -0.0224993 0.0759313
internal_weight=3373.13 1917.79 1455.35 1542.24 304.242 236.115 1357.62 264.862 375.55 350.882 116.407 212.362 141.576 58.3479 35.3877 97.7284 1237.99 114.964 110.229 105.76 31.347 1092.76 10.703 176.974 52.5001 29.0744 28.5077 90.6481 22.9349 1123.03
internal_count=13028 5558 7470 3642 1156 1023 7242 1124 1916 1861 484 1016 433 179 93 228 2486 294 289 263 144 6118 44 923 108 115 96 188 86 2192
is_linear=0
shrinkage=0.05


Tree=8
num_leaves=31
num_cat=0
split_feature=40 42 31 42 29 31 48 49 38 43 42 47 15 17 6 42 38 42 47 37 29 26 4 48 42 38 7 34 7 27
split_gain=2462.55 894.427 510.561 308.784 235.609 205.207 176.876 148.174 139.316 94.7272 76.4893 60.333 56.1576 55.7949 51.2139 49.3633 45.3391 45.0635 107.453 49.2994 38.5916 46.6304 37.7794 33.2622 51.8246 31.7037 28.4984 28.0687 26.7086 34.5993
threshold=-0.44418041408061976 0.60505062341690075 0.37507639825344091 0.6699253022670747 0.31350989639759069 1.0241726040840151 -0.7639138102531432 -0.38208919763565058 -0.28869822621345514 1.3260998129844668 0.55497291684150707 0.27455866336822515 -0.6335470676422118 -0.42160126566886896 0.84110146760940563 0.57309466600418102 -0.37242312729358668 0.66724827885627758 -0.061027757823467248 -0.069419413805007921 -0.042982717975974076 -0.13701179623603818 -0.16295651346445081 -0.65024119615554798 0.10627231374382974 -0.36459963023662562 0.51557913422584545 -0.011766953393816946 0.68174096941947948 0.73655065894126903
decision_type=2 2 2 2 2 2 2 2 2 2 2 2 2 2 2 2 2 2 2 2 2 2 2 2 2 2 2 2 2 2
left_child=2 5 3 6 14 23 12 8 10 20 -7 -10 -1 -6 -3 -9 -12 18 25 -20 -8 -22 -16 24 27 28 -11 -2 29 -4
right_child=1 4 17 -5 13 7 9 15 11 26 16 -13 -14 -15 22 -17 -18 -19 19 -21 21 -23 -24 -25 -26 -27 -28 -29 -30 -31
leaf_value=-0.042605981530349342 0.069085878493040917 -0.05646969461777876 -0.032849790018828331 0.067282738248202176 0.06488479703953888 -0.059008221090505297 -0.061623706102367629 -0.063446264091243029 0.075431220473811678 0.087725320593314698 -0.051880322237561817 -0.057993972942958993 0.063960690865278128 -0.077751084753748631 -0.020690929809792955 0.040436158177776162 0.052176093826384828 0.079441784805619142 -0.053704439042404899 0.048918822446432905 -0.072984712236858873 0.019745276715141993 0.076558101131106476 -0.068850572038628877 -0.055431012106737232 0.072350724080619239 -0.052240279237877864 -0.060603014323278373 0.078426333900725995 0.061028980026529289
leaf_weight=15.179778113961218 14.369378030300142 64.00171060860157 22.015012234449387 146.34911167621613 237.68472516536713 73.803304836153984 173.44156052172184 166.25438915193081 67.920544266700745 17.478975713253025 14.926024928689001 9.6801843196153623 66.610133603215218 7.0597364157438269 28.182312771677971 12.280306443572043 35.051353976130486 529.06394563615322 28.993932515382767 19.623377487063408 21.517443463206291 36.646317824721336 15.468053266406057 984.00872655212879 113.01321628689766 341.19435761868954 4.5922820568084708 5.8791184425353995 21.272904127836227 17.709895089268684
leaf_count=47 30 339 63 316 493 314 985 1023 134 32 50 58 156 37 109 34 89 989 144 54 105 124 32 5990 428 673 29 22 41 37
internal_value=0.000318774 -0.0380127 0.0488224 0.00668084 0.0336557 -0.0548815 -0.0197571 -0.0231373 0.00626379 -0.0403723 -0.0266643 0.0587873 0.0441825 0.0607704 -0.027989 -0.0563008 0.0210991 0.069544 0.057928 -0.0122827 -0.0498044 -0.0145598 0.0137705 -0.0656757 -0.0422327 0.0664151 0.0586032 0.0314309 0.033214 0.00900262
internal_weight=3311.27 1849.58 1461.69 481.816 352.397 1497.19 335.466 379.916 201.381 253.677 123.781 77.6007 81.7899 244.744 107.652 178.535 49.9774 979.873 450.809 48.6173 231.605 58.1638 43.6504 1117.27 133.262 402.192 22.0713 20.2485 60.9978 39.7249
internal_count=12977 9182 3795 1794 1010 8172 1478 1702 645 1275 453 192 203 530 480 1057 139 2001 1012 198 1214 229 141 6470 480 814 61 52 141 100
is_linear=0
shrinkage=0.05


Tree=9
num_leaves=31
num_cat=0
split_feature=39 40 42 29 34 43 29 31 43 47 26 15 39 9 41 40 24 15 39 32 43 43 4 42 39 0 0 15 3 46
split_gain=2328.2 1156.93 420.306 301.324 183.953 163.618 144.705 134.482 149.645 126.174 69.449 65.0633 50.5578 47.0793 34.4876 33.7693 33.0766 32.0993 33.851 30.9634 28.9844 27.7587 42.4916 27.6322 26.6023 26.5685 25.604 23.8414 23.7637 23.5741
threshold=-0.38052922487258906 0.37344887852668768 0.64851728081703197 0.12534020096063617 0.61811041831970226 1.0719404220581057 0.92542609572410595 1.2812902331352236 0.65255272388458263 -0.27851212024688715 -0.70212310552597035 -0.80236974358558644 -0.63385930657386769 -0.86372831463813771 -0.29295453429222101 -1.757040202617645 -0.28562079370021815 -0.82153180241584767 -0.66681891679763783 -0.99559378623962391 -0.16611435264348981 1.4533984065055849 -0.16202533245086667 0.68461090326309215 0.74934920668602001 -1.1961490511894224 -1.2112529277801511 -0.61500734090805043 3.9474836587905888 0.33471967279911047
decision_type=2 2 2 2 2 2 2 2 2 2 2 2 2 2 2 2 2 2 2 2 2 2 2 2 2 2 2 2 2 2
left_child=1 3 7 5 6 9 17 21 11 10 28 -9 -8 -4 -5 -13 27 -3 -19 -12 29 -2 -23 -11 -10 -17 -6 -14 -1 -16
right_child=2 4 13 14 26 -7 12 8 24 23 19 15 16 -15 20 25 -18 18 -20 -21 -22 22 -24 -25 -26 -27 -28 -29 -30 -31
leaf_value=-0.065243237352959005 -0.065319341706445669 0.083503999113249364 -0.074456807992559521 0.072430923823365467 0.064116716864894771 0.075339809162899424 0.07722556308135671 0.030747300263164187 0.056456349368599737 -0.063247145448984562 -0.066002444514414269 0.056446082915184131 0.035845749142745569 0.062289766947556328 -0.058016155990851428 0.051712337297044123 0.074610414491134355 0.0010895867906242326 -0.064412800480512442 0.045939102653022319 0.054974927794807782 -0.072024858414039342 0.078531818216214591 0.051097013160179811 -0.058423561587365593 -0.064522818590796324 -0.067259403033195039 -0.066098749593074616 0.070797727109478709 0.065678454557622126
leaf_weight=25.051312834024433 1023.9708141535521 5.0202971398830405 6.7766229063272467 1057.6444371640682 3.7691324204206458 80.709235280752182 54.488996163010597 24.660395354032516 54.06195193529129 79.468876302242279 6.5633604675531378 6.3854260593652716 8.8213984072208387 88.404383555054665 12.172184035182001 5.0780577063560477 10.663824021816252 27.364284783601761 70.644697576761246 105.04948709905148 52.343225613236427 10.405749097466471 8.526529520750044 5.6598807722330085 5.5573298782110205 154.27159710228443 231.09581671655178 16.392635643482212 3.6818615794181815 5.6351109594106665
leaf_count=130 6036 10 40 2078 8 160 106 59 117 525 24 15 23 189 63 12 24 108 377 265 129 74 17 16 20 870 1423 76 8 13
internal_value=0.000164666 0.0366995 -0.0488497 0.0582367 -0.0354149 0.0142482 0.000697328 -0.0563147 -0.0233798 -0.00761973 0.0215105 -0.0450261 0.0468784 0.0525538 0.0701791 -0.0563007 0.000789045 -0.039808 -0.0461244 0.0393564 0.0362291 -0.0642102 -0.00421865 -0.0556448 0.045748 -0.0608187 -0.0651511 -0.0304324 -0.047811 -0.018873
internal_weight=3250.34 1862.24 1388.1 1433.98 428.261 306.184 193.396 1292.92 250.015 225.475 140.346 190.395 90.3669 95.181 1127.79 165.735 35.8779 103.029 98.009 111.613 70.1505 1042.9 18.9323 85.1288 59.6193 159.35 234.865 25.214 28.7332 17.8073
internal_count=13015 5566 7449 3411 2155 1128 724 7220 1093 968 427 956 229 229 2283 897 123 495 485 289 205 6127 91 541 137 882 1431 99 138 76
is_linear=0
shrinkage=0.05


Tree=10
num_leaves=31
num_cat=0
split_feature=39 40 42 29 34 43 29 47 43 30 29 0 26 15 39 39 43 29 42 46 24 31 43 47 48 27 48 47 15 45
split_gain=2157.86 1073.4 375.692 278.723 145.39 138.612 128.614 116.558 106.381 112.115 98.0658 93.3824 49.4028 45.2264 43.213 37.5687 60.7795 36.8757 38.7787 33.6725 33.3678 32.5817 76.3869 31.0739 29.7187 24.4846 28.7542 23.129 28.4101 26.4065
threshold=-0.38574926555156702 0.43849839270114904 0.62041515111923229 0.0087391808629035967 0.63073232769966137 1.0719404220581057 0.92542609572410595 -0.28973260521888727 1.2942276000976565 0.21444349735975268 0.30697029829025274 -1.1830742359161375 -0.67874890565872181 -1.154469311237335 -0.63385930657386769 -0.57478746771812428 0.43887130916118627 1.1674883961677553 0.64851728081703197 0.67675912380218517 -0.25656354427337641 1.2812902331352236 0.63457834720611583 0.84910872578620922 -0.75220593810081471 1.7695232033729555 -0.42294301092624659 -0.31631910800933832 -1.0504370927810667 -0.81303352117538441
decision_type=2 2 2 2 2 2 2 2 2 2 2 2 2 2 2 2 2 2 2 2 2 2 2 2 2 2 2 2 2 2
left_child=1 3 8 5 6 7 24 12 11 -10 13 -2 -1 -4 -8 -5 17 18 -17 -14 -16 -13 25 -15 -3 -23 -27 28 -12 -30
right_child=2 4 10 15 -6 -7 14 -9 9 -11 27 21 19 23 20 16 -18 -19 -20 -21 -22 22 -24 -25 -26 26 -28 -29 29 -31
leaf_value=-0.040949487192114956 0.055635159573150607 0.036506920743279374 0.067013585390744521 0.073329607083019985 -0.065021464547781196 0.072686097323841917 0.07389804465842853 -0.056461597087075349 -0.066772305389079717 0.081135067720180198 0.070201584203329476 -0.065244314196843914 0.048484161303443685 -0.058768215463702728 -0.034282469941600474 -0.040062393929743811 0.067579077125050624 0.045615990568511205 0.066114215293964898 -0.034009351152928413 0.076222246360625773 -0.063402847518899588 0.022402710169322475 0.10000885028933758 -0.054642025439315879 0.09762904271283572 -0.056510359170758688 0.07310899996911488 -0.08083325544436562 0.029862354210034719
leaf_weight=25.937988236546516 17.298883110284805 10.082688912749289 10.440815553069113 761.29040057957172 217.07622371613979 68.038685142993927 46.858405590057373 80.78256830573082 23.558255761861801 28.087816461920738 18.923848003149033 949.64768463373184 85.237361147999763 44.671082779765129 22.761648759245872 32.177270889282227 266.89912940561771 77.850236237049103 11.736090689897535 14.470150157809256 9.7608169317245466 147.86933289468288 36.489280447363853 3.3098016977310172 79.090809568762779 5.3167741596698761 7.0211196690797788 61.89902937412262 8.7535199224948901 14.010673478245733
leaf_count=125 43 26 25 1528 1367 138 92 535 168 54 37 5815 215 209 90 123 541 188 23 46 21 839 97 6 424 10 37 125 28 37
internal_value=0.000145778 0.0360326 -0.0470169 0.0560668 -0.0379685 0.0107946 -0.00312768 -0.00960489 -0.0565515 0.0136674 0.0245056 -0.059668 0.0205212 -0.0272939 0.0431642 0.0668723 0.054224 0.0249503 -0.0116861 0.0365122 -0.0011172 -0.061408 -0.0428862 -0.0478155 -0.044336 -0.0577566 0.009913 0.0537198 0.0249304 -0.0127035
internal_weight=3187.35 1810.05 1377.3 1424.42 385.631 274.467 168.554 206.428 1215.29 51.6461 162.009 1163.64 125.645 58.4217 79.3809 1149.95 388.663 121.764 43.9134 99.7075 32.5225 1146.34 196.697 47.9809 89.1735 160.207 12.3379 103.587 41.688 22.7642
internal_count=13012 5482 7530 3462 2020 1059 653 921 7063 222 467 6841 386 240 203 2403 875 334 146 261 111 6798 983 215 450 886 47 227 102 65
is_linear=0
shrinkage=0.05


Tree=11
num_leaves=31
num_cat=0
split_feature=39 40 42 29 34 31 43 43 29 29 48 20 15 15 9 43 11 15 39 39 7 39 4 6 48 41 43 20 26 40
split_gain=2011.23 956.194 416.504 231.235 154.476 128.478 141.618 124.542 107.862 104.84 90.5764 61.9371 49.7465 42.812 41.2459 35.4593 70.3718 34.3503 33.3084 30.3464 33.5323 29.381 28.4121 28.0942 28.0442 24.2485 23.7837 22.8582 22.8373 21.6733
threshold=-0.41194589436054224 0.43849839270114904 0.62512269616127025 0.12534020096063617 0.61811041831970226 1.2812902331352236 0.63457834720611583 0.78447610139846813 0.99169102311134349 0.30697029829025274 -0.67225396633148182 -1.5384421944618223 -1.154469311237335 -0.86300083994865406 -0.28554716706275934 1.2557321786880495 -0.29234246909618372 -0.6853048801422118 -0.57837483286857594 0.65387529134750377 0.6194303333759309 -0.63385930657386769 -0.16293168067932126 0.47760535776615148 -0.77044576406478871 -0.29295453429222101 -0.056282360106706612 -0.33963353931903834 -0.90022099018096913 -2.1753511428833003
decision_type=2 2 2 2 2 2 2 2 2 2 2 2 2 2 2 2 2 2 2 2 2 2 2 2 2 2 2 2 2 2
left_child=1 3 5 7 8 15 11 10 17 12 18 14 -4 -12 -7 -2 -17 -3 23 20 -8 -10 -23 -1 -19 -5 -11 -27 -9 -13
right_child=2 4 9 25 -6 6 19 28 21 26 13 29 -14 -15 -16 16 -18 24 -20 -21 -22 22 -24 -25 -26 27 -28 -29 -30 -31
leaf_value=0.0077846764913737307 -0.064494318807697126 0.054688370965951562 0.071402250828105945 0.068762250138052816 -0.063946115218612584 -0.062022585761208164 0.067341946527501126 -0.07822537382176295 0.07164592907005346 -0.09437131054675392 0.060581319853627184 0.062464328325068402 -0.049539011284690793 -0.055177029546461948 0.063687489668953823 -0.068683221964375915 0.064538866318879021 0.045008026371479291 -0.032921808964663998 -0.060179736783345143 -0.064747881179024858 -0.037581959019616709 0.063962555016224193 0.065529086415027235 -0.057071146399777707 0.068133619569274495 0.060092091155531741 0.0094202360887300513 0.068154150305396913 -0.060063682830725745
leaf_weight=39.397028908133507 939.95223996043205 9.279265344142912 10.456969156861303 994.43842647969723 205.1697039976716 9.7517169713974017 50.686223745346069 2.7457627803087226 44.77458618581295 2.5491350144147864 8.8702075779438001 3.6988192200660697 45.494450084865093 80.247175477445126 19.719682514667511 25.790206179022789 16.101090826094151 7.4517673999071112 20.113316670060158 6.3912799507379523 5.3078303188085547 15.908029824495317 12.149786129593847 45.264717936515808 69.307345643639565 31.833817049860954 111.40968951582909 34.588704109191895 90.088751465082169 148.73434349894524
leaf_count=145 5923 23 24 2036 1331 36 104 14 89 12 21 8 204 507 43 198 37 18 84 24 20 64 27 106 380 67 234 125 192 885
internal_value=0.000290177 0.0366171 -0.0442486 0.0560409 -0.0352851 -0.0544151 -0.0219674 0.0162014 0.00172845 0.0291164 -0.00660031 -0.0442618 -0.0269358 -0.0436551 0.0220916 -0.0624884 -0.0174788 -0.0361768 0.024917 0.0430392 0.0548208 0.0465067 0.00638954 0.0386579 -0.0471613 0.0668086 0.0566369 0.0375594 0.0638247 -0.0570905
internal_weight=3107.67 1711.63 1396.04 1347.59 364.04 1226.13 244.29 286.727 158.871 169.91 193.892 181.905 55.9514 89.1174 29.4714 981.844 41.8913 86.0384 104.775 62.3853 55.9941 72.8324 28.0578 84.6617 76.7591 1060.86 113.959 66.4225 92.8345 152.433
internal_count=12981 5229 7752 3297 1932 7278 1120 1069 601 474 863 972 228 528 79 6158 235 421 335 148 124 180 91 251 398 2228 246 192 206 893
is_linear=0
shrinkage=0.05


Tree=12
num_leaves=31
num_cat=0
split_feature=39 40 42 30 42 47 31 43 0 15 30 15 39 4 15 15 24 15 26 48 43 4 49 29 6 17 4 24 0 6
split_gain=1852.62 906.135 329.679 286.592 125.823 118.936 104.396 137.661 104.133 74.4981 60.7052 54.9176 44.9822 63.0295 61.7377 42.1127 40.8491 40.6467 37.5912 34.9935 30.0782 46.6875 27.2308 25.2691 23.5496 23.4803 24.8137 23.0721 22.7135 22.4612
threshold=-0.39113436639308924 0.56717282533645641 0.63558214902877819 -0.016825045458972451 0.67850416898727428 -0.31214101612567896 1.2812902331352236 0.65255272388458263 -1.1758936047554014 -0.69961822032928456 0.30497285723686224 -0.80236974358558644 -0.54775744676589955 -0.16295365244150159 -0.93888697028160084 1.9220333099365237 -0.34163723886013025 -1.1704137921333311 -0.86073958873748768 -0.75220593810081471 1.3724097609519961 -0.16202533245086667 1.0000000180025095e-35 1.0488485693931582 0.55860188603401195 0.36496748030185705 -0.16295670717954633 -0.33398532867431635 -1.1676679849624632 0.35847564041614538
decision_type=2 2 2 2 2 2 2 2 2 2 2 2 2 2 2 2 2 2 2 2 2 2 2 2 2 2 2 2 2 2
left_child=1 3 6 4 5 16 20 11 -3 27 17 -8 -5 14 -14 -15 -1 -4 -18 22 -2 -22 -11 -16 -25 26 -9 -10 -13 -6
right_child=2 8 10 12 29 -7 7 25 9 19 -12 28 13 15 23 -17 18 -19 -20 -21 21 -23 -24 24 -26 -27 -28 -29 -30 -31
leaf_value=-0.072773760812761892 -0.062070716701770612 0.058649606011571077 0.074528749465921404 0.06916601788913368 -0.083201444316858192 -0.058016432497130947 0.030811983240264525 -0.018983207982948426 0.067984276215843117 0.052430493195634434 0.059075326987787086 0.0086561259054412972 0.05714464751596008 0.070232871149448831 -0.050446567532708445 -0.086240756250475809 -0.035882119589836302 -0.045725024419415408 0.042824050081836824 -0.059822314321803544 -0.06822390624853257 0.070696283344310232 -0.070002585819205362 -0.03043630164762906 0.043992977769626747 -0.036650518726057915 0.072051453132700088 -0.071651266846599185 -0.060851913712000084 0.067383139454726307
leaf_weight=10.919507995247839 923.28213594853878 24.517048358917236 9.2175506353378278 803.10395531356335 2.5659906566143027 87.948244757950306 20.963967263698578 9.137740030884741 16.93327367305756 12.80536971986294 80.00647497177124 12.778330393135546 60.717960104346275 169.82486786693335 26.346658699214458 4.4117292910814276 18.437111243605614 29.568178281188011 85.633920595049858 266.0294451713562 13.477246731519701 10.971487298607824 7.0374011546373358 18.787022098898888 24.469985127449036 7.989941954612731 41.39742910861969 3.5844549238681784 146.49665983021259 70.886746510863304
leaf_count=38 5975 58 19 1693 17 598 51 29 39 29 172 48 132 354 98 29 90 132 220 1705 105 23 28 63 55 26 82 17 881 153
internal_value=-0.000339397 0.0338246 -0.0452259 0.0515957 0.00604797 -0.014248 -0.053177 -0.0236284 -0.0405052 -0.0484395 0.0341889 -0.0452624 0.0629611 0.0465991 0.0202983 0.0662709 0.0192275 -0.0171463 0.0288806 -0.0550447 -0.0606212 -0.0058828 0.0090086 -0.0118442 0.0116675 0.0429977 0.0555906 0.0435899 -0.0552754 0.0621226
internal_weight=3020.25 1714.96 1305.29 1384.05 276.392 202.939 1186.49 238.764 330.907 306.39 118.792 180.239 1107.66 304.558 130.322 174.237 114.991 38.7857 104.071 285.872 947.731 24.4487 19.8428 69.6037 43.257 58.5251 50.5352 20.5177 159.275 73.4527
internal_count=12959 5416 7543 3540 1116 946 7220 1117 1876 1818 323 980 2424 731 348 383 348 151 310 1762 6103 128 57 216 118 137 111 56 929 170
is_linear=0
shrinkage=0.05


Tree=13
num_leaves=31
num_cat=0
split_feature=39 40 42 29 15 34 0 31 43 34 6 15 9 48 40 40 4 15 1 39 7 39 4 15 6 34 48 26 43 21
split_gain=1721.63 904.462 271.588 216.038 163.194 113.661 110.988 77.1178 110.611 57.0366 48.5561 47.8656 46.7971 45.4285 43.6998 34.0339 29.7335 37.3702 29.4439 27.5327 25.8304 25.4373 34.2901 53.8714 27.447 26.9067 23.4236 21.9381 21.9167 21.4162
threshold=-0.3593446016311645 0.19491901248693469 0.63558214902877819 0.12534020096063617 -0.6853048801422118 -0.71748039126396168 -1.0951188206672666 1.2812902331352236 0.86916351318359386 0.83890247344970714 0.68379151821136486 -0.80236974358558644 -0.86372831463813771 -0.78038838505744923 -0.51872605085372914 -1.6362000703811643 -0.16295105963945386 -1.1168497800827024 -2.2839591503143306 -0.50495705008506764 -1.6029838323593137 -0.51360315084457386 -0.16295105963945386 -0.93888697028160084 -1.5299119949340818 -0.76271653175353993 -0.72421011328697193 -0.90022099018096913 1.5597770810127261 0.51146551966667186
decision_type=2 2 2 2 2 2 2 2 2 2 2 2 2 2 2 2 2 2 2 2 2 2 2 2 2 2 2 2 2 2
left_child=1 3 7 5 19 14 9 28 11 -6 26 -9 -4 -8 18 20 17 -14 -1 -3 -13 -5 23 -23 -24 -25 -7 -20 -2 -27
right_child=2 4 12 21 6 10 13 8 -10 -11 -12 15 16 -15 -16 -17 -18 -19 27 -21 -22 22 24 25 -26 29 -28 -29 -30 -31
leaf_value=-0.078498451247663956 -0.060936542025865528 0.061337342811880052 -0.070402955736504555 0.067597733609941299 0.053040197130767824 0.014128331726213587 0.026360943822697804 0.023585708953510899 0.05447558680097464 -0.070507099075678994 0.024695522604808784 -0.079236688197566962 0.068688042628800974 -0.055366686617592156 -0.031530643763247511 -0.058747219680144624 0.075437004982259082 -0.022835011478296318 -0.016105831470695872 -0.022731398068799709 0.10026259586572578 0.06095274352881469 -0.067145541837912978 -0.061014601988615615 0.071080501711185518 0.068022630774092166 -0.058062778763876104 0.060679145946203383 0.017917111340212597 -0.020579933753650248
leaf_weight=4.2705821692943564 878.07623502612114 51.802471525967121 9.739591643214224 798.24428667128086 42.358769454061985 13.514772668480871 17.939256206154823 23.631276667118073 35.111979752779007 11.984843753278254 34.998907476663589 2.9896122217178345 19.774248182773587 325.85596249252558 18.291803196072578 144.55319132655859 42.036460280418396 25.582921586930755 10.062501534819601 11.994039431214331 6.0806660652160627 52.703274413943291 3.7103388011455527 17.909294262528419 111.96944560110569 11.974835157394409 66.650690414011478 123.11806157231331 8.9012884721159917 15.843441143631935
leaf_count=25 5891 120 58 1716 105 50 45 60 76 76 121 12 42 2051 71 882 84 89 39 48 11 112 20 55 235 26 462 281 38 58
internal_value=-0.00038753 0.0312842 -0.0465844 0.0528804 -0.02871 0.0132222 -0.0406064 -0.0536653 -0.0266012 0.0257933 -0.0244404 -0.0426615 0.0335568 -0.0511021 0.0410718 -0.0528521 0.0451426 0.0170661 0.0507337 0.045532 0.0410987 0.0634929 0.0481896 0.0264976 0.066647 -0.0132136 -0.0458924 0.0548776 -0.0601452 0.0175605
internal_weight=2941.68 1745.2 1196.48 1283.26 461.935 270.907 398.139 1099.34 212.367 54.3436 115.164 177.255 97.1332 343.795 155.743 153.623 87.3936 45.3572 137.451 63.7965 9.07028 1012.35 214.111 98.4308 115.68 45.7276 80.1655 133.181 886.978 27.8183
internal_count=12959 5716 7243 3271 2445 1049 2277 6970 1041 181 633 965 273 2096 416 905 215 131 345 168 23 2222 506 251 255 139 512 320 5929 84
is_linear=0
shrinkage=0.05


Tree=14
num_leaves=31
num_cat=0
split_feature=40 42 39 0 29 30 43 39 34 29 47 38 20 17 26 39 34 31 17 42 38 42 20 6 7 16 48 42 48 10
split_gain=1604.91 568.687 493.361 180.846 161.547 134.933 102.046 78.9685 98.8437 94.758 73.494 64.9572 61.4687 52.2861 43.4121 35.2259 43.2837 34.7904 32.6468 28.0827 36.1661 24.3295 21.0768 22.6476 20.7863 20.3915 18.9671 18.669 16.5133 22.9941
threshold=-0.43420913815498346 0.60505062341690075 -0.13194165378808972 -1.1472743749618528 0.24648939818143847 -0.37887458503246302 1.0719404220581057 -0.41194589436054224 0.59541642665863048 0.06515029072761537 -0.28973260521888727 -0.37191107869148249 -0.95549079775810231 -0.42160126566886896 -0.51377081871032704 -0.50957342982292164 -1.0092234611511228 1.2812902331352236 0.039066325873136527 0.031657965853810317 -0.36319518089294428 0.6699253022670747 -1.4276948571205137 0.49261739850044256 -1.7276051044464109 -0.63869503140449513 -0.7770833671092986 0.5271289348602296 -0.71702116727828968 -0.9483831226825713
decision_type=2 2 2 2 2 2 2 2 2 2 2 2 2 2 2 2 2 2 2 2 2 2 2 2 2 2 2 2 2 2
left_child=2 3 4 12 6 -3 10 8 9 28 14 -11 -2 15 25 -7 -17 -4 -19 24 27 -12 -18 -24 -13 -1 -16 -21 29 -5
right_child=1 5 17 7 -6 13 -8 -9 -10 11 21 19 -14 -15 26 16 22 18 -20 20 -22 -23 23 -25 -26 -27 -28 -29 -30 -31
leaf_value=0.057853535029744524 0.059736991393687683 -0.037360979142333182 -0.054433642627629987 -0.074944934995954116 0.063308031528374942 0.065418352602452365 0.065134764109618257 -0.061764157463185004 -0.061826100115620855 -0.062657285491070427 -0.056554305534247777 -0.045342321429955985 -0.037183743422067338 -0.07113203414679356 0.063973901357005591 -0.083218251757778861 0.073780272086601331 0.053989766646021453 -0.043190349999579415 -0.074310972718137358 -0.027767872430898302 0.034742156134491574 -0.045867695065887927 0.034491181029151212 0.08030828296348938 -0.047691160838916717 0.018870732837616935 0.06446955481287793 -0.060264310106126609 0.052127529217139368
leaf_weight=5.5376221984624889 49.268121428787708 63.063502751290798 122.07914055138826 6.1862647160887709 867.17072509974241 138.79386157542467 84.504125699400902 823.80180542171001 172.78421498090029 20.108075350522995 55.565902784466743 3.6265490800142279 24.491348631680012 9.346103906631468 40.487842947244644 8.3202470839023572 25.966700434684753 16.246561542153358 18.464012280106544 2.662614747881892 27.31784301251173 8.4005701243877393 10.764828786253927 47.264252886176109 35.621367737650871 26.36176586151123 54.936838865280151 26.958966068923473 70.822002001106739 8.3858629763126356
leaf_count=14 110 352 751 25 1946 309 189 5772 1237 72 414 18 135 56 89 33 53 37 77 16 114 27 43 125 73 123 162 67 465 24
internal_value=0.000169497 -0.0337592 0.0412977 -0.0484327 0.0527071 0.0277367 0.019375 -0.0531101 -0.0340722 -0.0102959 -0.000839695 0.0190717 0.0275551 0.0448096 0.0211273 0.0494983 0.025563 -0.0418748 0.00229558 0.0361572 0.0137271 -0.0445646 0.0363384 0.019584 0.068698 -0.029369 0.0380076 0.0519949 -0.0502907 -0.00181819
internal_weight=2875.31 1575.55 1299.76 1272.04 1142.97 303.519 275.795 1198.28 374.474 201.69 191.291 116.295 73.7595 240.456 127.324 231.11 92.316 156.79 34.7106 96.1873 56.9394 63.9665 83.9958 58.0291 39.2479 31.8994 95.4247 29.6216 85.3941 14.5721
internal_count=12928 9099 3829 8128 2964 971 1018 7883 2111 874 829 360 245 619 388 563 254 865 114 288 197 441 221 168 91 137 251 83 514 49
is_linear=0
shrinkage=0.05


Tree=15
num_leaves=31
num_cat=0
split_feature=39 40 42 31 34 29 42 47 31 43 42 39 5 15 47 15 38 39 6 15 48 43 48 43 30 15 10 39 38 7
split_gain=1465.33 761.153 255.821 187.372 140.734 135.031 109.7 110.08 78.9249 102.39 52.2295 50.1393 47.7381 47.6529 33.7548 37.4312 33.7511 30.5751 40.6595 29.444 28.3066 26.4559 24.7284 22.9564 39.52 22.676 21.7627 20.7245 20.6827 20.5823
threshold=-0.3593446016311645 0.19491901248693469 0.63012781739234935 0.50110587477684032 0.77137252688407909 0.92542609572410595 0.67850416898727428 -0.20817796885967252 1.2812902331352236 0.63457834720611583 0.23925239592790606 -0.63385930657386769 -0.42517171800136561 -0.80236974358558644 -0.31631910800933832 -1.0264536142349241 -0.28595736622810358 -0.56764826178550709 0.60640054941177379 -0.61500734090805043 -0.67225396633148182 0.82107314467430126 -0.83335977792739857 1.3724097609519961 0.21444349735975268 -0.84129497408866871 -0.97967934608459462 0.45944167673587805 -0.3679406195878982 0.6194303333759309
decision_type=2 2 2 2 2 2 2 2 2 2 2 2 2 2 2 2 2 2 2 2 2 2 2 2 2 2 2 2 2 2
left_child=1 3 8 6 5 20 7 10 23 13 -1 -7 -4 -10 15 -14 19 18 22 -13 26 -9 -12 -2 -25 -22 -3 29 -8 -11
right_child=2 4 12 -5 -6 11 28 21 9 27 17 16 14 -15 -16 -17 -18 -19 -20 -21 25 -23 -24 24 -26 -27 -28 -29 -30 -31
leaf_value=0.055216347690720619 -0.059475672033768447 -0.056009808437601866 -0.047765625831714675 0.062993944457064813 -0.062071072783314189 0.065216679136964981 0.065366540049845795 -0.062258786693391799 0.031230048896335513 0.06224975844722961 0.065462140264198956 0.026865580959789966 0.064020031309617295 -0.054586816549811082 0.069200018292955287 -0.04111179964350449 0.059420770122918513 -0.027956894552279482 0.064977569545506375 -0.059092405501388272 0.079130154710512102 0.032590431068706696 -0.037689349042479309 -0.060848566460775855 0.076897313405331916 -0.052099752292997487 0.027702101257544787 -0.04032038734837215 -0.019521931764252199 -0.031997715187091373
leaf_weight=73.598603047430515 802.32238191366196 11.14677147567272 16.443566627800465 857.63850378990173 169.78150213509798 64.376335799694061 113.83809728175402 61.915374860167503 18.36459518969059 39.371911033987999 7.5013588815927497 17.003287047147751 15.332506641745566 135.76637302339077 55.017375394701958 18.906751774251461 17.503326520323753 50.311041116714478 31.268086306750774 24.058692499995232 3.3930277675390235 8.3424107581377012 25.770090572535992 13.487747035920622 8.4815796315669996 110.40100798010826 25.582383014261723 7.6803696602582923 7.658177822828292 6.7922380343079558
leaf_count=191 5735 45 89 1948 1248 145 256 462 45 86 17 45 33 873 121 74 44 165 75 119 7 29 133 108 17 711 78 28 34 24
internal_value=0.000250074 0.029909 -0.0435643 0.0500417 -0.0263148 -0.00411544 0.0208247 0.00241947 -0.0511503 -0.0236261 0.022334 0.0347611 0.0305209 -0.0443618 0.0449434 0.00596675 0.00128367 0.00126234 0.0240399 -0.0234982 -0.0358683 -0.0509964 -0.0144329 -0.0580949 -0.00766976 -0.0481868 0.00229674 0.0357303 0.0600158 0.0483829
internal_weight=2819.06 1681.09 1137.97 1237.84 443.246 273.465 380.203 258.707 1032.27 207.975 188.449 122.942 105.7 154.131 89.2566 34.2393 58.5653 114.851 64.5395 41.062 150.523 70.2578 33.2714 824.292 21.9693 113.794 36.7292 53.8445 121.496 46.1641
internal_count=12985 5752 7233 3310 2442 1194 1362 1072 6916 1056 581 353 317 918 228 107 208 390 225 164 841 491 150 5860 125 718 123 138 290 110
is_linear=0
shrinkage=0.05


Tree=16
num_leaves=31
num_cat=0
split_feature=39 40 42 29 29 40 42 47 40 30 39 4 39 4 4 30 4 42 48 17 39 4 15 42 20 21 22 6 2 31
split_gain=1385.43 711.839 209.579 183.853 126.987 92.9226 89.5743 80.0816 76.7512 92.5435 76.3338 52.6661 49.0144 48.6051 47.7472 40.1886 39.7423 38.3544 36.5072 24.8913 22.7478 33.3547 42.054 26.425 21.831 20.4789 21.4848 19.6526 19.5626 19.2425
threshold=-0.3593446016311645 0.19491901248693469 0.63012781739234935 0.17064480483531955 0.92542609572410595 1.0832954645156863 0.67521971464157116 -0.20817796885967252 -0.28511783480644221 0.21444349735975268 0.16264390945434573 -0.16295240074396131 -0.59761118888854969 -0.16295105963945386 -0.16276764869689939 0.71595931053161632 -0.16293168067932126 -1.3714771270751951 -0.67225396633148182 0.3412135541439057 -0.51360315084457386 -0.16295105963945386 -0.97177258133888234 -2.3376879692077632 -0.67560797929763783 0.17033276706933978 -0.21320264041423795 0.73818317055702221 -0.86492618918418873 1.0241726040840151
decision_type=2 2 2 2 2 2 2 2 2 2 2 2 2 2 2 2 2 2 2 2 2 2 2 2 2 2 2 2 2 2
left_child=1 3 8 6 18 12 7 11 9 -2 14 -1 -6 15 24 -4 -14 -16 -3 -18 -5 22 -22 -23 29 -24 -27 -28 -13 -11
right_child=2 4 13 20 5 -7 -8 -9 -10 10 -12 28 16 -15 17 -17 19 -19 -20 -21 21 23 25 -25 -26 26 27 -29 -30 -31
leaf_value=-0.023618584883986632 -0.056171275192510917 -0.0066982436810282837 -0.038942613207441905 0.063605479626822281 0.057613527730580739 -0.056576145079037382 0.05560055214023573 -0.057395715567146233 -0.058810953455154816 -0.04780238182214866 -0.046484017867669619 -0.030504180315855469 -0.035919770899617391 0.066415338335516383 -0.067272752982138306 0.042827500626350497 0.078378693390099105 0.07198981561711125 -0.055967460723323419 -0.047380095212286588 0.059323016039484588 -0.082999222378760201 0.028962514670017342 0.067075943159343912 -0.065408573913377441 -0.096096851465620234 -0.053482574310946197 0.045426442719691623 0.04932947252437947 0.063250136526876485
leaf_weight=53.834467709064484 142.74286467581987 45.440814860165119 34.748687438666821 729.21399243175983 69.250298678874969 42.043093040585518 83.972236499190331 54.783243767917156 719.53728536516428 6.4393551200628325 51.989388078451157 8.6185573711991292 37.123375847935677 41.685351803898811 5.4914415925741187 26.474906727671623 16.813714265823368 49.603301770985126 217.84635677188635 5.1367847174406043 43.617265731096268 3.0123821496963492 22.280637830495834 111.54222393035889 14.128859996795653 9.5769789218902606 10.266165502369406 9.8317293226718885 69.980764247477055 9.8943878412246704
leaf_count=225 1034 163 159 1703 174 311 210 430 5353 30 262 38 182 102 36 65 34 113 1564 24 98 20 54 250 74 35 40 25 184 23
internal_value=0.000187382 0.0292677 -0.0431716 0.0489588 -0.0256992 0.00793644 0.0126933 -0.00655178 -0.0501647 -0.0279688 0.00129911 0.0144806 0.0290728 0.0247714 0.0303348 -0.00358278 -0.00438447 0.0581091 -0.0474641 0.048949 0.0594287 0.0449338 0.0231243 0.0631295 -0.019898 -0.00726496 -0.0344655 -0.00509707 0.0405756 0.0194692
internal_weight=2746.92 1644.19 1102.74 1210.53 433.654 170.367 271.189 187.217 999.827 280.29 137.547 132.434 128.324 102.909 85.5573 61.2236 59.0739 55.0947 263.287 21.9505 939.341 210.127 95.5728 114.555 30.4626 51.9555 29.6749 20.0979 78.5993 16.3337
internal_count=13015 5764 7251 3312 2452 725 1087 877 6925 1572 538 447 414 326 276 224 240 149 1727 58 2225 522 252 270 127 154 100 65 222 53
is_linear=0
shrinkage=0.05


Tree=17
num_leaves=31
num_cat=0
split_feature=39 40 42 30 5 49 43 34 47 29 20 43 27 26 39 4 6 42 39 43 10 40 39 31 37 20 42 35 0 17
split_gain=1275.13 611.793 288.599 182.331 114.593 121.5 90.5244 89.6636 88.8473 66.866 63.2224 39.2354 41.0332 37.3631 31.87 49.0521 46.0124 30.7605 29.6501 28.3018 27.9057 22.9333 35.3485 40.3759 23.0935 21.9661 19.5441 18.9065 18.8927 18.49
threshold=-0.41194589436054224 0.57904323935508739 0.65610682964324962 0.090585354715585722 0.49322880804538732 -0.46509471535682673 1.0844826102256777 0.61811041831970226 -0.20817796885967252 0.29757596552371984 -1.133073031902313 1.1657771468162539 1.5769276618957522 -0.70212310552597035 -0.54775744676589955 -0.16295365244150159 0.72969585657119762 -2.2497670650482173 -0.66681891679763783 0.22124076634645465 -0.95889446139335621 -0.47171945869922632 0.044347239658236511 0.55351248383522045 0.45502151548862463 -1.4990165233612058 0.68461090326309215 -0.80350801348686207 -0.37638436257839197 -0.56039538979530323
decision_type=2 2 2 2 2 2 2 2 2 2 2 2 2 2 2 2 2 2 2 2 2 2 2 2 2 2 2 2 2 2
left_child=1 3 4 6 21 10 8 9 13 -3 -6 12 -12 28 -5 16 25 -17 -11 -4 -15 22 23 24 27 -16 -10 -2 -1 -25
right_child=2 7 19 14 5 -7 -8 -9 26 18 11 -13 -14 20 15 17 -18 -19 -20 -21 -22 -23 -24 29 -26 -27 -28 -29 -30 -31
leaf_value=0.043170918928556096 0.05096286717658545 -0.049368576433275177 -0.061792076500304896 0.062546341598714403 0.054053468600235514 -0.057589021103492677 0.066102875253268786 -0.058208751952858455 -0.060128932727152022 0.065885732468058761 -0.03626791919057467 0.066928487842773499 0.063368406620156331 -0.046165106685424763 0.039678161565713743 -0.084064532156084781 0.046640181463808106 0.06425249155807676 -0.00063605167033297901 0.055735819739506781 0.037982169461112235 -0.058759638321975317 -0.061335258597758027 -0.043670556002333528 0.056221696310449154 -0.040067481688564964 0.040502288943695723 -0.052456175345501121 -0.05309867727938427 0.086521331706583035
leaf_weight=6.4975238516926792 4.868658445775508 42.409573309123516 5.459561124444007 692.86960683017969 54.626056291162968 111.34428120404482 57.671799227595329 169.95657578855753 61.645172081887722 31.771510809659958 81.55360770970583 13.713091209530829 11.83259132504463 10.866564460098742 11.351125881075857 3.5868277326226226 53.526895925402641 137.80495060235262 35.431548573076725 82.940112747251987 105.59530222415924 669.16099025309086 75.546761646866798 3.4966202527284613 6.6113572120666495 36.093034848570824 5.2346433624625197 47.876643382012844 23.631632409989834 12.392768457531927
leaf_count=21 25 276 36 1669 133 880 131 1314 490 71 413 30 28 42 27 25 130 324 130 198 306 5098 521 14 23 131 16 318 138 30
internal_value=0.000351211 0.0311765 -0.0384195 0.046621 -0.0454474 -0.0173936 0.0105199 -0.0354685 -0.00449647 -0.000209349 0.0102801 -0.0120465 -0.0236434 0.0172915 0.0570874 0.0414813 0.0148631 0.06049 0.0308134 0.0484773 0.0301307 -0.0547902 -0.0371751 -0.0129185 -0.0318684 -0.0209882 -0.0522526 -0.0429101 -0.0323376 0.0578713
internal_weight=2667.37 1485.94 1181.42 1206.38 1093.02 273.07 271.143 279.569 213.471 109.613 161.725 107.099 93.3862 146.591 935.232 242.363 100.971 141.392 67.2031 88.3997 116.462 819.954 150.793 75.246 59.3567 47.4442 66.8798 52.7453 30.1292 15.8894
internal_count=12988 5241 7747 3450 7513 1484 1144 1791 1013 477 604 471 441 507 2306 637 288 349 201 234 348 6029 931 410 366 158 506 343 159 44
is_linear=0
shrinkage=0.05


Tree=18
num_leaves=31
num_cat=0
split_feature=39 49 42 29 43 48 0 0 43 4 29 39 43 29 42 15 6 15 29 43 39 4 10 15 27 39 4 15 13 47
split_gain=1176.14 602.162 231.063 215.014 103.388 85.4314 77.5755 69.3833 66.0772 72.9242 53.7313 42.3214 63.7281 39.9149 36.8272 31.6111 29.3968 28.0016 26.6606 63.1003 29.2603 50.8565 24.9956 23.3218 20.2128 20.1328 20.0845 40.9166 19.2072 17.0237
threshold=-0.38052922487258906 -0.38208919763565058 0.63012781739234935 0.0087391808629035967 1.0719404220581057 -0.73509532213211048 -1.1758936047554014 -1.1758936047554014 1.2557321786880495 -0.16255591064691541 -0.042982717975974076 -0.57478746771812428 0.42974500358104711 1.0488485693931582 0.56688323616981517 -0.82820749282836903 0.3050395548343659 -0.80859732627868641 0.70334753394126903 0.52840870618820202 0.23770436644554141 -0.16295152157545087 -0.95889446139335621 -1.154469311237335 0.2891520112752915 -0.6052754521369933 -0.1629558131098747 -0.93888697028160084 -0.49451252818107599 -0.31631910800933832
decision_type=2 2 2 2 2 2 2 2 2 2 2 2 2 2 2 2 2 2 2 2 2 2 2 2 2 2 2 2 2 2
left_child=1 3 6 4 5 22 -2 -3 18 -10 23 -5 13 17 -9 -7 -16 -13 -8 -20 21 -21 -1 -4 -18 -24 27 -14 -29 -12
right_child=2 7 10 11 -6 15 8 14 9 -11 29 12 26 -15 16 -17 24 -19 19 20 -22 -23 25 -25 -26 -27 -28 28 -30 -31
leaf_value=-0.04939507875847108 0.043522760695270148 0.048250764677009374 0.054273483002972051 0.061309945308810343 0.06243934953402841 0.021257092222329493 -0.058649446921935716 -0.057668629034827605 -0.062253041943516468 0.067149699137198704 0.019749973534614797 0.035117414957774484 0.053414452498375148 0.032182661192570614 -0.066822035461107529 -0.04967900467331815 -0.0052392267633207326 -0.052116017751862545 -0.052973211569942683 -0.034533090892835037 -0.048296624082787162 0.07444573313516846 0.050986461646316539 -0.05348918384188496 0.087623268597147586 -0.014128164487739609 0.065987971366317247 -0.0038866755385546202 -0.12957563249306653 0.065055128780227955
leaf_weight=9.4991548433899862 22.686246335506439 19.956702932715416 6.3648644536733654 637.53831322491169 56.887862995266914 18.385816603899002 626.71479944139719 196.75146449357271 19.577514722943306 24.527705274522305 34.69705855101347 12.947697415947912 54.502827987074852 79.504930920898914 12.82282108068466 107.72147183865309 17.763761647045616 31.776722155511379 210.46363238990307 19.01860149204731 18.473510600626469 24.491293296217918 55.303726240992546 23.774152390658855 8.7444251999258977 15.115551382303236 150.45456889271736 10.417765364050863 4.2917369604110709 51.526669435203075
leaf_count=39 64 54 16 1584 136 57 5079 1542 191 58 94 31 134 218 92 755 90 144 1455 83 93 56 146 133 19 56 359 29 16 122
internal_value=-9.89667e-05 0.0285585 -0.039826 0.0429268 0.0027703 -0.0137055 -0.0478444 -0.0412717 -0.0500419 0.00971015 0.0267364 0.0536842 0.0395472 0.0109257 -0.0488392 -0.0393369 -0.00467062 -0.026862 -0.0529728 -0.0399147 0.00442526 0.02681 0.0267394 -0.0307315 0.0253939 0.0370096 0.0557336 0.0334426 -0.0405585 0.046824
internal_weight=2582.7 1500.39 1082.32 1244.35 262.914 206.026 965.953 256.039 943.267 44.1052 116.363 981.435 343.896 124.229 236.082 126.107 39.331 44.7244 899.162 272.447 61.9834 43.5099 79.9184 30.139 26.5082 70.4193 219.667 69.2123 14.7095 86.2237
internal_count=12945 5501 7444 3704 1189 1053 7079 1797 7015 249 365 2515 931 393 1743 812 201 175 6766 1687 232 139 241 149 109 202 538 179 45 216
is_linear=0
shrinkage=0.05


Tree=19
num_leaves=31
num_cat=0
split_feature=39 40 42 31 34 15 47 29 40 29 39 4 4 39 4 7 29 6 24 43 38 43 20 48 15 4 4 32 10 39
split_gain=1115.41 563.507 185.474 182.083 109.524 101.891 89.7122 82.3325 59.6833 65.9147 61.7614 59.4707 52.2308 49.0728 48.6543 50.2278 40.3036 37.9696 30.8198 30.387 26.1077 25.7114 21.9456 20.0746 19.3003 19.3002 18.7062 18.6266 20.0624 17.3323
threshold=-0.35413642227649683 0.3083993941545487 0.62041515111923229 0.51115089654922496 0.6663653850555421 -0.99250522255897511 -0.20817796885967252 0.06515029072761537 -0.25140602886676783 -0.052842155098915093 0.16264390945434573 -0.16295152157545087 -0.16269773989915845 -0.59486195445060719 -0.16264729201793668 -1.5614432692527769 0.30697029829025274 0.4610432237386704 -0.28562079370021815 0.59697014093399059 -0.3750047087669372 0.82107314467430126 -0.91153866052627552 -0.76047945022582997 -0.63734886050224293 -0.16295694559812543 -0.16264729201793668 -0.30115735530853266 0.29929563403129583 -0.51360315084457386
decision_type=2 2 2 2 2 2 2 2 2 2 2 2 2 2 2 2 2 2 2 2 2 2 2 2 2 2 2 2 2 2
left_child=1 3 8 5 7 -1 12 23 9 -2 14 16 17 20 22 -16 -4 -7 24 -19 -9 -8 -11 -3 -15 -18 -23 -27 -29 -5
right_child=2 4 11 29 -6 6 21 13 -10 10 -12 -13 -14 18 15 -17 25 19 -20 -21 -22 26 -24 -25 -26 27 -28 28 -30 -31
leaf_value=0.060180958685344281 -0.056676244321371708 0.032626647430145726 -0.049098407154219682 0.061359706865941499 -0.057083038171828408 -0.046476724097153838 -0.058402342137125911 -0.081105397405612026 -0.057717994656149366 0.024647464709671957 -0.047182199422246107 0.066003237683719726 0.049351030118484254 0.01728548972129083 -0.01702255114891248 0.088353117975822515 0.067360641692588749 0.026779651734241846 0.064724145165099348 -0.055584797343012707 0.053711552051065772 -0.085088898173065572 -0.060805068718092381 -0.055891337764160845 -0.052967481597473901 -0.062470657646186367 0.070685855447109175 0.061080295271325059 -0.069342841222490723 0.043623849181225915
leaf_weight=92.087287545204163 114.80663325637579 7.1451389715075484 33.90441370010376 601.41752903163433 168.55928150564432 35.921489708125591 65.487593688070774 3.7797570228576651 632.09876687079668 12.485122598707678 52.954826138913631 41.19810938090086 76.642135061323643 13.993972912430761 17.128388106822968 33.281490713357925 16.06386486440897 75.102781698107719 10.063552811741827 13.160483606159685 71.919697813689709 2.6416262090206146 18.867890730500221 61.838381290435791 32.437327407300472 8.5934308767318743 7.1262653023004514 11.958588697016237 3.9135239422321311 178.67402973026037
leaf_count=224 961 19 190 1527 1405 180 531 13 5256 42 302 105 214 41 76 76 37 227 27 52 184 19 116 462 178 32 17 28 13 468
internal_value=-0.000655203 0.0263324 -0.0417351 0.043619 -0.0273532 0.0146367 -0.000554607 -0.00244373 -0.0495443 -0.0288385 -0.00511519 0.0178052 0.016893 0.0206626 0.0221301 0.0525483 -0.00887175 -0.00313895 -0.0146009 0.0144987 0.04698 -0.0471152 -0.0267769 -0.0467229 -0.0317939 0.0247794 0.0285582 -0.00317908 0.0289224 0.0572974
internal_weight=2515.25 1518 997.255 1148.26 369.737 368.17 276.082 201.178 881.623 249.524 134.718 115.632 200.827 132.194 81.7629 50.4099 74.4338 124.185 56.4949 88.2633 75.6995 75.2555 31.353 68.9835 46.4313 40.5294 9.76789 24.4655 15.8721 780.092
internal_count=13022 5788 7234 3459 2329 1464 1240 924 6829 1573 612 405 673 443 310 152 300 459 246 279 197 567 158 481 219 110 36 73 41 1995
is_linear=0
shrinkage=0.05


Tree=20
num_leaves=31
num_cat=0
split_feature=39 40 42 30 34 29 34 40 30 39 4 4 29 39 7 6 42 42 39 4 15 45 38 23 4 48 15 26 1 17
split_gain=1060.7 527.706 175.3 152.857 110.763 99.3436 69.3313 59.5046 66.5644 50.3635 47.7902 35.482 35.4643 34.7743 33.5244 28.6529 28.1136 28.0002 27.9037 36.7549 49.9 34.0105 26.3467 27.0231 26.209 24.1182 21.8674 20.4476 19.8011 17.6943
threshold=-0.35413642227649683 0.19491901248693469 0.622818022966385 -0.097528394311666475 0.77137252688407909 0.87905561923980724 -0.62261140346527089 -0.25140602886676783 0.19412461668252948 0.16264390945434573 -0.16294850409030912 -0.16264729201793668 0.34494265913963323 -0.59486195445060719 -1.8106860518455503 0.81476402282714855 0.67521971464157116 0.62712624669075023 -0.52590650320053089 -0.1629451587796211 -0.82820749282836903 1.3473826050758364 -0.37535725533962244 -0.1337466053664684 -0.16293168067932126 -0.75220593810081471 -0.9639986753463744 0.95691394805908214 -2.2839591503143306 0.36496748030185705
decision_type=2 2 2 2 2 2 2 2 2 2 2 2 2 2 2 2 2 2 2 2 2 2 2 2 2 2 2 2 2 2
left_child=1 3 7 6 5 17 16 8 -2 11 12 -10 -4 -7 -13 27 22 25 -5 20 -20 -21 -1 -24 -15 -3 -14 -8 -25 -26
right_child=2 4 10 18 -6 13 15 -9 9 -11 -12 14 26 24 -16 -17 -18 -19 19 21 -22 -23 23 28 29 -27 -28 -29 -30 -31
leaf_value=-0.074989202670215097 -0.053471637689828204 0.019688034660842638 -0.04182892879727311 0.058952831707145714 -0.058100774953656432 0.054679833264038295 -0.055621209513482608 -0.056963469976888517 -0.020717776056812354 -0.041844215611628016 0.065162028302375552 -0.027771929171632043 0.056340608287841154 -0.029388155495257001 0.073371037149316226 0.02616811601461029 0.060920347808809353 0.059354031140617075 0.040694147442552391 0.063472175506218073 -0.031573876500429247 -0.080168461398715363 -0.057253606560811188 -0.080197168216550874 0.074719594269207504 -0.046262329591374322 -0.023185830127331775 0.015875843481997821 0.041308659983532295 -0.03485170716479756
leaf_weight=7.8565618470311156 125.6543081253767 15.851676262915133 34.155077807605267 645.68021968752146 143.97860886156559 66.091844946146011 56.265276454389095 609.10027972608805 27.875900268554688 47.623250663280487 36.793692544102669 10.583407446742056 24.609430134296417 30.546975195407867 36.26928086578846 19.227670140564442 46.800577044487 7.8463997840881339 75.947802484035492 112.17017465829849 34.845426470041275 4.278126247227191 9.378912225365637 3.5661816000938407 13.846854865550997 110.48845428228378 13.324047379195688 12.161658540368078 56.093729689717293 5.0203734189271918
leaf_count=34 1052 44 186 1714 1255 170 438 5231 135 270 95 52 58 138 88 67 117 23 192 283 133 32 61 21 29 767 44 56 159 23
internal_value=-0.000221153 0.0264094 -0.0409653 0.0444119 -0.0231744 -0.00303499 0.00625888 -0.048557 -0.0279107 -0.00165989 0.0187952 0.0239489 -0.00487025 0.030958 0.0505242 -0.0277603 0.0303658 -0.0322957 0.0536495 0.0385807 0.0179652 0.058195 0.0117696 0.0216426 -0.000770152 -0.0379877 0.0284071 -0.0429139 0.0340456 0.0455638
internal_weight=2443.93 1477.94 965.989 1084.27 393.671 249.693 211.351 857.106 248.006 122.352 108.882 74.7286 72.0886 115.506 46.8527 87.6546 123.696 134.187 872.922 227.242 110.793 116.448 76.8954 69.0388 49.4142 126.34 37.9335 68.4269 59.6599 18.8672
internal_count=12967 5756 7211 3307 2449 1194 953 6828 1597 545 383 275 288 360 140 561 392 834 2354 640 325 315 275 241 190 811 102 494 180 52
is_linear=0
shrinkage=0.05


Tree=21
num_leaves=31
num_cat=0
split_feature=40 42 39 0 29 33 30 39 34 38 39 34 17 4 15 17 31 34 2 5 42 38 39 39 21 10 15 15 42 38
split_gain=959.274 391.063 299.472 133.335 130.466 81.1183 76.6789 58.3473 68.831 65.6637 47.2522 42.9493 37.9991 36.579 32.6719 32.36 31.7923 26.1963 25.0823 24.2362 23.6232 22.5251 19.9984 19.54 17.7088 18.4107 17.3146 17.301 16.4987 15.4889
threshold=-0.43420913815498346 0.60955864191055309 0.044347239658236511 -1.1472743749618528 0.64094710350036632 -0.35577481985092158 -0.40561388432979578 -0.41194589436054224 0.59541642665863048 -0.29154825210571284 -0.42138141393661493 0.83890247344970714 -0.42160126566886896 -0.16294850409030912 -0.89315509796142567 1.1850959062576296 0.78887465596199047 -1.0469499230384824 2.1845672130584721 0.75962570309638988 0.54865887761116039 0.010200720280408861 -0.49526458978652949 -0.34266053140163416 -0.42537863552570337 -0.9483831226825713 -1.0375908017158506 -1.1298549771308897 0.57449156045913707 -0.36319518089294428
decision_type=2 2 2 2 2 2 2 2 2 2 2 2 2 2 2 2 2 2 2 2 2 2 2 2 2 2 2 2 2 2
left_child=2 3 4 11 5 10 26 8 9 16 -1 23 17 27 -7 -11 24 22 -4 -16 -18 -15 -8 -2 25 -5 -3 -12 -10 -27
right_child=1 6 18 7 -6 14 12 -9 28 15 13 -13 -14 21 19 -17 20 -19 -20 -21 -22 -23 -24 -25 -26 29 -28 -29 -30 -31
leaf_value=0.047163095683185448 0.05963356398295494 0.035036440627413123 -0.053939620096742684 -0.068613003813294868 0.056392348513953652 0.031150717547736569 0.051973812172797874 -0.055209579128090373 -0.058984296585252421 0.053018691787628719 0.05239299055815725 -0.065949589998181554 -0.065991678370763696 0.074580610552397814 -0.043653358921729279 -0.05181116783406562 -0.051068815373462986 0.04937718031661513 0.050411636336629734 0.057110891177015378 0.033800520273571576 -0.06171570988274603 -0.087608853775191148 -0.0090071017917523893 -0.059005124475206429 0.055389155836488506 -0.042260653129700072 -0.049807084628397204 0.034456215934218402 -0.046485468518969453
leaf_weight=174.00670078396797 43.294312201440334 8.803179666399954 93.525954678654671 8.7229587063193339 653.6508402004838 24.42939905077219 4.3049595355987549 659.09494925290346 135.39684424549341 46.441568978130817 4.7826595753431311 10.708953663706778 8.0256678164005262 15.995076686143877 70.89471610635519 8.7484609559178335 11.635841012001036 185.82549083977938 6.136364482343196 6.5159569382667533 27.76234794408083 3.7402034401893607 6.3529268726706487 13.632987871766089 64.688908569514751 11.059509567916395 40.925074115395546 30.867093659937382 4.8948852419853202 5.6305366978049269
leaf_count=493 111 38 676 41 1778 85 11 5822 1232 145 12 76 58 46 528 64 54 506 22 17 79 34 28 68 456 42 272 142 26 30
internal_value=0.000323392 -0.0285407 0.03508 -0.0419931 0.0434379 0.0178736 0.0271085 -0.0466605 -0.029322 -0.00926682 0.0343603 0.0259143 0.040649 -0.00586312 -0.0192622 0.0364016 -0.0287297 0.0450049 -0.0475146 -0.0351716 0.00873525 0.0487499 -0.0312283 0.0431955 -0.0451117 -0.00974578 -0.0285771 -0.0360962 -0.0557241 0.0210208
internal_weight=2390.5 1305.95 1084.54 1051.71 984.883 331.232 254.237 984.077 324.982 184.69 229.392 67.6363 204.509 55.385 101.84 55.19 129.5 196.483 99.6623 77.4107 39.3982 19.7353 10.6579 56.9273 90.1019 25.413 49.7283 35.6498 140.292 16.69
internal_count=12992 9159 3833 8246 3135 1357 913 7991 2169 911 727 255 603 234 630 209 702 545 698 545 133 80 39 179 569 113 310 154 1258 72
is_linear=0
shrinkage=0.05


Tree=22
num_leaves=31
num_cat=0
split_feature=40 42 39 0 29 30 43 42 39 34 29 38 17 48 34 34 41 7 5 39 4 38 43 7 26 33 39 48 11 4
split_gain=913.842 361.929 270.87 123.045 107.623 90.2628 64.7921 54.0956 51.8169 61.1412 58.9648 54.5779 39.329 38.6399 37.4532 23.0058 22.0751 21.4667 33.8438 21.3744 19.0135 24.1002 18.8733 18.169 17.8134 17.2308 15.804 14.9031 15.3197 14.472
threshold=-0.44418041408061976 0.60955864191055309 -0.10334020107984541 -1.1472743749618528 0.30697029829025274 -0.41888324916362757 1.0719404220581057 0.66724827885627758 -0.41194589436054224 0.61811041831970226 0.08452512696385385 -0.37191107869148249 -0.43436986207962031 -0.7770833671092986 0.83890247344970714 -1.0469499230384824 0.39103224873542791 -1.5614432692527769 0.49322880804538732 -0.34266053140163416 -0.16284327208995816 -0.36319518089294428 0.23812953382730487 -1.7276051044464109 -0.51377081871032704 1.0345531702041628 -0.49526458978652949 -0.76735520362853993 -0.30329875648021692 -0.16295152157545087
decision_type=2 2 2 2 2 2 2 2 2 2 2 2 2 2 2 2 2 2 2 2 2 2 2 2 2 2 2 2 2 2
left_child=2 3 4 14 6 -3 7 13 9 10 27 -12 15 -1 19 26 29 -4 -19 -2 21 -13 -20 -22 -15 -18 -7 28 -5 -6
right_child=1 5 17 8 16 12 -8 -9 -10 -11 11 20 -14 24 -16 -17 25 18 22 -21 23 -23 -24 -25 -26 -27 -28 -29 -30 -31
leaf_value=0.02972800641909127 0.057141822116116181 -0.038032088012303185 -0.061288625126151554 -0.069039896644504856 0.045870099202747337 0.049714004072035418 0.054545794793225279 0.040565317459991035 -0.054638121223966322 -0.056190119980230463 -0.065102673975290778 0.039896835704232192 -0.064550347940425717 -0.066126691828475345 -0.065481574335851264 0.047735290862299981 -0.12673829318520516 -0.042304104758577064 -0.062585671051358968 -0.01469097836471508 -0.044928447282672174 -0.031938792862567143 0.058441276800467824 0.063307904630335129 -0.019584893987357216 0.065496423588895958 -0.079503574865229965 -0.05379853695411229 0.055721028166698917 0.060944718789203614
leaf_weight=30.332807928323746 42.768209926784039 46.336460888385773 51.1970234811306 3.8814257234334946 263.4394808113575 3.8337221741676331 75.994727924466133 54.906816460192204 636.55593691021204 129.70635330677032 18.858535803854465 25.06930248439312 8.7475681379437429 31.110610291361809 9.9460206031799299 187.47578556090593 2.9816343486309043 45.289308704435825 3.9958400949835804 13.664648734033106 4.3089449852704993 21.85356443375349 16.617185339331627 38.70131591707468 60.616434380412102 1.9139551743865011 6.1818182468414289 66.211303293704987 6.7215390577912313 402.41642244160175
leaf_count=97 113 310 397 16 750 10 213 162 5845 1220 76 80 66 260 72 520 22 328 30 72 22 108 53 94 345 5 26 532 17 1113
internal_value=-9.77565e-05 -0.0285483 0.03464 -0.0418377 0.0437219 0.0250278 0.0159306 -0.000651885 -0.0464276 -0.0298522 -0.0114465 0.0122341 0.0391956 -0.0191928 0.0239809 0.0437909 0.0542028 -0.037 -0.018131 0.0397482 0.0284513 0.00644056 0.0349802 0.0524643 -0.0353702 -0.0515832 -0.030042 -0.0449853 0.0100498 0.0549806
internal_weight=2311.63 1270.82 1040.81 1018.25 923.713 252.575 252.961 176.967 951.868 315.312 185.606 108.792 206.239 122.06 66.3789 197.491 670.751 117.099 65.9023 56.4329 89.9331 46.9229 20.613 43.0103 91.727 4.89559 10.0155 76.8143 10.603 665.856
internal_count=12974 9199 3775 8267 2967 932 1077 864 8010 2165 945 380 622 702 257 556 1890 808 411 185 304 188 83 116 605 27 36 565 33 1863
is_linear=0
shrinkage=0.05


Tree=23
num_leaves=31
num_cat=0
split_feature=39 40 31 15 15 47 0 31 49 5 39 4 4 15 39 20 15 6 6 7 41 38 48 5 15 16 39 4 15 30
split_gain=841.527 443.13 171.891 117.076 96.2378 75.2511 67.504 66.5244 68.8142 51.3187 45.5049 58.6721 36.3209 35.1913 28.9956 26.623 26.3699 25.1992 24.5861 24.5119 24.3509 23.302 21.2394 19.129 19.0056 22.5175 18.5784 36.8101 30.1641 20.4064
threshold=-0.33736748993396753 0.49025307595729833 0.51115089654922496 -1.0264536142349241 -0.88561978936195362 -0.20817796885967252 -1.106053292751312 1.0241726040840151 -0.46509471535682673 -0.34906804561614985 0.16264390945434573 -0.16294366866350171 -0.16269773989915845 -0.79556930065155018 -0.57478746771812428 -0.87741136550903309 -0.73576200008392323 0.35300856828689581 0.84110146760940563 -1.8106860518455503 -0.18858078867197034 -0.36596266925334925 -0.75220593810081471 -0.83028626441955555 -0.76086154580116261 -0.27499730885028834 -0.51360315084457386 -0.16294748336076734 -0.93888697028160084 1.0952268838882449
decision_type=2 2 2 2 2 2 2 2 2 2 2 2 2 2 2 2 2 2 2 2 2 2 2 2 2 2 2 2 2 2
left_child=1 2 4 9 17 12 15 -5 10 -2 11 16 14 -8 18 -3 -9 -1 21 -13 26 23 -15 -6 -22 -26 -4 28 -28 -30
right_child=3 6 20 7 5 -7 13 8 -10 -11 -12 19 -14 22 -16 -17 -18 -19 -20 -21 24 -23 -24 -25 25 -27 27 -29 29 -31
leaf_value=-0.10022260201233645 -0.054673071393444767 0.053557616765308763 0.05916190122301062 -0.052681913955985371 -0.023940378973519093 -0.045167736155671517 0.051042507713993469 0.014245060884016095 -0.058540755088223366 0.052818163359707931 -0.044562432562848683 -0.032641862328814018 0.040548820133345632 0.0073417967931045588 -0.037792276013851975 -0.032968338103659699 -0.061417600526607878 0.053014428439654239 0.072513811676883005 0.071237132388286217 0.059685105376093443 -0.035473006284788999 -0.050276893036918374 0.065126665685105653 -0.086097307506787332 0.018989676104826075 0.048964991304701021 0.061968214101555209 -0.072343092123205707 0.006938435238369527
leaf_weight=2.7497983425855628 14.533252127468584 28.82491921633482 524.46181423962116 589.40814297646284 9.5744035765528697 83.30215810239315 9.7423667758703214 25.002786710858345 73.994551867246628 47.054310172796249 38.330721661448479 6.5381843075156203 69.747185111045837 17.286647513508797 42.681158669292927 12.854618303477762 21.347696699202061 110.22681555896997 14.542058885097502 43.207299821078777 13.822260662913321 25.132483080029491 213.87830349802971 16.276703618466851 7.4440337195992496 16.171747535467148 35.939276769757271 89.867527931928635 10.864436581730841 32.087993338704109
leaf_count=14 132 77 1500 5500 44 700 25 80 720 139 222 28 215 58 176 90 147 298 32 107 38 142 1877 41 48 62 95 245 41 92
internal_value=-8.9221e-05 0.0239933 0.0382835 -0.038969 0.010727 -0.00594671 -0.0318803 -0.0440964 -0.0198167 0.0274527 0.00149879 0.0198717 0.0124131 -0.042045 -0.00572247 0.0268717 -0.020603 0.0492847 0.0151667 0.057584 0.0523975 -0.00119043 -0.0459681 0.0321391 0.0131195 -0.0141353 0.0545187 0.0400889 0.0151656 -0.0131151
internal_weight=2246.9 1387.48 1104.89 859.417 374.233 261.256 282.587 797.829 208.421 61.5876 134.427 96.096 177.954 240.907 108.207 41.6795 46.3505 112.977 65.5256 49.7455 730.659 50.9836 231.165 25.8511 37.438 23.6158 693.221 168.759 78.8917 42.9524
internal_count=12985 5910 3783 7075 1662 1350 2127 6804 1304 271 584 362 650 1960 435 167 227 312 259 135 2121 227 1935 85 148 110 1973 473 228 133
is_linear=0
shrinkage=0.05


Tree=24
num_leaves=31
num_cat=0
split_feature=39 40 42 30 34 40 42 47 30 4 30 39 30 38 26 0 4 39 42 31 15 39 4 6 42 44 48 39 43 30
split_gain=795.898 370.001 154.71 134.256 78.9903 67.0889 64.3993 73.2831 56.2713 54.1311 53.6106 40.9734 38.3158 37.2542 31.1874 28.966 28.6061 25.4824 24.1437 22.0787 20.9268 20.8793 29.4152 37.8448 20.3507 19.4429 18.2664 16.6045 19.2441 16.5363
threshold=-0.38052922487258906 0.50022408366203319 0.61612418293952953 0.5200791358947755 0.6663653850555421 -0.44418041408061976 0.67521971464157116 -0.20817796885967252 0.10507925227284433 -0.16294850409030912 0.54244980216026317 0.044347239658236511 0.30497285723686224 -0.37535725533962244 -0.93666100502014149 -1.1758936047554014 -0.16264729201793668 -0.66681891679763783 -1.3714771270751951 -1.1990174055099485 -0.9639986753463744 -0.54775744676589955 -0.16295105963945386 0.54452002048492443 -2.3376879692077632 -0.7211160659790038 -0.7639138102531432 -0.48197372257709498 -0.3410742580890655 0.32999806106090551
decision_type=2 2 2 2 2 2 2 2 2 2 2 2 2 2 2 2 2 2 2 2 2 2 2 2 2 2 2 2 2 2
left_child=1 3 5 6 10 8 7 13 -2 12 -3 16 -4 -1 -15 -7 -10 -12 -18 -13 -14 -5 23 -23 -24 -19 -16 28 -28 -9
right_child=2 4 9 21 -6 15 -8 29 11 -11 17 19 20 14 26 -17 18 25 -20 -21 -22 22 24 -25 -26 -27 27 -29 -30 -31
leaf_value=-0.07210216673235452 -0.049321969127219825 -0.03743480419039999 -0.04391938471632198 0.056948913241057442 -0.054595848706354047 0.028731386487613815 0.049010970135217428 -0.054168488982618848 -0.026136865526023401 0.062573117359282768 0.05921641172857809 0.16519871461396785 0.046909010441037333 -0.033196865944115125 0.05202146931945411 -0.053866853122123505 -0.051213693419700106 -0.066378541619554254 0.072229396168911983 -0.03608167482457951 -0.019463895132943956 -0.03018534056932299 -0.087213155187694458 0.038533502878155795 0.058211724268250858 0.018868052321382126 -0.031677784838571185 -0.034496126768277895 0.04018327435619206 0.022327299257225205
leaf_weight=11.092567682266234 73.743199288845062 54.367696844041348 39.765025079250336 486.50620681792498 133.75898548960686 10.807661682367323 86.787685960531235 59.965855076909065 13.220552273094652 40.148850530385971 34.661722302436829 1.4118580520153035 31.290619730949402 21.486353375017643 60.589542239904404 592.92253490537405 4.4523246213793746 8.5266042277216894 35.897777050733566 38.908281244337559 19.139991715550423 29.013684138655663 2.4587269723415366 64.743448913097382 111.54543965309858 31.032566368579865 11.537488177418707 13.793079257011412 48.395414136350155 8.0083659887313825
leaf_count=48 691 404 236 1457 1332 38 259 542 65 114 87 3 81 128 155 5837 34 47 89 223 66 105 17 175 321 112 57 47 150 29
internal_value=-0.000133688 0.0252406 -0.0361045 0.0389106 -0.0276955 -0.0446181 0.0122067 -0.00139303 -0.0166344 0.014278 0.000286489 0.00903893 -0.00721966 0.0164312 0.0227345 -0.0523882 0.0376943 0.0279178 0.0586084 -0.0290336 0.0217184 0.0512826 0.0380139 0.0172681 0.0550753 0.000493957 0.0316818 0.0149662 0.0263495 -0.0451562
internal_weight=2179.98 1278.27 901.709 1015.92 262.348 771.364 321.656 234.869 167.634 130.344 128.589 93.8908 90.1956 166.894 155.802 603.73 53.5707 74.2209 40.3501 40.3201 50.4306 694.268 207.761 93.7571 114.004 39.5592 134.316 73.726 59.9329 67.9742
internal_count=12949 5472 7477 3490 1982 6980 1415 1156 1105 497 650 414 383 585 537 5875 188 246 123 226 147 2075 618 280 338 159 409 254 207 571
is_linear=0
shrinkage=0.05


Tree=25
num_leaves=31
num_cat=0
split_feature=42 31 48 49 4 17 47 24 42 47 26 42 31 42 43 1 42 43 47 46 26 38 7 27 1 48 43 16 2 4
split_gain=743.776 375.909 193.4 157.222 123.188 59.1676 49.4959 45.7245 35.4062 34.2636 30.3473 28.8574 28.1596 33.0928 27.1995 23.5159 22.216 25.6909 24.8818 20.6173 19.239 18.683 24.8365 30.3563 18.3225 16.5009 16.1958 16.1292 14.9745 14.803
threshold=0.64851728081703197 1.2544764876365664 -0.61399057507514943 -0.42359195649623865 -0.16269773989915845 -0.44670444726943964 0.11090959981083871 -0.34090089797973627 0.57449156045913707 -0.077128250151872621 -0.3970597237348556 0.62712624669075023 0.181287556886673 0.67850416898727428 0.65255272388458263 -0.094547078013420091 0.51082193851470958 0.59697014093399059 -0.24984482675790784 0.74163901805877697 -0.80929759144783009 -0.34573577344417566 0.64020061492919933 1.245547950267792 0.89836862683296215 0.68519917130470287 -0.035731855779886239 -0.4354341179132461 1.6545249819755556 -0.16269773989915845
decision_type=2 2 2 2 2 2 2 2 2 2 2 2 2 2 2 2 2 2 2 2 2 2 2 2 2 2 2 2 2 2
left_child=1 2 4 6 10 12 7 -3 -5 20 -1 29 13 27 25 -13 -12 18 19 -18 -6 22 23 -9 -21 -8 -10 28 -2 -4
right_child=5 3 11 8 9 -7 14 21 26 -11 16 15 -14 -15 -16 -17 17 -19 -20 24 -22 -23 -24 -25 -26 -27 -28 -29 -30 -31
leaf_value=-0.058098226462336047 -0.066679738336137176 -0.027246908939415806 -0.055790045117642441 -0.045691895158666306 -0.0147084662903481 -0.059167780533187768 -0.059213897963381015 -0.03802013314401094 0.067375613131285025 -0.056900409507476657 -0.057222542217439124 -0.050812131498808061 0.056532420388269201 0.049378228001018626 0.041958568088725612 0.042659320685452758 0.03137538387954935 -0.054326105473099198 -0.07018592425407956 -0.056341494434282581 0.048375253419991618 0.05533500887256923 0.049407911641012575 0.057119949207153867 0.060520927536683658 0.053748001596208898 -0.024688943587660037 0.018507541150046561 0.04933766914092852 -0.040728168946729204
leaf_weight=58.301845848560333 13.388670511543753 22.280409477651119 458.79111118614674 92.031438715755939 13.562927663326262 12.536624670028685 24.337699472904209 23.334955297410488 11.276852309703829 9.521624490618704 24.993242710828781 11.933951616287233 447.37214804440737 80.101518996059895 13.594323366880415 15.427763111889361 57.904095605015755 21.077567502856255 9.2493996471166593 14.33366370201111 111.00181366503239 206.64078843593597 54.941202834248543 13.085954070091246 4.3787246197462073 3.728051468729972 8.2878772765398008 29.96928559243679 3.5105453953146926 253.13417835533619
leaf_count=373 79 81 4884 903 63 112 189 101 33 87 163 88 1356 240 41 55 188 102 79 65 341 619 162 35 11 12 28 103 9 2378
internal_value=0.000404253 -0.0178779 -0.0343762 0.0191788 -0.00218607 0.0482888 0.0351763 0.0418448 -0.0327065 0.0345185 -0.0280567 -0.048498 0.0506343 0.0298525 -0.0160911 0.00189127 -0.0147816 -0.00486287 0.00727891 0.0166307 0.0415065 0.0470105 0.0281824 -0.00383651 -0.0289955 -0.0442089 0.0283759 -0.00351821 -0.042579 -0.0504346
internal_weight=2124.03 1537.15 1063.61 473.54 324.325 586.879 361.943 320.283 111.596 134.086 190.239 739.287 574.342 126.97 41.6601 27.3617 131.937 106.943 85.8659 76.6165 124.565 298.003 91.3621 36.4209 18.7124 28.0658 19.5647 46.8685 16.8992 711.925
internal_count=12980 11081 8877 2204 1472 1899 1240 998 964 491 981 7405 1787 431 242 143 608 445 343 264 404 917 298 136 76 201 61 191 88 7262
is_linear=0
shrinkage=0.05


Tree=26
num_leaves=31
num_cat=0
split_feature=42 31 48 49 4 39 6 39 39 45 43 42 6 42 0 27 42 31 38 43 1 39 15 44 32 6 38 7 47 32
split_gain=708.886 365.396 161.396 138.445 112.947 70.0851 67.4784 60.0561 56.5074 35.9429 32.6137 31.5296 30.4822 29.6964 26.9441 29.8842 23.4833 32.1459 21.6027 21.2158 19.8599 17.2504 16.3977 15.4146 14.5466 14.4039 18.3584 28.9494 19.6027 14.283
threshold=0.64851728081703197 1.2544764876365664 -0.61399057507514943 -0.38208919763565058 -0.16269773989915845 -0.43085643649101252 0.21384049952030185 -0.12477800995111464 -0.60938081145286549 2.1806247234344487 0.75322934985160839 0.57449156045913707 0.42941556870937353 0.62512269616127025 -1.1795675754547117 1.6314191222190859 0.67521971464157116 0.22098772972822192 -0.37476485967636103 -0.18335819989442823 -0.34175001084804529 -0.63780748844146717 -0.43885017931461329 0.5998617708683015 -0.2475718483328819 0.92749470472335827 -0.30468586087226862 -1.4368219971656797 0.29460720717906957 0.45040053129196173
decision_type=2 2 2 2 2 2 2 2 2 2 2 2 2 2 2 2 2 2 2 2 2 2 2 2 2 2 2 2 2 2
left_child=1 2 4 5 8 18 23 9 12 19 14 -5 22 -4 -7 25 17 29 -3 21 -15 -6 -1 -2 -13 26 -16 -28 -29 -8
right_child=6 3 13 11 7 10 16 -9 -10 -11 -12 24 -14 20 15 -17 -18 -19 -20 -21 -22 -23 -24 -25 -26 -27 27 28 -30 -31
leaf_value=0.020832320966155476 -0.05184277535648657 -0.077663727581563632 -0.050192056393948296 -0.044747834546947918 0.03599066816074243 0.063054768283781093 0.0044052242627823021 -0.05476518090625835 -0.04900889486418912 -0.073210944079300386 0.043510168209493556 -0.056879046344248466 0.039192071241323331 -0.054286155665681381 -0.061857975020625094 0.042485466514010306 0.056775162497327961 0.047886622812245698 0.054163423889419304 0.062865087593592772 0.028986841976788632 -0.057859410524396304 -0.071713747846199452 0.044817173036892845 0.057638505486633601 0.016400208136448977 -0.065871401070388927 0.078354557740700201 -0.060527067736955424 -0.099536694566592004
leaf_weight=7.6183748841285732 20.44168616831303 3.1555442810058585 682.14268601685762 85.689330264925957 17.465994678437713 11.937055736780165 35.774327047169209 17.827449016273022 125.85002262890339 6.1841334253549567 43.992812663316727 3.5773208886384973 35.703561499714851 11.06846544891596 38.339349932968616 17.387132212519646 409.140888646245 103.15927115827799 204.9268391802907 82.476122945547104 20.276067584753036 6.803597427904605 12.875896714627741 5.1671696305274954 12.334405079483982 13.668035849928854 11.193290427327158 9.9969141334295255 3.4065789058804503 3.6414707750082007
leaf_count=32 143 13 7228 864 55 28 140 101 740 49 120 16 115 87 241 51 1297 310 637 234 81 52 78 18 35 52 75 27 31 25
internal_value=-1.56576e-05 -0.0182841 -0.0348767 0.018767 -0.00493082 0.0333861 0.0470029 0.0305204 -0.0303939 0.0439838 0.00732307 -0.0327452 0.0112927 -0.0480054 -0.00770569 -0.0166924 0.0506857 0.0332112 0.0521643 0.0507733 -0.000418742 0.00968128 -0.0373114 -0.0323394 0.0318923 -0.0301242 -0.0402281 -0.00651322 0.043057 -0.00519756
internal_weight=2063.22 1485.9 1026.29 459.605 312.805 358.004 577.325 130.757 182.048 112.93 149.921 101.601 56.1978 713.487 105.928 93.9913 551.716 142.575 208.082 106.746 31.3445 24.2696 20.4943 25.6089 15.9117 76.6042 62.9361 24.5968 13.4035 39.4158
internal_count=12975 11042 8852 2190 1456 1275 1933 491 965 390 625 915 225 7396 505 477 1772 475 650 341 168 107 110 161 51 426 374 133 58 165
is_linear=0
shrinkage=0.05


Tree=27
num_leaves=31
num_cat=0
split_feature=42 31 48 49 39 6 39 43 42 42 31 6 42 38 0 4 17 24 43 27 6 30 2 43 37 42 15 17 41 43
split_gain=661.554 328.25 148.677 146.731 81.286 72.3195 71.9739 36.6817 36.3076 28.4634 27.2948 28.4437 24.3633 24.2206 22.5314 22.4732 55.7535 30.7199 26.3102 19.2888 18.489 17.4722 17.4507 33.6908 17.0713 17.0491 16.6624 20.8175 18.6463 16.2525
threshold=0.64851728081703197 1.0241726040840151 -0.68060585856437672 -0.42359195649623865 -0.41687601804733271 0.15842290222644809 -0.48635165393352503 0.75322934985160839 0.56857585906982433 0.62512269616127025 0.060464320704340942 0.48238357901573187 0.15711200982332232 -0.37468780577182764 -1.1795675754547117 -0.16269773989915845 0.071580629795789733 -0.19588272273540494 1.2942276000976565 1.6314191222190859 0.42941556870937353 -0.26266771554946894 2.107263565063477 0.14634946733713153 -0.13994103670120236 0.66724827885627758 0.43655976653099066 0.19679519534111026 -0.23813481628894803 -0.083225414156913743
decision_type=2 2 2 2 2 2 2 2 2 2 2 2 2 2 2 2 2 2 2 2 2 2 2 2 2 2 2 2 2 2
left_child=1 2 6 4 13 -2 12 14 -5 15 11 -7 -1 -3 -6 -4 17 -17 22 -16 -14 -11 -18 -24 -9 -13 28 -28 -8 -10
right_child=5 3 9 8 7 10 26 24 29 21 -12 25 20 -15 19 16 18 -19 -20 -21 -22 -23 23 -25 -26 -27 27 -29 -30 -31
leaf_value=0.048148784928673367 -0.047898956885620625 -0.073829149938123978 -0.055463988464625191 -0.046369457997183429 0.060241063967086089 -0.03558196048119059 -0.054227873793923298 -0.019095740328714788 0.059500332320023844 -0.03960518622496239 0.055443580352314871 -0.0048628030809099165 -0.031429595182005492 0.050819725792200093 -0.028749923714758166 0.10002371706136702 -0.049156707265887056 -0.032532193063501684 0.058030602609402786 0.031125089152477387 0.02544368631006377 0.028649635063224235 -0.061476100594193374 0.12369060376941964 0.054838291364516414 0.047631402628809869 0.074134291183340598 -0.030156994233626944 0.084259867597995364 -0.024052736045038312
leaf_weight=61.988840453326702 19.767529226839542 3.9672193527221671 443.59060502052307 100.73149817436934 9.6052808910608274 15.264434918761252 56.863298825919628 9.8807870745658857 13.156410135328771 17.987888857722282 417.99097725003958 19.091098882257938 23.258999712765217 220.7013041600585 89.515338703989983 11.011041857302191 215.0922249481082 7.2477987483143798 6.2275977209210387 15.829651586711405 37.058906510472298 19.584196843206882 5.6975496634840948 4.3185098320245743 37.210960924625397 81.489434346556664 6.9554713070392635 15.332880429923533 2.5391171723604193 10.437535665929316
leaf_count=200 142 17 4983 1055 23 91 332 33 42 138 1362 72 126 709 515 36 2198 66 19 54 127 66 56 16 105 253 18 84 9 38
internal_value=-0.000464937 -0.0182621 -0.0358776 0.0139592 0.0291504 0.0460141 0.00186373 0.00215794 -0.0332925 -0.0464135 0.0494916 0.0280157 0.0261358 0.0486187 -0.0130685 -0.0487109 -0.0367089 0.047406 -0.043348 -0.0197528 0.00351296 -0.00402782 -0.0461526 0.0183601 0.0393255 0.0376675 -0.0344762 0.00238893 -0.0483083 0.022538
internal_weight=1999.39 1445.79 934.755 511.036 386.711 553.603 203.998 162.042 124.325 730.757 533.836 115.845 122.307 224.669 114.95 693.185 249.595 18.2588 231.336 105.345 60.3179 37.5721 225.108 10.0161 47.0917 100.581 81.6908 22.2884 59.4024 23.5939
internal_count=12985 11065 8474 2591 1456 1920 896 730 1135 7578 1778 416 453 726 592 7374 2391 102 2289 569 253 204 2270 72 138 325 443 102 341 80
is_linear=0
shrinkage=0.05


Tree=28
num_leaves=31
num_cat=0
split_feature=39 49 31 43 5 43 47 15 0 39 10 4 48 42 39 4 15 45 26 34 15 23 6 4 40 42 27 15 7 0
split_gain=625.834 302.567 146.956 97.3766 111.837 73.9755 67.0454 51.3899 47.4107 41.3614 32.6721 31.8355 26.8664 26.4958 24.4669 37.9671 32.3771 24.9747 24.0228 22.0538 20.6154 20.461 19.7581 19.6551 19.0224 29.456 17.4949 16.1919 16.0338 14.3028
threshold=-0.33736748993396753 -0.38208919763565058 0.52344807982444774 0.8339943289756776 -0.38967800140380854 1.0719404220581057 -0.20817796885967252 -0.90684899687767018 -1.1758936047554014 0.26502512395381933 -0.95889446139335621 -0.16295627504587171 -0.7639138102531432 0.56688323616981517 -0.54775744676589955 -0.16295043379068372 -1.0029196143150327 0.77722871303558361 -1.1167582273483274 -0.98237985372543324 -0.98196560144424427 1.2425873279571535 0.3050395548343659 -0.16295694559812543 -1.6362000703811643 -0.79392498731613148 0.2891520112752915 -0.61500734090805043 0.68174096941947948 -1.2080363035202024
decision_type=2 2 2 2 2 2 2 2 2 2 2 2 2 2 2 2 2 2 2 2 2 2 2 2 2 2 2 2 2 2
left_child=1 2 5 7 -5 6 10 21 -3 11 -1 23 -12 -10 -4 16 -16 -17 -14 -18 -8 -2 -15 -6 25 -9 -24 -21 -20 -26
right_child=3 8 14 4 9 -7 20 24 13 -11 12 -13 18 22 15 17 19 -19 28 27 -22 -23 26 -25 29 -27 -28 -29 -30 -31
leaf_value=-0.050131893356732286 0.039498974654919285 0.049535116472523774 0.054388038584743052 -0.051822818831387452 0.035639406285170747 0.052091296283617972 0.063823044467992862 -0.047903942949819124 -0.049247710437209845 -0.041363085640394003 0.041760790182642719 0.068382007558597163 -0.064982340066455299 -0.063409029702997471 0.053006754268878034 0.059882814252157079 -0.078379338360140757 -0.047809160804479306 0.00098358057625074435 0.019453634399859504 -0.047417336032466464 -0.072630429118149861 -0.007478870966927495 -0.05610207501827396 0.078312259497976419 0.072441490415544693 0.080584109406551141 -0.038853979306678783 0.05243081847456791 -0.052089974034753905
leaf_weight=19.315724685788155 23.118488274514679 15.899426043033598 435.00851441919804 66.948009394109249 14.977256633341314 74.68400090187788 4.396921604871749 13.950831912457945 154.01884141564369 15.802590474486349 73.044245392084122 54.877506323158741 11.726308733224867 9.2299928888678533 32.55356477200985 102.8771358281374 9.4529568850994092 5.680905193090438 80.088553369045258 44.188377395272255 78.931950435042381 4.9373140186071387 16.817771956324581 9.5679560080170614 2.1113466620445243 8.0004395842552167 8.4853762760758382 16.298071548342705 18.675925888121128 517.58282501250505
leaf_count=107 77 50 1494 799 74 242 12 127 1667 130 213 159 85 91 101 334 34 32 315 128 757 24 97 52 4 24 21 81 57 5588
internal_value=1.93652e-05 0.0220747 0.0333348 -0.036486 -0.00230276 0.00777658 -0.00378819 -0.0462167 -0.0333808 0.0325122 0.011723 0.0472111 0.0182328 -0.0403726 0.0476106 0.0336411 0.0118157 0.0542472 0.00267864 -0.0073569 -0.0415476 0.0197662 -0.000789281 -0.000122291 -0.0496344 -0.00404241 0.0220529 0.00374265 0.010712 -0.0515602
internal_weight=1943.25 1211.37 1006.92 731.875 162.173 360.864 286.18 569.701 204.451 95.2253 202.851 79.4227 183.535 188.552 646.06 211.051 102.493 108.558 110.491 69.9394 83.3289 28.0558 34.5331 24.5452 541.645 21.9513 25.3031 60.4864 98.7645 519.694
internal_count=12976 5918 3992 7058 1214 1788 1546 5844 1926 415 777 285 670 1876 2204 710 344 366 457 243 769 101 209 126 5743 151 118 209 372 5592
is_linear=0
shrinkage=0.05


Tree=29
num_leaves=31
num_cat=0
split_feature=39 40 42 31 31 34 20 43 47 31 43 40 40 43 33 39 15 47 26 35 20 3 39 4 6 27 39 13 15 45
split_gain=574.634 268.124 133.511 90.0504 87.1488 62.8649 54.462 51.9811 51.1155 43.2159 31.242 30.5624 23.5093 29.5644 19.6487 18.683 18.6019 22.6431 18.1597 17.0994 17.0274 16.9432 16.9169 17.1121 22.245 16.3909 15.4085 17.4497 15.301 15.2288
threshold=-0.41687601804733271 0.50022408366203319 0.65610682964324962 0.50110587477684032 1.2812902331352236 0.6663653850555421 -1.1135014891624448 0.78447610139846813 -0.20817796885967252 0.77738410234451305 0.43887130916118627 0.082862902432680144 -0.48548911511898035 1.2557321786880495 -0.7595868408679961 -0.66681891679763783 -1.0171381831169126 0.88608366250991832 -1.1167582273483274 -0.8734808862209319 -0.5891982614994048 -0.08800653368234633 -0.57837483286857594 -0.16295602172613141 0.65307703614234935 1.7695232033729555 -0.57478746771812428 -0.61532190442085255 -0.86300083994865406 1.3473826050758364
decision_type=2 2 2 2 2 2 2 2 2 2 2 2 2 2 2 2 2 2 2 2 2 2 2 2 2 2 2 2 2 2
left_child=1 3 4 7 12 9 11 8 18 15 25 -6 13 19 -12 -3 -4 -18 -1 21 -5 -2 -22 24 -24 -8 -20 -28 -10 -25
right_child=2 5 16 20 6 -7 10 -9 28 -11 14 -13 -14 -15 -16 -17 17 -19 26 -21 22 -23 23 29 -26 -27 27 -29 -30 -31
leaf_value=-0.03320120279842035 0.09273537456058295 0.0081343350409419472 0.054839522417269561 0.054850932303664703 0.047072292339618176 -0.052677400500628781 -0.053829764503646196 0.046835300114090934 0.036320034146573553 0.035172946359187399 -0.0485122202855095 -0.030348491842191919 -0.051564761186623259 0.038415324377752247 0.025732096664820344 -0.051176034679363817 -0.045814557314357574 0.06146833902404325 0.031810570571553523 -0.041691315381545004 0.048191987353366356 -0.059109107124432493 -0.070784021548253362 0.047960959904464161 0.027157824326843046 0.029264591566068556 -0.07612656750037361 0.012400207388726232 -0.049413851470650728 -0.072960607241668168
leaf_weight=16.462764546275139 4.8447518870234489 21.499187044799328 46.032522670924664 400.17328487336636 52.121402099728584 105.81031991913915 70.403903044760227 90.116233572363853 5.8279467299580565 50.676123306155205 12.227432817220686 16.873882003128529 455.0664731040597 15.176475480198858 32.86016833037138 34.721775934100151 12.17898301035166 8.2498841881751996 102.26174514740705 99.926638662815094 89.573704428970814 2.9592757746577254 11.102210983633997 28.577984653413299 12.13325387239456 6.481026165187358 7.2863095998764065 23.582577839493752 48.626364551484585 2.8647469952702513
leaf_count=103 19 112 150 1395 161 1260 736 302 19 171 45 88 5369 64 131 312 62 27 357 889 323 29 50 98 38 37 34 72 489 18
internal_value=0.000182929 0.0247809 -0.0307719 0.0374981 -0.0366484 -0.0253561 -0.00736461 0.015208 0.00124002 0.00168749 -0.027447 0.0281378 -0.0463241 -0.0269204 0.00559757 -0.0284954 0.0372176 -0.00249001 0.0163387 -0.0361245 0.0495419 0.0351562 0.0348141 0.0128985 -0.0196401 -0.0468253 0.0224648 -0.0084957 -0.0402382 0.0369438
internal_weight=1886.7 1051.3 835.403 838.589 768.941 212.707 190.968 294.164 204.048 106.897 121.973 68.9953 577.974 122.907 45.0876 56.221 66.4614 20.4289 149.593 107.731 544.425 7.80403 144.252 54.6782 23.2355 76.8849 133.131 30.8689 54.4543 31.4427
internal_count=12960 5153 7807 3298 7568 1855 1198 1376 1074 595 949 249 6370 1001 176 424 239 89 566 937 1922 48 527 204 88 773 463 106 508 116
is_linear=0
shrinkage=0.05


Tree=30
num_leaves=31
num_cat=0
split_feature=39 49 42 29 15 47 40 30 5 42 11 34 29 43 4 4 48 39 29 0 6 39 39 12 4 15 7 29 48 6
split_gain=540.451 261.173 118.94 115.204 62.9092 71.9124 54.0828 47.5429 45.3947 43.1791 41.7847 38.1185 36.4242 34.2909 29.1277 28.458 26.6348 25.3795 22.1087 18.8102 17.6411 15.695 15.6608 22.853 22.7629 26.4779 14.9244 17.0997 17.0671 14.392
threshold=-0.38052922487258906 -0.38208919763565058 0.60505062341690075 0.96151340007781994 -0.89315509796142567 -0.20817796885967252 -0.3079086542129516 0.7033752202987672 -0.061395034193992608 -0.79392498731613148 -0.30735409259796137 0.9012073576450349 0.29757596552371984 0.71151122450828563 -0.16264729201793668 -0.16295105963945386 -0.76735520362853993 0.91066154837608349 -0.4593889713287353 -1.1961490511894224 0.84110146760940563 -0.67009508609771717 -0.57478746771812428 1.4047001004219057 -0.16294850409030912 -0.61500734090805043 -1.5199029445648191 0.3244235366582871 -0.58593857288360585 0.35300856828689581
decision_type=2 2 2 2 2 2 2 2 2 2 2 2 2 2 2 2 2 2 2 2 2 2 2 2 2 2 2 2 2 2
left_child=1 3 6 4 29 10 8 15 -2 -10 -6 12 -3 -7 -11 -4 -12 26 20 -8 -18 -14 -5 24 25 -24 -16 28 -28 -1
right_child=2 11 7 22 5 13 19 -9 9 14 16 -13 21 -15 17 -17 18 -19 -20 -21 -22 -23 23 -25 -26 -27 27 -29 -30 -31
leaf_value=-0.05573104569875751 -0.046496610516694327 -0.04711652786136309 -0.03610663495811306 0.054982846240896027 -0.043297077994145783 -0.052655164584847619 0.047745836479763826 0.038023391823011565 -0.046208095281867007 -0.033467465718859682 0.048314613960187693 -0.056762296041249397 0.047550655123477531 0.046340645074808298 -0.0016099444060514848 0.049716334996348685 -0.035414859232753053 -0.043163937705790523 0.028118010009067843 -0.052076185879546003 0.050831256880882907 -0.0072436899290426217 0.032309449477787286 -0.09228857302799677 0.055301711981738159 -0.04474671723376808 0.056479736946374426 0.057399518576230303 0.22062354919682867 0.048394483612808091
leaf_weight=3.427500143647193 76.464672487229109 38.961676776409149 54.302364684641361 345.03419875353575 25.591282516717911 69.269672818481922 4.770939588546752 71.363304860889912 28.40382295101881 15.096084624528883 72.070814810693264 85.303813997656107 23.069400183856487 10.011837638914583 8.1043372154235822 11.748971063643692 33.265302009880543 6.9498589299619189 57.933535516262054 436.37531784176826 7.2150439843535414 30.146325074136257 68.88959102332592 3.3567874729633322 100.6881780102849 13.300770178437231 2.8553142994642258 29.418367475271225 3.5556794926524153 104.38717043399811
leaf_count=15 837 437 371 1274 119 686 13 234 227 114 218 1080 78 38 35 46 203 61 203 5406 19 177 213 19 355 59 10 89 11 341
internal_value=0.000389934 0.0228311 -0.0323079 0.0336041 0.012707 2.99041e-05 -0.0417467 0.00972906 -0.0178624 0.00533556 0.0162778 -0.0326749 -0.0103837 -0.0401538 0.0275248 -0.0208408 0.0252205 0.0456199 0.00830817 -0.0509966 -0.0200427 0.0165101 0.0486759 0.0369911 0.0393641 0.0198395 0.0596646 0.0735245 0.147518 0.0450843
internal_weight=1841.33 1091.92 749.409 914.442 383.172 275.357 611.994 137.415 170.848 94.3835 196.076 177.481 92.1774 79.2815 65.9796 66.0513 170.485 50.8836 98.4139 441.146 40.4803 53.2157 531.27 186.235 182.879 82.1904 43.9337 35.8294 6.41099 107.815
internal_count=12988 5534 7454 3762 1842 1486 6803 651 1384 547 762 1772 692 724 320 417 643 206 425 5419 222 255 1920 646 627 272 145 110 21 356
is_linear=0
shrinkage=0.05


Tree=31
num_leaves=31
num_cat=0
split_feature=39 40 31 43 5 34 5 15 15 47 37 30 26 4 27 4 39 6 4 7 17 4 48 40 7 42 10 48 20 39
split_gain=511.228 258.49 94.5122 85.9653 93.8038 71.2714 64.2909 57.0444 46.4534 37.0404 34.6017 33.2547 29.758 28.4391 24.9354 24.9248 24.5169 21.0632 19.944 22.0371 21.8388 21.4317 18.4089 18.2159 21.7714 17.0442 17.0308 20.4058 16.5956 18.8743
threshold=-0.33736748993396753 0.1123013384640217 0.52344807982444774 0.8339943289756776 -0.38967800140380854 0.9012073576450349 -0.20179104804992673 -0.98196560144424427 -0.80236974358558644 -0.20817796885967252 -0.10407778993248938 0.7033752202987672 -0.93666100502014149 -0.16294643282890317 1.1589443087577822 -0.16269773989915845 -0.6446799337863921 0.46608147025108343 -0.1629451587796211 0.74405163526535045 0.22726047039031985 -0.16295697540044782 -0.18249095231294629 -1.6362000703811643 -1.6029838323593137 0.65610682964324962 -0.9483831226825713 -0.47926218807697291 -1.0094843506813047 -0.51792365312576283
decision_type=2 2 2 2 2 2 2 2 2 2 2 2 2 2 2 2 2 2 2 2 2 2 2 2 2 2 2 2 2 2
left_child=1 2 7 8 -5 6 16 -1 11 12 25 -2 -9 -12 18 17 26 -14 19 21 -20 -8 -11 24 -10 -6 -3 -28 -4 -30
right_child=3 5 28 4 10 -7 14 9 23 22 13 -13 15 -15 -16 -17 -18 -19 20 -21 -22 -23 -24 -25 -26 -27 27 -29 29 -31
leaf_value=0.052211211796603596 -0.042906446895022342 -0.064686434970405868 0.055360690903535272 -0.048640167465725005 -0.036086454237843818 -0.056349486282726693 0.067112161116626309 -0.042658740443925328 -0.044184801696360063 -0.051054113863947696 0.0016833060324748514 0.033152838557587605 -0.050480284273981227 0.075408155733138527 0.05210104829258036 0.048177310061342717 -0.053318498942570604 0.01549906688781541 0.064127612288279581 0.04947848234664607 -0.017540103284493912 -0.035022686715047047 0.024121763073680743 -0.051797718470833677 0.057365206548968678 0.060024705218031521 0.050676775368348526 -0.049275753587424809 0.047109268591884024 0.012200422440622806
leaf_weight=67.840560562908649 26.706770941615105 7.6265744641423217 334.05918327718973 61.438699141144753 21.236641336232427 84.714968718588352 5.7363949939608565 21.581831034272909 13.876011405140163 42.784916572272778 18.932774107903242 31.113308783620596 14.775888711214064 42.318179685622454 39.405529037117958 50.730990439653397 62.063096102327108 66.698317907750607 23.291281349956989 12.39672642201185 12.622102808207272 49.097460046410561 10.057840216904877 435.90202023461461 8.5178671255707723 5.8928219377994528 17.14517118036747 7.2721277624368694 129.74999602884054 55.190507110208273
leaf_count=230 225 51 1246 797 136 1124 15 139 132 454 133 100 79 131 135 161 627 223 71 52 81 319 62 5347 29 20 63 89 502 206
internal_value=0.000131428 0.0208368 0.0361591 -0.0345313 -0.00118825 -0.0169942 -0.00290635 0.0124298 -0.0442102 -0.000631243 0.0317985 -0.00197852 0.011778 0.0526197 0.0182682 0.0206645 -0.0349807 0.00353327 0.00534253 -0.0107268 0.0354247 -0.0243379 -0.0367455 -0.0495383 -0.00555864 -0.01521 0.000536343 0.0209082 0.0487082 0.0366917
internal_weight=1780.78 1114.84 793.47 665.935 149.819 321.371 236.656 274.47 516.116 206.63 88.3804 57.8201 153.787 61.251 142.549 132.205 94.107 81.4742 103.144 67.2306 35.9134 54.8339 52.8428 458.296 22.3939 27.1295 32.0439 24.4173 519 184.941
internal_count=12979 5929 3302 7050 1217 2627 1503 1348 5833 1118 420 325 602 264 673 463 830 302 538 386 152 334 516 5508 161 156 203 152 1954 708
is_linear=0
shrinkage=0.05


Tree=32
num_leaves=31
num_cat=0
split_feature=42 31 48 49 4 6 39 39 39 5 0 47 29 43 4 42 31 15 7 4 6 7 27 38 48 11 4 43 15 21
split_gain=467.668 240.053 132.297 88.1549 71.1596 53.0221 51.156 41.5028 29.7244 29.0156 26.7042 26.0155 25.3066 36.1891 26.5184 24.6797 27.7314 24.5456 23.2535 29.1523 20.0285 18.9148 18.5447 16.9853 34.3431 41.2434 24.4396 16.8574 17.7683 14.7177
threshold=0.64851728081703197 1.2544764876365664 -0.65024119615554798 -0.38208919763565058 -0.16269773989915845 0.21384049952030185 -0.43085643649101252 -0.63780748844146717 -0.12477800995111464 0.49322880804538732 -1.1758936047554014 -0.077128250151872621 -0.24600567668676374 0.92122921347618114 -0.16294935345649716 0.67521971464157116 0.8906255066394807 -0.82153180241584767 -1.7276051044464109 -0.16295506805181501 0.42941556870937353 0.72328144311904918 0.76800289750099193 -0.24034670740365979 -0.26752199232578272 0.039315773174166686 -0.029519490897655484 0.20704790204763415 -0.99250522255897511 -2.4160878658294673
decision_type=2 2 2 2 2 2 2 2 2 2 2 2 2 2 2 2 2 2 2 2 2 2 2 2 2 2 2 2 2 2
left_child=1 2 4 6 7 -2 -3 20 11 -8 -5 -6 -4 17 -15 16 21 27 -11 22 -1 -7 -20 -19 25 26 -25 -14 -29 -12
right_child=5 3 12 10 8 15 9 -9 -10 18 29 -13 13 14 -16 -17 -18 23 19 -21 -22 -23 -24 24 -26 -27 -28 28 -30 -31
leaf_value=-0.032846342758438035 -0.034328061525976609 0.047854061346779921 -0.052478336312527123 0.033050420166985027 0.049144712169467947 -0.014074528954771865 -0.03139360992321593 -0.041714147235974462 -0.048292263400437949 -0.039978553770757562 0.054738741528105872 -0.068370104782522964 0.095574368556746406 -0.059928777521901094 0.06148667771201495 0.053054108276703343 0.048333593801419043 -0.049451534688128129 -0.029752284634348061 0.05625712470845428 0.041362610465649416 0.05920325929178577 0.046879349577210037 0.035829934611513348 -0.051812982849473756 -0.047686792121583242 0.17525548424601767 0.11483738424609352 -0.039594425692044168 -0.044058739468050057
leaf_weight=13.203791361302136 21.527942404150963 167.91758329421282 324.93896778300405 15.562800265848635 84.300646401941776 44.197704263031483 36.826281312853098 90.270046733319759 10.007662393152712 13.53137221559882 3.978683501482009 4.9883198477327815 5.168619558215144 6.1809903830289867 16.508234657347202 332.06814098358154 67.341477960348129 181.93538933619857 23.273494176566601 47.556753665208817 29.199659675359726 10.997681766748427 11.947763118892906 14.878343671560289 40.51707412302494 14.131926774978636 3.9848285987973204 2.2734655290842065 10.305369127541777 71.706088539212942
leaf_count=71 163 633 4614 61 287 189 221 585 64 71 23 57 13 83 58 1301 248 1963 126 168 93 31 33 77 588 109 14 7 84 865
internal_value=0.000200223 -0.0159167 -0.0308073 0.0164527 0.00141021 0.0423463 0.0295015 -0.0225475 0.0334209 0.00635439 -0.0265994 0.0425795 -0.0428453 -0.0322663 0.0284107 0.0459772 0.0267992 -0.0373056 0.0207883 0.0307216 0.0182551 0.000526072 -0.00375728 -0.041256 -0.0209729 0.0168979 0.0652835 0.0195539 -0.0116828 -0.038865
internal_weight=1721.23 1245.09 852.793 392.301 231.97 476.133 301.053 132.673 99.2966 133.136 91.2476 89.289 620.823 295.884 22.6892 454.605 122.537 273.195 96.3094 82.778 42.4035 55.1954 35.2213 255.448 73.5122 32.9951 18.8632 17.7475 12.5788 75.6848
internal_count=12900 10968 8767 2201 1157 1932 1252 749 408 619 949 344 7610 2996 141 1769 468 2855 398 327 164 220 159 2751 788 200 91 104 91 888
is_linear=0
shrinkage=0.05


Tree=33
num_leaves=31
num_cat=0
split_feature=42 48 4 31 39 17 49 39 47 42 20 7 2 42 42 39 4 47 4 5 43 4 42 10 40 21 20 9 23 30
split_gain=451.818 232.584 133.572 97.8019 68.9897 48.5486 47.0033 35.5739 34.3305 30.4492 30.1635 35.3264 27.1653 26.1774 23.3167 21.1085 29.1278 20.9215 20.4028 17.7289 33.7207 30.6597 19.3688 16.1956 16.1518 15.9244 15.6973 21.9992 13.935 13.3981
threshold=0.63974404335021984 -0.60496136546134938 -0.16280367225408551 1.2665766477584841 -0.10334020107984541 -0.47692343592643732 -0.42359195649623865 -0.63780748844146717 -0.077128250151872621 0.67521971464157116 -1.5191931724548338 0.64020061492919933 -0.61652186512947071 0.51082193851470958 0.57449156045913707 0.45944167673587805 -0.1629500016570091 -0.077128250151872621 -0.16295699030160901 -0.23220443725585935 0.95102018117904674 -0.16294366866350171 0.622818022966385 -1.0285500288009641 -0.62057361006736744 0.33117555081844335 -1.133073031902313 -0.53049084544181813 1.6554874777793886 -1.4257796406745908
decision_type=2 2 2 2 2 2 2 2 2 2 2 2 2 2 2 2 2 2 2 2 2 2 2 2 2 2 2 2 2 2
left_child=1 2 7 19 8 9 12 13 -4 10 -2 25 -5 -1 -8 16 17 -14 -9 -3 22 -22 -21 -15 -23 -12 27 -20 -29 -11
right_child=5 3 4 6 -6 -7 14 18 -10 29 11 -13 15 23 -16 -17 -18 -19 26 20 21 24 -24 -25 -26 -27 -28 28 -30 -31
leaf_value=-0.051384801051854279 0.057043424276179415 -0.05192055405685983 0.050584986181494845 -0.043133598474151325 -0.046863474002923199 -0.037506162429511471 -0.046269890023348394 0.059361957376240337 -0.058442477248159923 -0.023263058890824372 0.011404542910697851 0.038920621023345411 0.030089684517622697 -0.06267758081485067 0.042353888598417745 -0.042187826596660587 0.057295793448898562 -0.050314740385605364 -0.057814009230602065 -0.042306141002806628 -0.060449148905735953 0.042942612806715609 0.024114612031298145 0.043401296545031873 0.18434977284348131 -0.042963690740255439 -0.044247146553342998 0.031535484692684024 -0.085565265634584387 0.053022849848142699
leaf_weight=11.257242102175949 49.731524050235748 334.52223221585155 202.50244819372892 16.089830510318279 21.743182826787233 19.536469433456659 59.932125113904476 6.1194158606231204 7.487128034234046 5.8615017458796492 24.579003237187862 53.20457649230957 20.430182576179504 3.9490890577435485 8.4707509502768499 9.9263255558907968 54.599883291870356 13.394930992275475 14.265509009361265 191.13608371838927 4.4567467905580989 4.8234683014452457 11.644453667104242 40.488584019243717 3.4736617654561979 29.794554218649864 103.23419541120529 23.887001641094688 2.8429023772478095 318.723892621696
leaf_count=79 180 4762 768 100 135 161 829 27 82 28 87 184 67 25 31 78 193 101 104 2397 62 20 48 141 10 156 713 83 16 1290
internal_value=5.00007e-05 -0.0169601 0.0118761 -0.0341845 0.0379189 0.0397629 -0.00250458 -0.0174137 0.0466976 0.0428955 0.0248417 0.0099554 0.0170947 0.0167212 -0.0352951 0.0269478 0.0347087 -0.00175091 -0.0300585 -0.0447152 -0.0335322 0.045327 -0.038492 0.0339743 0.102144 -0.0183871 -0.0338525 -0.00767676 0.019081 0.0516452
internal_weight=1672.11 1170.68 437.777 732.901 231.733 501.432 182.844 206.044 209.99 481.895 157.31 107.578 114.441 55.6949 68.4029 98.3513 88.425 33.8251 150.349 550.057 215.534 12.7539 202.781 44.4377 8.29713 54.3736 144.23 40.9954 26.7299 324.585
internal_count=12957 10871 2173 8698 985 2086 1399 1188 850 1925 607 427 539 245 860 439 361 168 943 7299 2537 92 2445 166 30 243 916 203 99 1318
is_linear=0
shrinkage=0.05


Tree=34
num_leaves=31
num_cat=0
split_feature=39 40 31 43 5 43 15 47 34 39 30 5 4 39 15 4 26 6 40 7 46 34 47 48 41 42 0 20 15 29
split_gain=411.449 198.964 101.358 74.1095 84.925 51.878 45.7318 44.9872 43.0596 31.5031 29.4946 28.6348 28.4218 46.1804 34.3532 25.4331 25.3083 24.4135 20.747 23.6683 18.5892 18.066 18.2851 18.0502 18.0486 17.7991 15.704 14.0249 13.7743 13.5983
threshold=-0.33736748993396753 0.56717282533645641 0.51115089654922496 0.8339943289756776 -0.38967800140380854 1.0719404220581057 -0.80236974358558644 -0.20817796885967252 0.59541642665863048 0.27727694809436804 0.7033752202987672 -0.23220443725585935 -0.16295105963945386 -0.58352574706077565 -1.0029196143150327 -0.16295620054006574 -0.6680215299129485 0.70900502800941478 -0.79174402356147755 -1.5614432692527769 0.93128815293312084 -0.59418734908103932 -0.22146226465702054 -0.26232540607452387 0.46119694411754614 0.67237064242362987 -0.51518115401267994 -1.5384421944618223 -1.1168497800827024 -0.042982717975974076
decision_type=2 2 2 2 2 2 2 2 2 2 2 2 2 2 2 2 2 2 2 2 2 2 2 2 2 2 2 2 2 2
left_child=1 2 5 6 -5 7 10 16 11 15 -2 -3 13 24 -15 28 26 21 19 -8 -18 27 -23 29 -4 -9 -1 -16 -6 -21
right_child=3 8 12 4 9 -7 18 25 -10 -11 -12 -13 -14 14 17 -17 20 -19 -20 23 -22 22 -24 -25 -26 -27 -28 -29 -30 -31
leaf_value=0.032453669101374455 -0.041404318473688556 -0.035549361496854066 0.052100089060441217 -0.048933091514361302 0.058327073277962993 0.047401092062067537 -0.048334624987851176 -0.047134024394864346 -0.04812682993182172 -0.039861017686985079 0.031401730407673703 0.023662897292464426 0.053993352515246576 0.04847184012325001 -0.0076042091703999093 0.065745847046304026 0.02606203361776185 0.016906555519140457 -0.052231519543412569 -0.057076354722846091 -0.028426545314583464 0.016286080873649265 -0.07501227185009135 -0.056038843166956488 -0.090885555756705885 0.036089736314683894 -0.046879659901084295 -0.11823495351036738 -0.025847924292216745 0.067917787949888814
leaf_weight=8.1352060213685018 24.548980884253979 34.297281213104725 135.87412461638451 54.411636743694544 7.1368234306573894 62.998999543488026 27.839452382177114 60.190788146108389 105.81489442288876 13.01357766613364 32.100147228688002 50.454707659780979 280.28744103759527 32.948536694049835 4.0374217629432669 47.123971428722143 123.71394883468747 35.601884316653013 361.50183110311627 2.5893958695232895 17.920008510351181 16.150348700582981 8.3039213456213492 5.6175425276160231 2.2434222474694243 7.1922557950019828 26.746788077056408 9.863257981836794 15.234813049435614 13.627304796129467
leaf_count=31 225 332 570 781 25 248 314 721 1475 127 105 225 1183 126 14 163 441 121 5044 24 83 51 56 70 14 28 179 40 110 43
internal_value=-0.000102349 0.0192289 0.0297819 -0.0327964 -0.000442423 0.00695255 -0.0422656 -0.00349529 -0.0268561 0.0315353 -0.000148875 -0.000299012 0.0431194 0.0306803 0.00600744 0.0449048 0.00977232 -0.0129109 -0.0480682 -0.0177693 0.019168 -0.0405881 -0.014716 0.0212026 0.0497776 -0.038251 -0.0283775 -0.0861025 0.00100492 0.0479594
internal_weight=1627.52 1022.78 832.208 604.745 136.921 306.898 467.825 243.899 190.567 82.5092 56.6491 84.752 525.31 245.023 106.905 69.4956 176.516 73.9568 411.176 49.6737 141.634 38.3549 24.4543 21.8342 138.118 67.383 34.882 13.9007 22.3716 16.2167
internal_count=12969 5938 3906 7031 1206 1731 5825 1483 2032 425 330 557 2175 992 408 298 734 282 5495 451 524 161 107 137 584 749 210 54 135 67
is_linear=0
shrinkage=0.05


Tree=35
num_leaves=31
num_cat=0
split_feature=42 48 4 31 6 6 7 34 0 43 27 31 15 42 43 4 43 21 43 44 48 47 36 20 31 30 43 42 38 44
split_gain=387.114 213.522 124.026 84.077 42.2387 42.0998 37.241 35.5547 30.2355 26.7801 27.6862 26.6027 32.1096 22.5968 24.9928 23.8728 21.1322 19.2417 19.17 18.6661 17.5225 16.8118 15.2299 15.3637 16.735 13.0913 36.04 12.5435 12.4974 12.1735
threshold=0.64851728081703197 -0.55500277876853932 -0.16281927376985547 1.2812902331352236 0.21384049952030185 -1.7674273848533628 0.72328144311904918 0.88463771343231212 -1.1552844047546384 0.63457834720611583 1.5996467471122744 0.8722151815891267 -1.0029196143150327 0.57875785231590282 0.39237534999847418 -0.16295672208070752 -0.02951532136648893 0.20589221268892291 0.071944408118724837 -0.95600152015686024 -0.7770833671092986 -0.18008201569318769 0.51287579536437999 -0.75444617867469776 -1.254437983036041 -0.11259071156382559 1.1859996318817141 0.52384424209594738 -0.3737639039754867 0.5998617708683015
decision_type=2 2 2 2 2 2 2 2 2 2 2 2 2 2 2 2 2 2 2 2 2 2 2 2 2 2 2 2 2 2
left_child=1 2 6 25 29 20 13 8 -5 10 -10 12 -6 -1 15 -15 22 -14 21 -8 -4 -7 23 -17 -25 -3 -27 -21 -19 -2
right_child=4 3 5 7 11 18 19 -9 9 -11 -12 -13 17 14 -16 16 -18 28 -20 27 -22 -23 -24 24 -26 26 -28 -29 -30 -31
leaf_value=-0.042470847978450188 -0.049805125223158414 -0.052125330593886791 0.035112063520822363 0.049442357572408294 0.049377733852418254 0.02447998824839083 -0.05725795246952612 -0.055770980948703468 -0.035492530730959586 0.039097723838289716 0.043001187859937118 0.053233615639797949 0.031140800681343329 0.043441665482474433 -0.036373108644674572 0.021075755607899576 -0.063871028654475082 0.013281293744860099 0.048609621940929992 -0.060762833797204985 -0.063628433680290572 -0.063632152898960403 0.047725221333060848 0.059298931710551832 -0.086721999772706171 -0.039556448683151987 0.074310972648626905 0.052424496365958265 -0.044554017865479308 0.043960056331252995
leaf_weight=90.134189922362566 16.171302504837517 290.10620944574475 6.4599028602242496 32.103958964347839 75.000672414898872 52.155139312148094 5.3176188506186 26.96690334379673 61.429936286062002 24.45418805629015 13.748174130916594 261.49909146875143 31.992353051900864 29.19154130667448 55.231607120484114 12.865093793720005 14.680114585906265 15.652315616607664 168.90423572063446 2.6566487662494174 14.757292050868271 6.0405648387968531 14.240628231316803 2.4579818360507444 9.7273550592362934 178.19760357961059 7.2310302034020415 31.12644961103797 23.163310773670673 4.404328688979148
leaf_count=805 135 4785 29 130 298 224 42 449 596 92 57 1157 110 119 300 48 82 61 704 26 116 70 48 8 76 2150 26 110 128 18
internal_value=-0.000441008 -0.0155455 0.00833984 -0.034976 0.040161 0.0337898 -0.0152737 -0.00346362 0.00724389 -0.00635349 -0.021138 0.0436919 0.0265793 -0.0229887 -0.0103002 0.00701581 -0.0126859 0.00243097 0.0400826 0.0298175 -0.0335654 0.0153342 0.00643807 -0.0170328 -0.0572672 -0.0454928 -0.035116 0.0435236 -0.0212321 -0.0297342
internal_weight=1578.07 1150.18 515.946 634.238 427.883 248.317 267.629 158.703 131.736 99.6323 75.1781 407.308 145.809 228.529 138.394 83.1627 53.9712 70.808 227.1 39.1007 21.2172 58.1957 39.2911 25.0504 12.1853 475.535 185.429 33.7831 38.8156 20.5756
internal_count=12999 11092 2807 8285 1907 1143 1664 1324 875 745 653 1754 597 1486 681 381 262 299 998 178 145 294 180 132 84 6961 2176 136 189 153
is_linear=0
shrinkage=0.05


Tree=36
num_leaves=31
num_cat=0
split_feature=39 49 31 40 39 15 47 27 34 42 10 16 43 15 39 26 4 7 29 39 4 6 27 45 5 39 47 4 46 34
split_gain=378.531 185.303 103.546 70.0216 52.4688 51.7109 47.6037 45.1191 32.7875 31.9972 25.9793 26.3655 23.8595 23.1759 21.4388 21.4069 20.8548 28.3192 19.54 18.4801 24.1138 25.8569 24.7805 20.8672 16.2186 16.4648 14.8012 14.3201 13.5473 13.4368
threshold=-0.35413642227649683 -0.34058643877506251 0.77738410234451305 -0.26327629387378687 0.16264390945434573 -1.0029196143150327 -0.20817796885967252 -0.27348609268665308 0.77137252688407909 0.60324740409851085 -0.95889446139335621 -0.29855279624462122 0.71151122450828563 -0.80859732627868641 -0.63780748844146717 -1.1960657238960264 -0.16294366866350171 -1.5614432692527769 0.84782207012176525 -0.57478746771812428 -0.16295043379068372 0.73818317055702221 0.6685481369495393 1.3473826050758364 -0.76687875390052784 -0.52590650320053089 -0.50946465134620655 -0.16293168067932126 0.1366548836231232 -0.84491941332817067
decision_type=2 2 2 2 2 2 2 2 2 2 2 2 2 2 2 2 2 2 2 2 2 2 2 2 2 2 2 2 2 2
left_child=1 2 5 4 7 -1 10 -2 14 -5 -7 24 -8 29 -3 -13 18 -18 -9 -4 21 22 28 -22 -12 -26 -24 -14 -21 -11
right_child=3 8 19 9 -6 6 12 16 -10 13 11 15 27 -15 -16 -17 17 -19 -20 20 23 -23 26 -25 25 -27 -28 -29 -30 -31
leaf_value=0.050344890723235336 -0.027569986749303312 0.024871902002016097 0.052889959449645634 -0.049452612791488354 -0.042974104406709603 -0.039267243970165351 -0.047120356575736655 -0.036600292916691854 -0.05248349556737042 -0.061188897439942713 -0.085942608543807253 -0.051390466471126821 -0.079505678243616332 -0.060685168816807217 -0.029702457399682643 0.037813926813538561 -0.0098244595817529538 0.076382949430562216 0.032771246067770578 -0.097411980335787227 0.055048812886413473 0.03993847474254196 -0.073602089497786696 -0.075756364297413933 0.013180911837546262 -0.055565177135107571 0.034713076332331554 0.064107866338647651 -0.010965700762433356 0.041582343328439825
leaf_weight=60.271053604781628 53.369959264993668 31.577794589102268 282.9114177338779 329.97091037407517 73.901638749986887 22.204112056642771 62.487821731716394 17.02844950184226 80.126415506005287 3.7318258173763779 6.0166857950389376 7.1701343767344943 2.1918466277420512 10.952978566288946 41.838137701153755 108.44105903059244 13.087747018784283 35.010077748447657 25.132586140185595 9.9582919105887431 88.001535572111607 46.288218803703785 3.7053104788064983 3.1584124192595473 46.653251796960831 10.708885841071604 21.196443166583776 8.3420462906360608 8.3174050673842412 21.527664195746183
leaf_count=247 491 167 1301 5149 860 134 739 139 1261 28 42 55 19 107 417 394 99 130 90 49 384 170 13 20 189 37 74 32 34 98
internal_value=0.000490153 0.0199351 0.0296134 -0.0312089 -0.00874035 0.00841118 -0.000805602 0.00887401 -0.0303669 -0.0445563 0.0117449 0.0180731 -0.0353857 5.9125e-05 -0.00622883 0.0322815 0.0304233 0.0529253 0.00475273 0.0449129 0.0324185 0.0139773 -0.0138542 0.0505168 -0.00784487 0.000346766 0.0185961 0.0342254 -0.0580696 0.026399
internal_weight=1535.28 951.566 798.024 583.714 217.53 334.487 274.216 143.629 153.542 366.183 201.194 178.99 73.0217 36.2125 73.4159 115.611 90.2589 48.0978 42.161 463.537 180.626 89.4657 43.1775 91.1599 63.3788 57.3621 24.9018 10.5339 18.2757 25.2595
internal_count=12969 5778 3933 7191 1809 1888 1641 949 1845 5382 851 717 790 233 584 449 458 229 229 2045 744 340 170 404 268 226 87 51 83 126
is_linear=0
shrinkage=0.05


Tree=37
num_leaves=31
num_cat=0
split_feature=39 40 30 34 5 31 15 49 26 16 39 39 20 40 39 47 7 16 27 26 4 15 7 35 4 15 7 26 48 10
split_gain=328.489 179.537 90.1502 58.6956 52.4845 48.9049 42.941 39.7322 31.6021 24.8457 24.6187 22.0966 18.7467 18.5548 18.535 17.708 17.3887 26.619 16.9193 16.0783 15.4876 21.8626 21.5685 15.2427 15.208 28.9358 30.0966 14.3209 13.7411 13.2204
threshold=-0.28931136429309839 0.10375460237264635 0.5200791358947755 0.83890247344970714 -0.23220443725585935 1.2812902331352236 -1.0504370927810667 -0.42359195649623865 -0.51377081871032704 -0.39735415577888483 -0.50957342982292164 -0.67553454637527455 -0.8336338698863982 -0.60799095034599293 0.45944167673587805 -0.24984482675790784 -1.5614432692527769 -0.044654157012701028 0.54775077104568493 -0.19019068777561185 -0.16295301169157025 -0.80236974358558644 -1.7276051044464109 0.93546414375305187 -0.1629500016570091 -0.86300083994865406 0.6609708070755006 0.49148860573768621 -0.74159696698188771 -0.9483831226825713
decision_type=2 2 2 2 2 2 2 2 2 2 2 2 2 2 2 2 2 2 2 2 2 2 2 2 2 2 2 2 2 2
left_child=1 2 6 4 11 13 -1 14 23 28 -6 29 -4 16 20 -11 -2 -18 -12 -19 21 -7 -22 -8 25 -14 -27 -17 -10 -3
right_child=5 3 12 -5 10 7 8 -9 9 15 18 -13 24 -15 -16 27 17 19 -20 -21 22 -23 -24 -25 -26 26 -28 -29 -30 -31
leaf_value=0.051410542874108692 -0.047905908741558118 -0.061598387149894421 0.051453532055705381 -0.053437588750847746 0.031333798258469756 0.025342338434578844 -0.048415443344373033 -0.051895637734248538 0.022386912982515713 0.032462572455546665 -0.03797109118853622 -0.048201435156103985 0.040443488245890197 -0.047397417476017001 -0.041981133765211148 -0.055987573683335103 -0.020357706075356773 -0.055761832515681946 0.021685193279668506 0.10578288250447239 -0.0416157743399354 -0.057606164810924947 0.053578323570330905 0.030934145448988905 0.046107626555484831 -0.061126450481653528 0.033675547701329724 0.015707592315568356 -0.042254093630561741 0.032544480468933372
leaf_weight=43.662503808736801 30.05431392043829 4.8452593535184887 294.54483350366354 75.942111302167177 92.039086014032364 21.326032951474186 43.703531708568335 34.767188265919685 11.26989199221134 81.60119092464447 27.992538332939148 64.102668929845095 46.995734095573425 301.08578415587544 14.196097832173107 11.62252499908209 31.299271564930677 1.9153916351497171 20.655173853039742 7.8645287267863733 7.0276198945939532 12.659141730517151 38.816122479736805 7.0250541120767585 76.246202532202005 19.327296119183302 14.769479140639303 17.38157331943512 30.393506698310375 16.188749384135008
leaf_count=185 384 39 1358 1265 416 65 405 538 48 290 240 782 199 4815 110 133 268 27 102 27 36 127 149 31 351 104 58 137 227 98
internal_value=0.000265099 0.0168171 0.0307396 -0.0154115 -0.00262377 -0.0327823 0.00642764 -0.00622541 -0.0032477 0.00813915 0.0161276 -0.03361 0.0440103 -0.0419713 0.0106619 0.0205351 -0.0190042 0.00214087 -0.0126418 0.0741444 0.0200234 -0.00555516 0.0389855 -0.0374269 0.0300763 0.015003 -0.0200617 -0.0130221 -0.0247688 0.0108583
internal_weight=1501.32 1000.31 698.543 301.766 225.823 501.011 246.66 128.792 202.997 152.269 140.687 85.1367 451.884 372.219 94.025 110.605 71.1335 41.0792 48.6477 9.77992 79.8289 33.9852 45.8437 50.7286 157.339 81.0925 34.0968 29.0041 41.6634 21.034
internal_count=13014 6468 3526 2942 1677 6546 1456 1025 1271 835 758 919 2070 5521 487 560 706 322 342 54 377 192 185 436 712 361 162 270 275 137
is_linear=0
shrinkage=0.05


Tree=38
num_leaves=31
num_cat=0
split_feature=39 40 31 43 15 0 39 33 42 31 49 39 38 15 4 43 38 20 27 4 39 6 45 10 26 15 0 0 46 0
split_gain=317.515 203.926 99.4263 53.0197 49.5278 42.9347 36.9713 31.3852 26.0336 34.5211 21.5328 39.4762 21.462 20.946 24.1227 34.4682 20.8766 18.5282 20.9367 20.5745 28.2719 18.5239 18.055 17.8362 17.186 16.5905 15.4646 15.1729 14.21 12.0849
threshold=-0.14777062088251111 0.21960923075675967 0.8722151815891267 1.0719404220581057 -0.82153180241584767 -1.1758936047554014 -0.58352574706077565 -0.37060908973217005 0.59938746690750133 0.40307845175266271 -0.25758091360330576 -0.6410173475742339 -0.26343403756618494 -1.0171381831169126 -0.16276764869689939 0.19908224046230319 -0.36814166605472559 -1.0791152715682981 0.55997043848037731 -0.16295043379068372 -0.58352574706077565 0.73818317055702221 1.2147341966629031 -0.9483831226825713 -0.40857326984405512 1.0687639117240908 2.5800911188125615 -0.51518115401267994 -0.59083765745162953 -1.1830742359161375
decision_type=2 2 2 2 2 2 2 2 2 2 2 2 2 2 2 2 2 2 2 2 2 2 2 2 2 2 2 2 2 2
left_child=1 2 3 6 -3 -6 7 26 29 -10 11 23 -13 -8 -15 -16 -9 -4 19 20 -19 27 -21 -7 -17 -14 -1 -22 -18 -2
right_child=8 4 17 -5 5 10 13 16 9 -11 -12 12 25 14 15 24 28 18 -20 22 21 -23 -24 -25 -26 -27 -28 -29 -30 -31
leaf_value=0.039710079732585911 0.025348176276416223 0.050599950401183195 0.051987514091357379 0.04550793624448627 0.043376421649079094 -0.042045288748965806 0.04329952325792389 0.04652091413567256 -0.046161487522396807 0.045481790135704893 -0.04477011260613982 -0.046092459055215473 0.073223158754413403 -0.037627057325039258 -0.057663332456579813 -0.047249100255778859 -0.065440166777594871 0.043529401861952532 0.048582223477220368 0.05513836528682297 -0.10129658637262376 0.00063213642010690808 -0.047364199172643673 0.045478577617065995 0.077944363298166661 -0.040016169815078995 -0.073474099717920557 0.025090808326045745 -0.0063861834511829601 -0.046348407019702727
leaf_weight=80.404853247106075 5.9890341982245436 22.540722098201513 259.46413523331285 73.5836944244802 20.456624805927277 7.3046384677290908 11.906953953206537 11.47576532512903 21.721014183014631 19.502372480928898 144.69448922201991 69.668832194060087 7.3781111128628236 100.35231544449925 10.637185558676721 3.3467895910143879 16.700484499335289 17.069167956709862 82.794100720435381 31.974793095141649 12.081302743405105 16.177641492336988 4.9628186449408522 28.656588297337294 15.151185620576141 5.759304765611887 3.1356075629591933 2.9555940069258204 26.117779441177845 315.33987336605787
leaf_count=317 25 78 1242 331 84 48 41 48 245 72 2211 733 24 904 159 42 145 79 383 141 69 63 35 126 59 67 22 15 153 4941
internal_value=0.000305265 0.0138226 0.0273964 0.00775021 -0.0207381 -0.0264017 -0.00219988 0.0162273 -0.0402131 -0.00280597 -0.0318197 -0.0160422 -0.0350387 -0.0201631 -0.0259988 0.0140532 -0.0133682 0.043611 0.0306752 0.0132781 -0.0082098 -0.0365025 0.0413665 0.0277003 0.0552934 0.0235802 0.0354618 -0.0764544 -0.0294191 -0.0450121
internal_weight=1449.3 1086.75 780.292 352.813 306.459 283.919 279.229 137.834 362.552 41.2234 263.462 118.767 82.8062 141.394 129.487 29.1352 54.294 427.48 168.015 85.2213 48.2837 31.2145 36.9376 35.9612 18.498 13.1374 83.5405 15.0369 42.8183 321.329
internal_count=12902 7619 4248 2221 3371 3293 1890 685 5283 317 3209 998 824 1205 1164 260 346 2027 785 402 226 147 176 174 101 91 339 84 298 4966
is_linear=0
shrinkage=0.05


Tree=39
num_leaves=31
num_cat=0
split_feature=42 30 47 48 34 24 6 4 39 43 43 4 42 39 31 0 7 6 45 2 27 6 0 0 1 4 5 39 5 27
split_gain=304.08 170.17 82.7082 61.0216 51.7119 45.5978 39.8152 39.4447 33.5149 32.5847 27.1748 26.0151 27.9137 24.4436 24.1425 23.5269 22.1532 18.6351 17.3902 15.5959 14.4873 15.4717 17.4497 18.1928 13.6948 13.6471 13.2865 12.2922 12.2921 11.9684
threshold=0.64851728081703197 0.7033752202987672 -0.061027757823467248 -0.55042916536331166 0.9012073576450349 -0.34090089797973627 0.15842290222644809 -0.16295450180768964 0.21651837229728702 0.66410189867019664 -0.1916873902082443 -0.16281927376985547 0.55190059542655956 0.17085647583007815 0.181287556886673 -1.1758936047554014 0.72328144311904918 0.48707078397274023 1.9311985969543459 -0.45340137183666224 1.2071301937103274 0.80739298462867748 -0.7914823293685912 -1.1795675754547117 -0.91740602254867543 -0.16295634955167768 -0.21047691255807874 -0.59099829196929921 0.67311513423919689 -1.5986427664756773
decision_type=2 2 2 2 2 2 2 2 2 2 2 2 2 2 2 2 2 2 2 2 2 2 2 2 2 2 2 2 2 2
left_child=1 3 4 7 5 28 -2 16 11 15 -9 12 -7 18 17 -4 29 26 -12 -11 21 22 23 -14 -10 -18 -8 -25 -3 -1
right_child=6 2 9 -5 -6 8 14 10 24 19 13 -13 20 -15 -16 -17 25 -19 -20 -21 -22 -23 -24 27 -26 -27 -28 -29 -30 -31
leaf_value=0.076223356135241643 -0.039449453887620813 -0.066380031144048279 0.034889886523042049 -0.044800055621260555 -0.055415372111674001 -0.035554037206663079 -0.080333981426865569 -0.024195348204660516 0.098845271257862605 -0.059696003265180986 0.047796093098649503 0.05022989126407499 0.058977856216700368 -0.056522790501968012 0.049671937684461862 -0.042245339348591926 0.050582866189468424 0.029904365968175695 -0.04098207499368537 0.061704292481370208 0.060094267654350247 0.045331859527554898 0.034462761066292751 0.019161791327874128 -0.052179785527093549 -0.06579289157648005 0.013853096775020458 -0.0841255992174232 0.0067882211443406407 -0.041803960242916625
leaf_weight=2.1936349533498278 15.688356559723614 15.022417962551119 10.952083088457583 354.35262013599277 20.126732103526592 19.588553354144096 7.1115664206445217 36.88886284828186 1.6726706512272382 3.2573912031948593 56.276260323822498 157.24191876128316 4.0475880429148665 7.4859454035758963 265.77789866924286 101.50842710956931 11.765338052064179 80.830127991735935 6.1155536919832221 14.083820119500158 28.100356455892324 27.277516085654497 15.910494595766066 3.7722450830042353 14.63057219237089 3.2055245526134959 7.9077522866427881 12.186019424349071 9.2897365689277631 102.98715196177363
leaf_count=14 143 100 52 6157 294 182 61 263 8 27 227 715 13 63 1333 1426 53 338 64 52 97 99 56 17 113 29 35 70 32 887
internal_value=8.10885e-05 -0.0138694 0.00889981 -0.031836 0.0222389 0.0273011 0.0385307 -0.0115916 0.032919 -0.0248961 0.0105229 0.0371513 0.0186045 0.0288508 0.0419137 -0.0347334 -0.0312425 0.020401 0.0390942 0.0389003 0.0302251 0.0169432 -0.00461727 -0.0356973 -0.036685 0.0256648 -0.030744 -0.0597103 -0.0384223 -0.0393424
internal_weight=1417.26 1039.94 458.669 581.271 328.867 308.74 377.316 226.918 284.428 129.802 106.767 268.125 110.883 69.8778 361.627 112.461 120.152 95.8494 62.3918 17.3412 91.2942 63.1939 35.9163 20.0059 16.3032 14.9709 15.0193 15.9583 24.3122 105.181
internal_count=13020 11110 3353 7757 1796 1502 1910 1600 1370 1557 617 1249 534 354 1767 1478 983 434 291 79 352 255 156 100 121 82 96 87 132 901
is_linear=0
shrinkage=0.05


Tree=40
num_leaves=31
num_cat=0
split_feature=42 48 4 39 45 0 39 6 15 29 42 43 5 43 15 43 42 39 34 38 31 17 38 39 7 32 33 5 33 7
split_gain=285.299 159.93 123.029 45.6035 44.4112 43.7593 41.6408 40.9387 36.1579 26.1401 25.5614 21.7134 21.2796 46.2067 20.4333 23.8378 19.6687 19.027 17.1818 16.6579 16.3216 16.0148 15.9363 13.9387 13.9028 13.6978 13.4117 13.3676 12.5459 15.8899
threshold=0.63974404335021984 -0.43944138288497919 -0.16281927376985547 0.16264390945434573 1.5931258797645571 -1.1552844047546384 -0.63780748844146717 0.19036691635847094 -0.80236974358558644 0.59240743517875682 0.48727639019489294 0.13788416981697085 -0.07239296659827231 0.63457834720611583 -1.0029196143150327 0.59697014093399059 0.57875785231590282 -0.13194165378808972 -0.67478513717651356 -0.36836270987987513 -0.61977723240852345 -0.41340944170951838 2.3394932746887211 -0.41194589436054224 0.76482191681861889 -0.62176361680030812 -0.50855332612991322 -0.043255921453237527 -0.49452917277812952 0.70251125097274791
decision_type=2 2 2 2 2 2 2 2 2 2 2 2 2 2 2 2 2 2 2 2 2 2 2 2 2 2 2 2 2 2
left_child=1 2 6 4 11 -3 10 -2 18 14 -1 20 -7 16 -9 28 -14 -15 -8 -20 -4 -12 -6 -22 -10 -19 -21 -26 -16 -30
right_child=7 5 3 -5 22 12 8 9 24 -11 21 -13 13 17 15 -17 -18 25 19 26 23 -23 -24 -25 27 -27 -28 -29 29 -31
leaf_value=-0.056465108663116714 -0.033446394990169721 0.031012101990076302 -0.02755969802833115 -0.035603367513058225 -0.050391739389190976 -0.050919846207834712 -0.023855210637624528 0.043057340016483966 -0.045652752610800068 0.048441026897577066 0.037515610892318724 0.054281622904079209 -0.046147495463928885 0.077973651897471949 0.043170743350717612 -0.043427212689891352 0.01331196539597973 0.060379044482468142 0.05365916117517075 -0.082955406501926843 0.045025947523307651 -0.046475975661425487 0.035476931277639658 -0.034510703719530474 -0.064355144354249702 -0.041023206301935788 0.03743147469416306 0.050352628572443797 -0.029947965802587424 0.068570595637679574
leaf_weight=10.506291620433329 20.408022541552782 22.063503310084343 14.630028430372475 24.702870909124613 18.552349291741852 236.2196200825274 28.936614137142897 57.090572871267796 150.0423783659935 256.40056213364005 51.667368870228529 143.87639802321792 120.78131059557199 12.345989584922792 28.363760087639093 19.97354656457901 15.718316439539192 5.0765755847096434 21.734422456473116 4.9196367003023624 37.641354605555534 6.3756172619760028 7.6236680708825579 6.452742349356412 3.8307342082262039 9.6823539584875089 4.3671175315976125 7.5370788760483247 17.34615416824818 5.3567686676979056
leaf_count=115 167 130 100 190 210 4479 169 256 1620 1336 220 666 2130 44 88 103 99 23 91 31 170 43 42 42 41 124 20 36 113 14
internal_value=0.000337437 -0.0144397 0.00349304 0.0289367 0.0359057 -0.0375374 -0.0187528 0.0355629 -0.0292976 0.0392254 0.0152997 0.0438241 -0.0413202 -0.0274597 0.0207842 0.00288462 -0.0393006 0.0321705 0.00385803 0.029709 0.0182029 0.0282897 -0.0253828 0.0333865 -0.0416136 -0.00614424 -0.0263432 0.0116983 0.0209984 -0.00670245
internal_weight=1370.22 965.284 543.397 253.479 228.777 421.888 289.917 404.939 221.368 384.531 68.5493 202.601 399.824 163.605 128.131 71.0402 136.5 27.1049 59.9578 31.0212 58.7241 58.043 26.176 44.0941 161.41 14.7589 9.28675 11.3678 51.0667 22.7029
internal_count=12912 10835 3806 1420 1230 7029 2386 2077 2008 1910 378 978 6899 2420 574 318 2229 191 311 142 312 263 252 212 1697 147 51 77 215 127
is_linear=0
shrinkage=0.05


Tree=41
num_leaves=31
num_cat=0
split_feature=39 34 29 43 4 15 39 15 47 15 30 42 4 6 27 40 7 47 26 16 24 33 46 46 15 43 39 17 11 0
split_gain=266.117 122.908 89.8292 78.5811 66.6314 52.0305 45.2697 35.2298 35.4827 29.4112 24.3274 21.0775 31.2607 32.2925 28.8997 18.9755 25.4597 18.5088 16.2316 15.9456 20.1225 15.8431 14.6969 14.1821 13.412 12.856 12.2156 14.6071 12.0251 11.8277
threshold=-0.43085643649101252 0.9012073576450349 0.28870773315429693 0.78447610139846813 -0.16295627504587171 -0.80236974358558644 0.26502512395381933 -0.88561978936195362 -0.20817796885967252 -1.188168942928314 0.69163286685943615 0.68461090326309215 -0.16290950030088422 0.68379151821136486 0.14251334220170978 -0.79174402356147755 -1.5614432692527769 -0.24984482675790784 -0.93666100502014149 -0.37605540454387659 -0.34109999239444727 -0.72107526659965504 -1.2075512409210203 -0.51887524127960194 -0.77448248863220204 0.82107314467430126 0.38314488530159002 -0.55298256874084462 -0.30758921802043909 -1.1758936047554014
decision_type=2 2 2 2 2 2 2 2 2 2 2 2 2 2 2 2 2 2 2 2 2 2 2 2 2 2 2 2 2 2
left_child=1 2 7 5 9 10 -6 -1 18 -5 -2 12 13 14 23 16 -7 28 -9 -20 -21 -12 -18 -4 -19 -10 27 -24 -16 -17
right_child=3 -3 11 4 6 15 -8 8 25 -11 21 -13 -14 -15 17 29 22 24 19 20 -22 -23 26 -25 -26 -27 -28 -29 -30 -31
leaf_value=0.036767058035775589 -0.031315182587631871 -0.054212085372739152 -0.10951490518302974 0.048971993206827352 0.056249837369634542 -0.048395400402836554 -0.032557259413831807 -0.039116725067016217 -0.055192105198026468 -0.041102974913824315 -0.020920746746208006 0.054298940913810427 0.047755318469909665 0.038688425107744485 -0.068481493062974394 0.013331453112052799 0.13198573098607519 0.038188196197896859 -0.029219112330231778 -0.053153545668845205 0.02876952717827172 0.049008047453060012 -0.074684528881018258 -0.023110891319580246 -0.064824492327638608 0.036083563629321795 -0.055762049685949444 0.055097750665799153 0.033291710372696792 -0.04855509039666258
leaf_weight=49.826446268707514 27.683824393898249 51.486288234591484 8.1452523395419139 10.538349729031323 64.491352062672377 25.061393909156322 18.45687997713685 19.051553193479776 44.231712836772203 64.707386832684278 11.221950568258761 145.67872918397188 148.91112842410803 79.385087959468365 3.1108942925930014 7.9117306768894187 2.7880406714975861 4.3733071088790885 19.833032064139843 8.3218337148427945 75.500531539320946 29.111450493335724 2.6247214525938061 11.390287045389412 11.386844027787445 4.2263653166592112 5.2936394512653342 12.461362358182667 43.314041592180729 319.53075604885817
leaf_count=215 228 1000 55 55 311 333 226 172 757 918 44 844 764 350 13 40 16 21 103 49 311 94 24 60 89 20 67 50 176 5529
internal_value=-7.38969e-05 0.0202595 0.0259257 -0.0246738 0.00558264 -0.0354615 0.0364893 -0.000234061 -0.0110052 -0.0284878 0.0047782 0.038612 0.0312407 0.0159761 -0.00608713 -0.0427471 -0.0134668 0.0105785 0.00330089 0.0110971 0.0206363 0.0295518 0.0243167 -0.0591366 -0.0362394 -0.0472313 0.00958712 0.0325178 0.026472 -0.0470598
internal_weight=1330.06 728.173 676.687 601.883 158.194 443.689 82.9482 220.991 171.165 75.2457 68.0172 455.696 310.017 161.106 81.7206 375.672 48.2292 62.1851 122.707 103.655 83.8224 40.3334 23.1678 19.5355 15.7602 48.4581 20.3797 15.0861 46.4249 327.442
internal_count=12934 4999 3999 7935 1510 6425 537 1627 1412 973 366 2372 1528 764 414 6059 490 299 635 463 360 138 157 115 110 777 141 74 189 5569
is_linear=0
shrinkage=0.05


Tree=42
num_leaves=31
num_cat=0
split_feature=39 34 31 43 29 43 15 4 42 6 47 4 39 7 15 39 39 33 20 2 43 18 6 6 24 16 42 40 21 1
split_gain=259.081 121.238 79.9245 55.1687 65.5056 36.8951 34.8787 31.3558 43.7418 33.7881 30.7976 24.6844 42.4004 28.9374 25.2485 17.9895 16.8168 19.7312 17.8847 17.8127 16.5027 16.2413 14.9304 14.8309 14.0514 15.3621 13.2102 13.1986 12.7873 12.4122
threshold=-0.33736748993396753 0.63073232769966137 0.38476012647151953 0.35788160562515264 -0.052842155098915093 1.0719404220581057 -0.80236974358558644 -0.16295105963945386 0.66724827885627758 0.51071882247924816 -0.20817796885967252 -0.16295301169157025 0.91066154837608349 -1.5614432692527769 -0.9639986753463744 -0.62197852134704579 -0.57837483286857594 -0.40420699119567866 -0.35991744697093958 -0.86492618918418873 0.66410189867019664 -0.045300867408514016 -1.5434594750404356 -1.7674273848533628 -0.34154251217842096 -0.46402916312217707 0.58445599675178539 0.49025307595729833 -1.9199356436729429 0.75280976295471203
decision_type=2 2 2 2 2 2 2 2 2 2 2 2 2 2 2 2 2 2 2 2 2 2 2 2 2 2 2 2 2 2
left_child=1 2 5 6 -5 10 -2 8 9 21 16 14 13 -13 -6 -11 17 19 -18 -1 -12 -4 -19 -9 -17 -26 -27 -3 -20 -7
right_child=3 27 7 4 11 29 -8 23 -10 15 20 12 -14 -15 -16 24 18 22 28 -21 -22 -23 -24 -25 25 26 -28 -29 -30 -31
leaf_value=-0.044017534542297905 0.029354424852389007 0.035051008870371624 0.010569397609561902 -0.041805645312772852 0.031263582407843452 0.047565929988818229 -0.051619553443247368 -0.022653461310349496 0.049253398335919851 0.050130946211831777 -0.043334058528536799 -0.022219714071374366 -0.055764485116240561 0.064875487105240812 -0.037855995288826771 -0.086976683276397446 -0.04943526884114418 -0.10981811433751321 0.092763592012396687 0.037078005839901382 0.041660125025279507 -0.054186685115351442 -0.0039148074570360923 0.051787797793713557 -0.080071065035544911 -0.030062457462986913 0.033248136654048042 -0.045018212645300364 -0.0040036980338887442 -0.076540158838642347
leaf_weight=7.4443865753710261 14.149817094206808 5.5040685087442389 14.810482129454611 105.22904033958912 20.563651118427515 46.908465042710304 221.0916503444314 6.901133779436349 94.973099861294031 35.156935758888721 57.999982375651598 11.873574402183293 11.836362015455959 48.462842937558889 36.957215264439583 3.9031193628907195 24.027427643537521 3.745849981904029 3.8249357901513568 74.899676878005266 6.3348118215799323 27.966726895421743 29.839402690529823 219.54711783304811 4.2235015332698813 10.550415474921463 37.615054689347744 79.289989430457354 31.774821236729622 2.1050701551139346
leaf_count=49 75 41 53 1901 85 228 4165 39 541 160 891 70 154 211 392 17 129 32 11 286 40 171 170 1222 22 64 136 1466 148 16
internal_value=1.79639e-05 0.0168275 0.0232789 -0.0296331 -0.0124941 0.00270581 -0.046749 0.0363233 0.0232859 0.00491232 -0.00537077 0.0112883 0.0307619 0.0477361 -0.0131458 0.0220697 0.00547439 0.0165728 -0.0161035 0.0297465 -0.034965 -0.0317666 -0.0157265 0.0495192 0.00454413 0.0113627 0.0193803 -0.0398208 0.00639325 0.0422357
internal_weight=1299.51 829.346 744.552 470.164 234.923 288.905 235.241 455.648 229.199 134.226 239.891 129.694 72.1728 60.3364 57.5209 91.449 175.557 115.929 59.6272 82.3441 64.3348 42.7772 33.5853 226.448 56.2921 52.389 48.1655 84.7941 35.5998 49.0135
internal_count=12985 5932 4425 7053 2813 2000 4240 2425 1164 623 1756 912 435 281 477 399 825 537 288 335 931 224 202 1261 239 222 200 1507 159 244
is_linear=0
shrinkage=0.05


Tree=43
num_leaves=31
num_cat=0
split_feature=39 31 43 47 34 4 39 4 39 34 4 15 30 43 21 30 6 45 15 6 7 38 48 15 1 15 4 48 20 15
split_gain=240.863 141.863 75.285 61.2541 59.3805 35.463 42.7312 33.503 31.6744 31.2181 30.7662 28.9666 22.1767 32.1875 22.0009 21.2772 18.0313 17.2725 14.6436 14.3409 13.757 21.9828 19.136 17.2992 13.4642 13.0416 13.131 17.264 12.8996 12.2769
threshold=-0.14777062088251111 0.8722151815891267 0.78447610139846813 -0.20817796885967252 0.9012073576450349 -0.16295301169157025 -0.60130965709686268 -0.16295636445283887 -0.52590650320053089 0.728905349969864 -0.16295694559812543 -1.0504370927810667 -0.037979723885655396 0.40847934782505041 0.3324007540941239 -0.30100154876708979 0.8578779697418214 -0.32634143531322474 -0.84129497408866871 -1.7674273848533628 -1.5614432692527769 -0.30468586087226862 -0.16817846149206159 -0.98196560144424427 1.1074991822242739 -0.6504380702972411 -0.16249699145555493 -0.79273551702499379 0.2801982462406159 -0.73576200008392323
decision_type=2 2 2 2 2 2 2 2 2 2 2 2 2 2 2 2 2 2 2 2 2 2 2 2 2 2 2 2 2 2
left_child=1 2 3 8 5 6 -3 11 9 15 -8 -4 -2 29 -12 -1 17 -16 -5 24 -15 23 -23 -22 -7 -17 27 -27 -29 -14
right_child=12 4 7 18 -6 19 10 -9 -10 -11 14 -13 13 20 16 25 -18 -19 -20 -21 21 22 -24 -25 -26 26 -28 28 -30 -31
leaf_value=-0.0025809621896992286 -0.052199596381822935 0.046569958366040443 0.034195500757975693 0.029076937906997526 -0.054222281174283044 0.039450607011066043 0.053256813346195392 0.055306223882096134 -0.028709232843971633 -0.054068626233403916 0.020726501421447961 -0.04804112258329106 0.0096062149228467314 -0.047154496908667021 -0.073612373578913051 0.0558471958719872 0.0097907965948633869 -0.0088277112629657588 -0.04643513580144884 0.052351822991527533 0.040546773477638687 0.09154823944768764 -0.037829175460245508 -0.031551336900788353 -0.095133038133876635 0.063289275618773663 0.046257894228897221 -0.07569098622283052 0.013065887161567558 -0.050647263538302123
leaf_weight=68.53605679422617 150.78254882246256 97.278111331164837 24.127599086612463 6.7402701862156382 19.097604818642139 4.3935892656445494 24.026640307158232 60.349509529769421 73.670506749302149 16.7443807721138 37.457144666463137 19.252237714827061 9.4132532700896245 12.065472297370432 24.585588131099939 39.478908590972424 21.439509958028793 17.692321017384529 135.24095269292593 214.38107952848077 12.19770155102014 12.199894759804009 3.7324940413236609 26.170656338334087 3.2206430621445179 5.9000407904386547 19.04612697660923 9.2235833816230315 7.3604181781411162 82.962611220777035
leaf_count=380 3298 553 123 34 407 23 111 286 538 293 172 142 65 107 174 145 112 132 2580 1239 52 44 51 266 22 18 75 53 32 1473
internal_value=-0.000165174 0.0123242 -0.00656018 -0.0168192 0.0321088 0.0358182 0.0217103 0.0312145 -0.00141691 0.0106743 0.00239504 -0.00230162 -0.0384674 -0.0254237 -0.00968347 0.0179235 -0.0275604 -0.0465015 -0.0428504 0.0499568 0.00113911 0.0118698 0.0612389 -0.00863059 -0.0174751 0.0352708 0.0157108 -0.0101655 -0.0362983 -0.0445073
internal_weight=1258.77 949.243 485.671 381.941 463.572 444.475 222.479 103.729 239.96 166.29 125.201 43.3798 309.525 158.742 101.175 149.545 63.7174 42.2779 141.981 221.995 66.3662 54.3007 15.9324 38.3684 7.61423 81.0091 41.5302 22.484 16.584 92.3759
internal_count=13000 7644 4699 4148 2945 2538 1254 551 1534 996 701 265 5356 2058 590 703 418 306 2614 1284 520 413 95 318 45 323 178 103 85 1538
is_linear=0
shrinkage=0.05


Tree=44
num_leaves=31
num_cat=0
split_feature=39 31 43 34 47 4 42 4 34 30 43 15 39 0 15 30 42 4 34 42 6 7 48 45 14 41 6 1 14 15
split_gain=224.135 134.746 76.6782 54.1251 50.2066 39.5745 45.6914 30.3734 26.3426 25.4089 38.4829 24.9448 23.9236 19.9775 19.1107 18.8213 17.3451 19.2311 16.9198 18.0089 15.8118 14.7981 13.8464 13.1301 12.6513 12.0724 11.448 11.2602 11.0966 9.97736
threshold=-0.14777062088251111 0.8722151815891267 0.78447610139846813 0.9012073576450349 -0.20817796885967252 -0.1629500016570091 0.63974404335021984 -0.16295636445283887 0.728905349969864 0.22883787006139758 0.75322934985160839 -1.0504370927810667 -0.54357796907424916 -1.1758936047554014 -0.86300083994865406 -0.24541483819484708 -0.3006033301353454 -0.16295685619115827 -0.69734719395637501 0.57449156045913707 0.4610432237386704 -1.4991326928138731 -0.71702116727828968 1.3007527589797976 -1.8475136160850523 -0.39974035322666163 -0.11413525789976119 0.76473060250282299 -2.0160295963287349 -0.65498602390289296
decision_type=2 2 2 2 2 2 2 2 2 2 2 2 2 2 2 2 2 2 2 2 2 2 2 2 2 2 2 2 2 2
left_child=1 2 4 5 8 6 13 11 12 28 24 27 15 -3 -6 22 -14 -18 -15 26 -21 -12 -1 -7 -11 -25 -20 -4 -2 -17
right_child=9 3 7 -5 14 23 -8 -9 -10 10 21 -13 16 18 -16 29 17 -19 19 20 -22 -23 -24 25 -26 -27 -28 -29 -30 -31
leaf_value=0.014636530334809539 0.077144884521736359 0.054528228324368933 0.042356607777329247 -0.053824425418445579 0.044718927976047713 0.053552448719077307 0.040930324139526741 0.055838174105830557 -0.053725822213959919 0.052652857063569439 -0.04263642429872741 -0.045498214606424475 0.065417496732303293 -0.05997558726610152 -0.045557458160358451 0.053368246685763281 0.046642546156391664 -0.037583158040664144 0.12802229504988946 -0.03998512392825665 0.03478804383851887 0.046823319551236427 -0.032474498745896384 0.034745363321527105 -0.038652807348420894 -0.070004613242235308 -0.03960218860221041 -0.088520527973898186 -0.051977529307928018 0.015810244103063285
leaf_weight=37.990684643387794 1.6810522004961956 12.287125088274477 22.42913951724768 17.755751382559538 6.1419165208935729 202.30533995106816 119.89313409477472 57.628020953387022 23.079702515155077 3.9373650141060343 5.7509852014482048 17.572995577007532 5.3928382508456698 16.02158721908927 128.77601007372141 31.891849935054779 7.664490330964326 58.547313932329416 1.0576248429715658 9.0786409303545934 31.958129033446312 23.561340402811766 26.459086928516626 8.5129193849861604 104.09152346104383 4.0635752193629733 27.589971151202917 1.7734043076634396 163.07187266275287 39.68848853930831
leaf_count=158 22 48 112 406 26 1193 684 281 395 35 39 139 20 77 2546 127 38 397 6 45 120 111 211 50 1536 39 287 15 3609 172
internal_value=-7.51675e-05 0.0122471 -0.00663281 0.0317352 -0.017219 0.0352455 0.0202302 0.0323061 -0.00305047 -0.0374204 -0.0215383 -0.000155602 0.00258236 -0.0050961 -0.0414478 0.014896 -0.0208103 -0.0278334 -0.0136441 -0.00299168 0.0182458 0.0292716 -0.00470434 0.0504708 -0.035325 0.000899731 -0.0334138 0.0327668 -0.05066 0.0325438
internal_weight=1217.65 915.56 465.036 450.524 365.632 432.768 217.886 99.4036 230.714 302.094 137.341 41.7755 207.635 97.9931 134.918 136.03 71.6046 66.2118 85.706 69.6844 41.0368 29.3123 64.4498 214.882 108.029 12.5765 28.6476 24.2025 164.753 71.5803
internal_count=12944 7592 4637 2955 4090 2549 1267 547 1518 5352 1721 266 1123 583 2572 668 455 435 535 458 165 150 369 1282 1571 89 293 127 3631 299
is_linear=0
shrinkage=0.05


Tree=45
num_leaves=31
num_cat=0
split_feature=42 47 4 39 42 43 15 39 0 20 30 30 7 29 32 32 4 17 47 25 33 39 4 2 40 2 15 43 21 29
split_gain=213.298 119.503 100.914 47.4392 46.5989 33.3427 31.8648 30.6204 26.7097 26.3495 22.9396 19.3209 18.9589 16.447 16.3794 15.4702 15.1455 58.9225 19.3238 15.3044 14.0416 19.4481 14.1909 13.9866 13.3637 11.3905 11.1891 10.9625 14.1538 10.8437
threshold=0.63974404335021984 -0.055769192054867738 -0.16281927376985547 0.21651837229728702 0.55190059542655956 0.13788416981697085 -0.99250522255897511 -0.57837483286857594 -1.1552844047546384 -1.4484354257583616 1.1844688653945925 -0.31409589946269983 0.70251125097274791 0.06515029072761537 0.057102359831333167 0.70452347397804271 -0.16288840025663373 1.0000000180025095e-35 0.12659384310245517 0.48658841848373419 0.10275112092494966 -0.5531354248523711 -0.16295392811298368 3.6717832088470463 1.0733241438865664 -0.3936335146427154 -0.82153180241584767 0.55983591079711925 0.51146551966667186 -1.5835075378417967
decision_type=2 2 2 2 2 2 2 2 2 2 2 2 2 2 2 2 2 2 2 2 2 2 2 2 2 2 2 2 2 2
left_child=1 2 4 5 -1 13 -2 11 25 -8 -9 -6 20 -4 26 -5 -10 -18 19 -19 21 -11 27 -20 -15 -3 -12 28 -23 -7
right_child=6 8 3 15 7 29 9 10 16 12 14 -13 -14 24 -16 -17 17 18 23 -21 -22 22 -24 -25 -26 -27 -28 -29 -30 -31
leaf_value=-0.043416083249347454 0.047468269872307955 -0.061469463356581239 -0.027792665219018065 -0.042804473550352794 -0.015582480053438749 -0.083271986074887991 0.047382384258861598 -0.033982873316631676 -0.051616567517573153 0.024017259565331017 0.022005742440419571 0.045609651963050446 0.047848233655452523 0.032285076478375467 0.050117019615598668 0.13461454738732043 0.069274379077314097 -0.029373768547485093 -0.052599700317979205 0.059425788526810457 -0.05609030214794767 0.041895505580685194 0.047011750554119228 0.11494398344291522 -0.060992318971820031 0.042543033544175518 -0.035080398684054395 -0.072368246901044861 -0.057110180302643858 0.049774456259306848
leaf_weight=112.52710872516036 188.74844589084387 3.2493400909006622 23.937200821936131 27.163863562047485 18.69856159389019 1.5488821864128102 49.070910479873419 76.369578916579485 162.47864795103669 42.31922609731555 15.19912803545594 41.594249833375216 19.497026614844799 40.777893781661987 16.581262055784464 1.2868790626525868 13.724496975541113 13.363281309604647 90.815796878188848 7.6183470338582984 12.341744840145109 6.8366961665451527 5.4698689132928839 1.2629769667983044 4.239009302109479 13.857934102416037 19.721143171191216 14.051687017083166 7.6482584252953547 136.32348299771547
leaf_count=1733 1158 39 208 278 140 11 280 776 3833 230 45 174 95 211 58 4 79 163 2091 56 157 21 31 5 42 82 120 65 30 749
internal_value=0.000565777 -0.0130105 0.00122819 0.0257553 -0.0179632 0.0340824 0.0336189 -0.00274167 -0.0379198 0.0169938 -0.0165918 0.0266322 0.00320737 0.00569497 0.00919674 -0.0347795 -0.0415101 -0.0285583 -0.0404343 0.002869 -0.00660868 0.00139242 -0.0267629 -0.0503016 0.0235016 0.022787 -0.0102335 -0.040904 -0.0103809 0.0482798
internal_weight=1188.32 842.339 535.968 235.277 300.691 206.826 345.984 188.164 306.371 157.235 127.871 60.2928 108.165 68.9541 51.5015 28.4507 289.264 126.785 113.06 20.9816 88.6675 76.3257 34.0065 92.0788 45.0169 17.1073 34.9203 28.5366 14.485 137.872
internal_count=12964 10897 4549 1503 3046 1221 2067 1313 6348 909 999 314 629 461 223 282 6227 2394 2315 219 534 377 147 2096 253 121 165 116 51 760
is_linear=0
shrinkage=0.05


Tree=46
num_leaves=31
num_cat=0
split_feature=39 40 31 15 4 47 43 42 4 39 30 40 42 6 39 27 0 6 0 30 38 48 42 46 0 21 30 26 3 9
split_gain=197.789 117.988 71.3567 40.4052 44.5301 32.3142 31.8521 29.4691 26.9312 34.0874 25.1586 26.2794 24.6712 23.2617 20.688 19.6468 19.2834 19.0403 18.8426 18.1846 17.5914 22.6831 20.7157 17.8462 15.6608 13.5646 12.9226 12.6244 12.6051 22.4047
threshold=-0.14777062088251111 0.5082959532737733 0.8722151815891267 -0.98196560144424427 -0.16269773989915845 -0.16968556493520734 0.23812953382730487 0.56688323616981517 -0.1629500016570091 -0.58352574706077565 -0.037979723885655396 0.15028650313615802 -0.63947695493698109 0.68379151821136486 -0.56764826178550709 0.92015737295150768 -1.1552844047546384 0.56361234188079845 -0.51518115401267994 -0.26266771554946894 -0.24034670740365979 -0.23922196775674817 0.5564381778240205 -0.47868761420249933 -1.1863840818405149 -2.2270985841751094 0.68353503942489635 -0.90022099018096913 -0.38807390630245203 -0.79900789260864247
decision_type=2 2 2 2 2 2 2 2 2 2 2 2 2 2 2 2 2 2 2 2 2 2 2 2 2 2 2 2 2 2
left_child=1 2 3 -1 5 14 -6 16 9 -4 -2 12 -12 15 17 18 -3 -5 24 -9 22 23 -14 -22 -11 -18 -15 -8 29 -16
right_child=10 7 8 4 6 -7 27 19 -10 13 11 -13 20 26 28 -17 25 -19 -20 -21 21 -23 -24 -25 -26 -27 -28 -29 -30 -31
leaf_value=0.040838981708796712 -0.05232592063232832 0.026263689974915811 0.04703097934558842 -0.012500042924040744 -0.010133009713757374 -0.051935896308661411 -0.038516623891064944 -0.057908274458177394 0.050477768467274947 0.060316893109243958 -0.057187639559121539 -0.049010223611147381 -0.034391541349191507 -0.034893482815416786 -0.054684474924921157 0.018425107523214117 0.015521105237859656 0.037964467174678961 0.021739620799890225 0.034103347818542656 0.16259709230285704 -0.056764428869419639 0.026146659088123317 0.039753809682772506 -0.086623530570098181 -0.045838505320351892 0.035974405002812085 0.056945700909932707 -0.029449210708711426 0.25506622562053682
leaf_weight=63.10985029488802 132.0843173135072 11.58648496866226 80.823715668171644 36.877292688935995 36.998583734035492 49.415433516725898 3.7237893119454375 6.6619951874017707 176.68495080247521 2.0045027434825959 18.616074942052364 57.012860808521509 30.063015185296535 7.501554485410451 1.2629709877073767 17.684502281248569 9.7572319414466602 37.902197320014238 7.072996210306882 27.684673227369785 4.6302238106727591 3.6746465414762488 26.665352690964937 8.1791329756379145 19.011369701474905 117.142812455073 45.144273564219475 49.506254501640797 64.014800861477852 1.0855773910880078
leaf_count=327 3281 82 531 217 351 912 45 108 1166 7 251 1143 392 38 17 79 94 148 32 154 12 65 151 31 132 2292 218 231 435 5
internal_value=4.77715e-05 0.0117946 0.0209312 0.00468848 -0.00343673 -0.0171382 0.0255 -0.0252009 0.0366249 0.0229698 -0.0364422 -0.0223466 -0.00579221 0.00321034 -0.00495517 -0.0228588 -0.0354829 0.013078 -0.0488508 0.0162565 0.00727636 0.0527435 -0.00593536 0.0841582 -0.0726083 -0.0411206 0.0258764 0.0502675 -0.0252753 0.0884926
internal_weight=1153.58 872.658 699.825 343.897 280.787 190.558 90.2286 172.833 355.928 179.243 280.926 148.841 91.8284 98.4192 141.143 45.7734 138.487 74.7795 28.0889 34.3467 73.2124 16.484 56.7284 12.8094 21.0159 126.9 52.6458 53.23 66.3633 2.34855
internal_count=12947 7621 4891 2688 2361 1734 627 2730 2203 1037 5326 2045 902 506 822 250 2468 365 171 262 651 108 543 43 139 2386 256 276 457 22
is_linear=0
shrinkage=0.05


Tree=47
num_leaves=31
num_cat=0
split_feature=39 31 34 34 4 15 15 43 30 43 27 4 42 15 6 45 39 26 11 7 38 7 21 39 48 42 48 39 38 48
split_gain=185.998 114.787 68.5209 39.3004 32.6206 38.8216 31.8134 28.5787 24.7554 28.4253 23.4325 28.1396 23.6721 22.4309 21.5619 19.3898 19.1599 16.3448 15.6231 15.5751 23.7256 15.2962 15.4555 15.0173 14.9868 14.2384 13.9464 13.605 14.2555 13.5175
threshold=-0.14777062088251111 1.2544764876365664 -0.2685223519802093 0.9012073576450349 -0.16295450180768964 -0.81351318955421437 -0.69961822032928456 -0.2366349250078201 -0.12518287450075147 0.3677379190921784 0.69635829329490673 -0.16294935345649716 0.67521971464157116 -0.80236974358558644 0.90137338638305675 1.9311985969543459 -0.53923216462135304 -0.61923059821128834 -0.30802638828754419 -1.6029838323593137 -0.30468586087226862 0.72328144311904918 -0.36053091287612909 -0.63385930657386769 -0.16163975745439527 0.59515744447708141 -0.79484766721725453 -0.51360315084457386 -0.36596266925334925 -0.51777595281600941
decision_type=2 2 2 2 2 2 2 2 2 2 2 2 2 2 2 2 2 2 2 2 2 2 2 2 2 2 2 2 2 2
left_child=1 2 4 10 5 16 -4 23 -2 13 11 12 14 -10 18 -9 -1 -11 -3 -19 25 22 -18 -6 29 -21 -8 28 -7 -22
right_child=8 3 6 -5 7 27 26 15 9 17 -12 -13 -14 -15 -16 -17 21 19 -20 20 24 -23 -24 -25 -26 -27 -28 -29 -30 -31
leaf_value=0.042038496381622117 -0.052713099740298787 -0.1395104109474633 0.016587787604992792 -0.053697312876962722 0.012810049487259893 0.0093630252725157917 0.039737304878270721 0.050040540040945818 0.049904589324022711 -0.046969905997686745 0.049089406536893657 0.045349525096211048 0.049210061117367671 -0.050260249285145525 0.02449183928095032 -0.05911900801821144 0.014668371109733583 -0.047664169628201962 -0.025953930320967024 -0.035603923533049829 0.0364559583543849 0.054041549293207397 -0.04405615778511468 -0.057904394121009867 -0.031526868082716 0.030643334114067413 -0.037111911332748555 -0.055635420046677458 -0.072417987655718205 0.13864095156749215
leaf_weight=42.203664436936378 120.37719588726759 3.3143092095851889 37.14492904394865 12.424862833693622 28.123952750116587 23.347436971962455 6.1196075975894919 90.104743223637342 6.0406085439026347 14.554229758679865 181.13526737689972 72.931800782680511 20.682996712625027 74.805779937654734 24.211613841354847 4.2604442760348311 22.060557514429092 9.111700648441909 35.171239092946053 15.52805348113179 5.6024418473243713 9.717100974172352 22.767619546502829 10.242037441581486 2.8154136184602967 16.980178970843554 167.30621018819511 33.265153026208282 6.9044802300631991 7.6632973030209559
leaf_count=232 3151 16 258 315 127 149 26 485 24 198 1163 488 145 1537 121 51 97 94 244 186 19 47 131 130 46 79 2884 464 67 22
internal_value=0.000136298 0.0116351 -0.00364952 0.0336341 0.0119863 -0.00319645 -0.0254058 0.0303186 -0.0357478 -0.0224087 0.0368497 0.0226663 0.00282544 -0.0427762 -0.0124763 0.0451122 0.0167428 0.000380391 -0.0357332 0.0123238 0.023573 -0.00282947 -0.015157 -0.00606761 0.073249 -0.00100068 -0.0344002 -0.0335678 -0.00930209 0.0954858
internal_weight=1126.92 853.44 503.568 349.872 292.997 160.266 210.571 132.731 273.479 153.102 337.447 156.312 83.3802 80.8464 62.6972 94.3652 96.7489 72.2553 38.4855 57.7011 48.5894 54.5453 44.8282 38.366 16.0812 32.5082 173.426 63.5171 30.2519 13.2657
internal_count=12996 7640 5148 2492 1980 1187 3168 793 5356 2205 2177 1014 526 1561 381 536 507 644 260 446 352 275 228 257 87 265 2910 680 216 41
is_linear=0
shrinkage=0.05


Tree=48
num_leaves=31
num_cat=0
split_feature=39 31 15 48 43 5 34 4 39 15 42 4 43 20 27 39 6 30 4 11 16 15 30 25 4 3 6 49 1 11
split_gain=170.758 92.5178 55.9802 52.6475 51.1286 51.5762 35.0174 26.6563 33.8982 22.6741 18.6049 17.1485 22.2424 15.8581 18.8691 15.1264 19.955 14.3718 14.2311 13.2805 15.827 12.3983 12.31 12.9466 11.9119 11.5664 11.4451 11.1236 11.651 10.9284
threshold=-0.33736748993396753 1.2544764876365664 -0.81351318955421437 -0.68526270985603321 0.3677379190921784 -0.31879368424415583 0.9012073576450349 -0.16295105963945386 0.16264390945434573 -0.80236974358558644 0.59311017394065868 -0.16269773989915845 0.35788160562515264 -1.0791152715682981 0.53527414798736583 -0.52590650320053089 0.70368871092796337 0.21444349735975268 -0.16295688599348065 -0.30747859179973597 -0.30160683393478388 -0.94782933592796315 0.11117500811815263 -2.0695878267288204 -0.16295412927865979 -0.33790709078311915 0.41950993239879614 -0.21607814729213712 -2.2012828588485713 0.013525833375751974
decision_type=2 2 2 2 2 2 2 2 2 2 2 2 2 2 2 2 2 2 2 2 2 2 2 2 2 2 2 2 2 2
left_child=1 2 15 19 9 17 13 10 29 -2 -7 -5 22 -3 24 -1 25 -6 -12 -4 -21 -19 -13 -24 26 -17 -15 28 -22 -9
right_child=4 6 3 11 5 7 -8 8 -10 -11 18 12 -14 14 -16 16 -18 21 -20 20 27 -23 23 -25 -26 -27 -28 -29 -30 -31
leaf_value=0.044399567707504119 0.017978678768035435 0.048636377552776257 -0.04773599728326236 -0.040197255841608263 -0.051592193659811915 -0.055944452578860063 -0.053652008565897594 0.064970707825207863 -0.016484751852217854 -0.04969834078717536 0.029956811370939758 -0.055408740346392815 0.039803045066205162 -0.089779017296122088 0.042504812562879045 -0.1166169761569488 0.030056109675888822 0.11018491539780791 -0.030667013413747547 -0.012034187532011926 -0.040635645366805244 -0.017113050833562984 0.1267645705183561 -0.012648440647119697 0.027398647718464415 -0.014858322923767809 -0.0057823684284040279 -0.041615641441945302 0.040179826649362628 -0.016061154353165089
leaf_weight=67.382407486438751 13.312406577169893 176.51433098316193 8.1940935403108579 119.26274949125946 62.287625566124916 18.496747581288218 10.499848837032912 40.891004534438252 24.22599633410573 175.98923181556165 23.267580792307854 19.856837742030621 17.642396990209818 5.0518590137362507 63.375869572162628 3.7641476951539508 30.313738644123077 2.3830218687653533 16.577224787324667 31.023054216057062 4.7659818492829791 9.6924652326852065 1.8459766525775219 17.01299256272614 22.694225206971169 10.818486396223305 20.560682948678732 5.0624945089220992 69.413327552378178 4.6322400942444792
leaf_count=371 76 1204 54 1904 1565 346 271 179 288 4188 116 391 96 39 398 24 127 9 106 192 36 122 5 156 152 55 109 49 333 37
internal_value=0.000207726 0.0149136 -0.000614993 -0.012082 -0.0262589 -0.00879229 0.0360393 0.0104365 0.0312972 -0.044939 -0.0145032 -0.0294568 -0.00672847 0.039307 0.0245618 0.0294192 0.00693608 -0.0419139 0.00473458 0.0136771 0.0182409 0.00800841 -0.0279324 0.000997754 0.00102161 -0.0411248 -0.02235 0.0300936 0.0349875 0.0567253
internal_weight=1096.81 705.056 406.359 294.08 391.756 202.454 298.697 128.091 69.7492 189.302 58.3416 175.621 56.3582 288.197 111.683 112.279 44.8964 74.3631 39.8448 118.459 110.265 12.0755 38.7158 18.859 48.3068 14.5826 25.6125 79.2418 74.1793 45.5232
internal_count=12998 5966 3793 3216 7032 2768 2173 1072 504 4264 568 2552 648 1902 698 577 206 1696 222 664 610 131 552 161 300 79 148 418 369 216
is_linear=0
shrinkage=0.05


Tree=49
num_leaves=31
num_cat=0
split_feature=39 31 40 34 15 4 4 39 47 43 4 30 43 6 20 43 21 4 14 45 7 45 40 4 45 21 37 4 34 42
split_gain=162.815 100.887 57.78 42.2441 29.6918 36.9755 29.299 35.5792 28.7841 28.061 27.6833 24.5614 28.0692 23.3128 20.5071 19.8294 20.9761 29.5904 19.7738 19.0125 16.2673 20.2341 14.9359 14.8953 13.6426 13.3198 13.146 13.1334 12.6955 12.6885
threshold=-0.14777062088251111 0.8722151815891267 0.5082959532737733 0.9012073576450349 -1.0171381831169126 -0.16269773989915845 -0.1629500016570091 -0.61387506127357472 -0.16968556493520734 0.3102316707372666 -0.16295694559812543 -0.037979723885655396 0.75322934985160839 0.38763633370399481 -1.4990165233612058 0.59697014093399059 0.20589221268892291 -0.16295675188302991 -1.8475136160850523 1.3007527589797976 0.78559216856956493 -0.69607797265052784 -0.60799095034599293 -0.16295669227838513 1.9311985969543459 -2.2270985841751094 0.23279268294572833 -0.16295700520277021 0.61811041831970226 0.54865887761116039
decision_type=2 2 2 2 2 2 2 2 2 2 2 2 2 2 2 2 2 2 2 2 2 2 2 2 2 2 2 2 2 2
left_child=1 2 4 6 -1 8 7 29 13 -7 -9 -2 18 -6 -12 16 -15 -18 -13 -8 21 -16 -20 -23 -11 28 -14 -17 -4 -3
right_child=11 3 25 -5 5 9 19 10 -10 24 14 12 26 15 20 27 17 -19 22 -21 -22 23 -24 -25 -26 -27 -28 -29 -30 -31
leaf_value=0.040176781753917028 -0.051457524043165254 -0.033011529812788175 0.067361989204094419 -0.053268300707654731 -0.046349213893087146 -0.0068017511990353099 0.051919869876296466 0.051644366968848346 -0.048648658865037414 0.056426380167282186 0.028656775196737774 0.06096673260967083 -0.011711926883858763 0.044787454394870613 -0.064864101338511393 0.075452869135648609 0.048007280650611647 -0.029586112256156011 6.591219151429592e-05 -0.013676557149754158 0.040672739236496495 0.029297059344516336 -0.047656424331885258 -0.037822650782455308 -0.062226378834870623 -0.044868415063888709 0.05194312124464745 -0.049937232618545796 -0.05358927026740104 0.051362673992192076
leaf_weight=49.664169691503048 116.63698668405414 4.7518818583339444 5.4072078112512809 14.754246287047861 25.563961552456021 38.706501012668014 167.09025809913874 22.845285922288895 46.176804982125759 46.234088025987148 25.479054987430573 5.3377426490187636 16.086364274844527 38.442411215975881 27.280409118160605 2.3391467519104507 18.557123251259327 36.363638801500201 20.662154765799642 11.828295461833475 8.5647266097366792 15.385463124141092 79.402205584570765 17.862637501209978 2.5565517805516711 89.902175318449736 16.359476761892438 19.472924614325166 3.6233386099338531 71.529411587864161
leaf_count=290 3296 28 27 410 227 368 1189 128 920 227 140 49 112 154 159 15 78 245 187 92 52 90 1620 167 37 1916 93 127 67 496
internal_value=0.000317901 0.011274 -0.00560831 0.0297095 0.00460177 -0.00183671 0.0329951 0.0195201 -0.0143941 0.024989 0.00224793 -0.0345707 -0.0202823 -0.00315507 -0.00968449 0.00643218 0.01646 -0.00336816 -0.0328005 0.0475833 -0.0238233 -0.0329495 -0.0378023 -0.0067632 0.0502092 -0.0390538 0.0203835 -0.0364903 0.0188325 0.0461067
internal_weight=1064.87 810.382 423.01 387.372 324.077 274.413 372.617 193.699 186.916 87.4971 117.418 254.485 137.848 140.739 94.5723 115.175 93.3632 54.9208 105.402 178.919 69.0932 60.5285 100.064 33.2481 48.7906 98.9327 32.4458 21.8121 9.03055 76.2813
internal_count=13006 7649 4698 2951 2688 2398 2541 1260 1766 632 736 5357 2061 846 608 619 477 323 1856 1281 468 416 1807 257 264 2010 205 142 94 524
is_linear=0
shrinkage=0.05


Tree=50
num_leaves=31
num_cat=0
split_feature=39 34 30 43 31 15 15 47 4 39 15 48 9 17 15 2 27 0 48 26 30 1 7 31 2 2 42 37 42 17
split_gain=146.777 76.166 58.2549 62.4329 55.2389 42.4399 31.1993 31.2796 27.3511 29.6285 24.4867 14.8242 14.5248 15.8182 14.3621 13.918 12.9202 15.4415 12.4559 12.4492 13.7046 12.126 11.6409 11.0183 12.3625 9.90405 9.67902 9.64571 13.6205 12.7603
threshold=-0.41687601804733271 0.9012073576450349 -0.12518287450075147 0.35788160562515264 1.2544764876365664 -0.79556930065155018 -0.98196560144424427 -0.20817796885967252 -0.16295301169157025 0.21651837229728702 -0.93888697028160084 -0.76047945022582997 -0.98634463548660267 -0.59545594453811634 -1.1704137921333311 -0.87311980128288258 0.24738191813230517 -1.1115286350250242 0.96299040317535411 -0.24140901863574979 -0.082566794008016572 0.68961223959922802 -1.5614432692527769 -1.2993072271347044 2.1845672130584721 -0.021984014660120007 0.68461090326309215 -0.51684412360191334 -0.11025994271039961 0.65652117133140575
decision_type=2 2 2 2 2 2 2 2 2 2 2 2 2 2 2 2 2 2 2 2 2 2 2 2 2 2 2 2 2 2
left_child=1 4 14 5 6 -4 -1 11 10 22 -5 15 -13 25 -2 -8 17 -6 27 20 -15 -19 -10 -11 -25 -14 -23 -9 29 -29
right_child=2 -3 3 8 16 -7 7 18 9 23 -12 12 13 19 -16 -17 -18 21 -20 -21 -22 26 -24 24 -26 -27 -28 28 -30 -31
leaf_value=0.04351181124564784 0.044859259710019909 -0.052788202069131721 0.039300541226624068 0.023961552594823844 0.046139234059924789 -0.043649994575075658 -0.046841916855334904 -0.065416609631054043 0.0050422984463271 0.11579315417416364 -0.037906834827313676 -0.04366865823211883 -0.064522144435981588 -0.054008468014204308 -0.047147110148655469 0.035331704458568154 0.046589086964535405 0.029642370262217044 0.066901111624149717 0.030602473626486063 0.020431923079131956 -0.047600947961532483 0.064316650396622696 -0.035246964304134008 0.083109418488589021 0.00049038183101682298 0.05293481001780756 0.062932175216056346 -0.035804029034222404 -0.044180267649849406
leaf_weight=51.00283083319664 4.3554893247783175 36.962846266105771 17.855504589155316 29.955186605453491 29.777761943638325 113.03244614601135 5.5804812684655181 16.511006286367774 10.036308402195571 1.5579583775252128 34.312750712037086 16.131486700847745 10.645589366555216 10.852220516651871 162.09714538604021 67.252759978175163 174.49074495583773 14.902417737990616 3.3280508089810601 56.911497194319963 14.369716454297302 14.944192675873639 47.415791880339384 19.443754103034738 2.4886810928583136 13.026360478252171 2.8507138341665259 7.8142491318285447 39.224337581545115 4.3163201585412025
leaf_count=332 31 1028 70 139 215 2291 33 270 56 5 388 147 78 112 4286 304 1273 102 23 233 67 93 240 258 7 58 24 38 643 92
internal_value=0.000397541 0.0167048 -0.0213759 -0.00729058 0.0213419 -0.032334 0.0076898 0.000820358 0.0152828 0.0346188 -0.00907007 0.0111873 0.000526444 0.0072646 -0.0447396 0.0290356 0.0396031 0.0200914 -0.0275411 0.0176435 -0.0115975 -0.00363066 0.053962 -0.0126903 -0.021817 -0.0287466 -0.0314953 -0.0321724 -0.0214842 0.0248192
internal_weight=1033.45 590.896 442.551 276.098 553.933 130.888 316.967 265.964 145.21 80.9425 64.2679 194.77 121.937 105.805 166.453 72.8332 236.966 62.4751 71.194 82.1334 25.2219 32.6973 57.4521 23.4904 21.9324 23.6719 17.7949 67.8659 51.3549 12.1306
internal_count=12936 5165 7771 3454 4137 2361 2430 2098 1093 566 527 1032 695 548 4317 337 1707 434 1066 412 179 219 296 270 265 136 117 1043 773 130
is_linear=0
shrinkage=0.05


Tree=51
num_leaves=31
num_cat=0
split_feature=39 15 4 42 43 43 21 4 17 4 40 40 29 7 45 7 1 47 46 32 4 47 21 42 47 47 42 24 43 27
split_gain=150.364 86.2697 90.194 58.3274 55.1217 36.6474 32.778 26.145 25.7078 21.2143 18.6772 18.1375 23.2308 20.404 17.1633 16.9279 14.5062 13.0723 12.8903 12.855 12.3357 12.1067 10.99 14.1976 10.9872 10.935 15.8819 10.2903 9.90721 9.24232
threshold=-0.14777062088251111 -1.0171381831169126 -0.16286077350378034 0.56688323616981517 0.15477211028337481 0.3677379190921784 0.49692726135253912 -0.16295672208070752 0.70168873667716991 -0.16295696049928662 1.1369492411613467 -0.012099739629775284 -0.014998442493379114 -1.4368219971656797 1.7674976587295534 0.6609708070755006 -0.64449006319046009 -0.27851212024688715 -0.41266821324825281 -0.85316190123558033 -0.1629558131098747 -0.17554281651973722 -1.972791254520416 0.48727639019489294 -0.19606842845678327 -0.014504904393106697 -0.088514272123575197 2.5015335083007817 0.8952024281024934 -0.58322679996490467
decision_type=2 2 2 2 2 2 2 2 2 2 2 2 2 2 2 2 2 2 2 2 2 2 2 2 2 2 2 2 2 2
left_child=1 -1 3 22 8 6 -5 21 10 16 19 12 -2 -14 -6 18 -7 -10 -9 -4 -11 -8 23 -3 -18 26 -15 -16 -27 -28
right_child=11 2 4 5 14 9 7 15 17 20 -12 -13 13 25 27 -17 24 -19 -20 -21 -22 -23 -24 -25 -26 28 29 -29 -30 -31
leaf_value=0.045767041310154535 -0.049167243657737864 -0.05954758786841341 -0.088124899586982067 0.037622759695019499 0.052241779809118163 -0.074138295956074921 0.041205384289311336 -0.078154920161133928 -0.0021337492606262969 -0.048750396957418868 -0.056118618732084825 -0.049362435564661605 -0.04723313946845345 0.088824660982315159 -0.073756505826571214 0.0097028729441367579 0.061780897219913103 -0.055518762066192329 -0.021027903982802826 0.040409868239738071 0.017492263083972254 -0.023323995303691183 -0.044486279842070833 0.049188610750021906 -0.05340397089037973 -0.043706865721989993 -0.079336707444433885 0.037659884247938397 0.037018145122447874 0.019707704703343078
leaf_weight=140.06792045012116 46.443927375599742 5.0609407536685449 2.0394618660211554 80.051386112347245 127.14676125906408 3.2679153289645937 31.484854761511087 16.551858631893992 22.892415093258023 55.33366259559989 6.531835325062274 116.95318869128823 19.656989606097341 8.3954235017299634 4.4483233317732793 22.746549366042018 12.24332457408309 22.976266099140048 24.477400591596961 42.098349567502737 8.0504405517131072 9.4503289572894555 116.73356655426323 7.3787878062576056 2.4916566349565956 12.476259257644417 2.6198755819350508 3.8800053149461746 5.4659656733274451 23.33040914312005
leaf_count=1067 1243 92 17 431 869 39 159 166 163 394 163 3356 249 27 63 155 45 473 194 265 53 132 2575 46 30 237 31 26 34 147
internal_value=-0.00043389 0.0102883 0.00236683 -0.0121573 0.0271141 0.00122267 0.0135367 -0.00487709 -0.00175637 -0.0267322 0.0227928 -0.0353969 -0.0216007 -0.00380517 0.047687 -0.0248936 0.0211667 -0.0288751 -0.0440739 0.0344707 -0.0403369 0.0263081 -0.0397254 0.00495071 0.0423034 0.012521 0.0290475 -0.0218498 -0.0191146 0.00970843
internal_weight=1002.75 767.404 627.336 395.323 232.013 266.149 184.762 104.711 96.5383 81.387 50.6696 235.342 118.389 71.9449 135.475 63.7758 18.0029 45.8687 41.0293 44.1378 63.3841 40.9352 129.173 12.4397 14.735 52.2879 34.3457 8.32833 17.9422 25.9503
internal_count=12941 7617 6550 4511 2039 1798 1237 806 1081 561 445 5324 1968 725 958 515 114 636 360 282 447 291 2713 138 75 476 205 89 271 178
is_linear=0
shrinkage=0.05


Tree=52
num_leaves=31
num_cat=0
split_feature=42 47 4 42 39 39 5 30 7 45 30 4 17 17 16 47 34 34 31 0 2 30 26 1 41 18 4 0 2 15
split_gain=137.196 85.5346 55.5072 44.9422 31.3808 30.4173 26.69 23.3571 22.934 27.323 21.8377 21.771 25.6297 21.5412 20.2007 15.6682 14.4682 14.0137 13.3918 11.8122 11.5178 11.3339 11.5714 11.2539 10.9801 17.3091 10.2082 9.91763 9.87996 9.83078
threshold=0.66724827885627758 -0.055769192054867738 -0.16281927376985547 0.55190059542655956 0.21651837229728702 -0.56764826178550709 0.46425054967403417 -0.054598152637481683 0.72328144311904918 -0.68665960431098927 -0.26266771554946894 -0.16295365244150159 1.0000000180025095e-35 -0.48050126433372492 -0.4354341179132461 0.12659384310245517 -0.71748039126396168 0.71431687474250805 -0.082005087286233888 -0.85735070705413807 3.6717832088470463 -1.1198904514312742 -0.24140901863574979 -1.9504678249359129 -0.29295453429222101 -0.43151217699050898 -0.16295392811298368 -1.1381024122238157 2.1845672130584721 -0.81351318955421437
decision_type=2 2 2 2 2 2 2 2 2 2 2 2 2 2 2 2 2 2 2 2 2 2 2 2 2 2 2 2 2 2
left_child=1 2 3 -1 7 10 20 16 9 24 -5 -8 -13 21 27 19 23 -9 26 -14 -3 22 -2 -4 -7 -26 -16 -11 -6 -20
right_child=13 6 4 5 28 8 11 17 -10 14 -12 12 15 -15 18 -17 -18 -19 29 -21 -22 -23 -24 -25 25 -27 -28 -29 -30 -31
leaf_value=-0.039879006425881311 -0.067545960263206473 -0.044961028243458934 -0.034073840199269533 -0.012907515690242267 -0.043787357182055758 -0.048185030805557 -0.043835071084797006 0.043550724590264947 0.0324975816477657 0.060175262285225774 0.040097655347760747 0.052961758730943422 -0.035380000721684041 -0.054646802828490937 -0.042520526333214868 -0.047953758862700306 -0.03812302003567155 -0.054551776829472466 0.059271355698899589 0.081440109688141304 0.08168510853004507 0.04428715166634719 0.034403933789977567 0.043328369301365494 0.15683604396416972 -0.049248617068160444 0.06783909143503912 -0.060082307312104469 0.053462083021750484 0.0061990873156625428
leaf_weight=91.287211213260889 4.6738694757223129 173.86219432577491 6.4249582476913956 27.91552952863276 20.181437715888027 62.625992311164737 27.115998841822147 130.00068461336195 24.210528910160065 1.9466753751039529 63.939070152118802 21.384459465742111 3.6784506049007177 6.060370407998561 11.609099525958298 17.609956393018365 16.742924509570003 3.7451260238885871 19.064899602904916 5.2554999738931674 1.8139874469488848 175.69543703645468 6.8805076852440816 17.4520771689713 1.7263935562223194 2.4861692860722533 2.5569302402436724 14.371184414252637 2.9999044984579077 16.089184494689107
leaf_count=1745 32 5106 41 222 268 493 651 834 147 7 342 157 39 117 199 452 210 56 68 26 8 1372 34 83 5 42 8 99 14 103
internal_value=0.000383234 -0.00887553 0.00237588 -0.00987622 0.0234525 0.00114354 -0.032991 0.0307186 -0.0122491 -0.0204267 0.0239889 -0.00803087 0.0122257 0.0381298 0.00248733 -0.0205922 -0.00248754 0.0408037 0.0184423 0.0333408 -0.0436533 0.0411326 -0.00683589 0.0225006 -0.042929 0.0352091 -0.0226009 -0.0457359 -0.0312023 0.0349814
internal_weight=981.407 788.097 537.376 339.829 197.547 248.542 250.721 174.366 156.687 132.477 91.8546 75.0444 47.9284 193.31 65.638 26.5439 40.62 133.746 49.3201 8.93395 175.676 187.25 11.5544 23.877 66.8386 4.21256 14.166 16.3179 23.1813 35.1541
internal_count=12980 11425 4986 3480 1506 1735 6439 1224 1171 1024 564 1325 674 1555 484 517 334 890 378 65 5114 1438 66 124 540 47 207 106 282 171
is_linear=0
shrinkage=0.05


Tree=53
num_leaves=31
num_cat=0
split_feature=42 39 5 34 49 31 4 7 17 7 48 38 0 39 40 37 27 20 21 1 17 6 17 44 6 48 5 43 21 41
split_gain=126.224 76.0884 43.6765 42.9864 34.7558 32.3866 28.0743 45.449 20.2442 18.7023 16.0581 15.66 15.264 14.9372 13.5135 14.5096 12.6849 12.3105 12.3311 12.7021 12.5617 11.7474 11.8804 15.0638 12.3031 11.7981 11.0212 10.6853 10.0802 14.7223
threshold=0.66724827885627758 -0.51360315084457386 -0.23220443725585935 0.88463771343231212 -0.38208919763565058 0.40307845175266271 -0.1629500016570091 -1.4368219971656797 -0.47876818478107447 0.70251125097274791 -0.79273551702499379 -0.37542024254798884 -1.1795675754547117 0.26502512395381933 -0.59398397803306568 0.43165151774883276 1.4712828397750857 -0.8336338698863982 0.44138310849666601 1.313270688056946 -0.61655128002166737 0.8578779697418214 -0.58519524335861195 -0.94705253839492787 -1.5434594750404356 -0.4073371142148971 0.59093993902206432 1.400235176086426 -0.79689970612525929 -0.18858078867197034
decision_type=2 2 2 2 2 2 2 2 2 2 2 2 2 2 2 2 2 2 2 2 2 2 2 2 2 2 2 2 2 2
left_child=1 3 14 5 6 10 9 27 -2 12 -1 -7 -4 -9 15 -3 28 -13 -19 20 -20 22 -12 -24 -25 -26 -18 -8 29 -14
right_child=8 2 4 -5 -6 11 7 13 -10 -11 21 17 16 -15 -16 -17 26 18 19 -21 -22 -23 23 24 25 -27 -28 -29 -30 -31
leaf_value=0.030288303789905588 0.040000763286198594 -0.027762454228751107 0.061777300132519523 -0.052437081012521473 -0.041335379425718237 -0.066882019940010487 -0.031316506765871686 0.058842664994854327 -0.056705320864239239 0.019537360898467155 -0.056453156150842357 0.048691672787522268 -0.021320876975452804 -0.00067549020881398102 -0.048023165713010907 0.058139334567030632 -0.030090483661287207 0.048507458731932823 -0.065820606773861715 -0.045980575761314126 0.029263582575922771 0.029513342449290159 -0.053303829789552018 -0.050074562923432521 0.025050092762186418 -0.043894289391810393 0.059840681082222014 0.053483385536176625 -0.048072243116892156 0.12592235568426804
leaf_weight=29.982957579195499 179.84033535793424 29.723542833700776 4.6413148790597907 24.787799954414368 66.704831585288048 3.8760769516229621 35.690146235749125 48.620911296457052 5.5795882958918801 28.31446241773665 16.629070749506354 76.549060996621847 14.103799356147649 13.459958063438533 141.13426138833165 5.8898225501179686 7.0581423081457597 23.66474374756217 3.9273584187030783 9.9401663877069932 30.060387600213289 14.957882381975649 15.243798317387698 9.0966475997120124 37.611524442210786 7.4311809930950465 6.5855120047926903 4.1463814601302138 62.028705021366477 1.9299428816884745
leaf_count=143 1432 522 15 786 1781 23 464 253 116 219 208 555 83 179 4072 29 65 130 31 81 189 90 194 101 247 159 20 32 723 12
internal_value=3.82521e-05 -0.00884046 -0.0214447 0.0106632 -0.00961263 0.01627 -0.000273464 0.0191917 0.0370907 -0.0161872 -0.00184227 0.0322941 -0.0266859 0.0459383 -0.0410782 -0.0135558 -0.0311631 0.034961 0.0194109 0.0037361 0.0182764 -0.0113834 -0.0184955 -0.00939821 0.00296411 0.0136756 0.0133174 -0.0224901 -0.0389373 -0.00359756
internal_weight=959.21 773.79 470.032 303.759 293.284 278.971 226.579 101.917 185.42 124.662 130.953 148.018 96.3474 62.0809 176.748 35.6134 91.7061 144.142 67.5927 43.9279 33.9877 100.97 86.0122 69.3832 54.1394 45.0427 13.6437 39.8365 78.0624 16.0337
internal_count=12954 11406 8469 2937 3846 2151 2065 928 1548 1137 1142 1009 918 432 4623 551 903 986 431 301 220 999 909 701 507 406 85 496 818 95
is_linear=0
shrinkage=0.05


Tree=54
num_leaves=31
num_cat=0
split_feature=49 42 5 4 47 6 39 20 7 10 0 4 21 0 26 25 43 16 43 0 17 23 47 41 27 0 27 42 48 6
split_gain=124.206 82.1849 54.4465 42.3905 37.5882 30.6685 29.5405 28.3596 26.2395 20.9134 20.3811 21.6391 17.978 16.8021 16.3146 15.1457 15.0896 14.4937 12.7832 13.8367 11.9634 11.8379 10.9756 11.0663 10.9261 10.5876 10.326 9.90559 11.8252 9.24831
threshold=-0.38208919763565058 0.68461090326309215 -0.24164063483476636 -0.16295043379068372 -0.30599997937679285 -1.7221619486808775 0.26502512395381933 -1.473447799682617 0.78559216856956493 -0.9483831226825713 -0.9894195795059203 -0.16295684128999707 -1.9199356436729429 -1.1910374164581297 -0.70212310552597035 -0.83399540185928334 0.24643782526254657 -0.41537460684776301 -0.22701839357614514 -0.54666030406951893 -0.47165365517139429 0.82968720793724071 -0.15474191308021543 1.8550133705139162 -0.39155191183090204 2.0599678754806523 -1.5986427664756773 0.56688323616981517 -0.6768260896205901 0.80739298462867748
decision_type=2 2 2 2 2 2 2 2 2 2 2 2 2 2 2 2 2 2 2 2 2 2 2 2 2 2 2 2 2 2
left_child=1 2 4 7 9 -5 18 20 10 -1 21 -12 15 -2 -11 -13 22 -16 19 -7 -4 29 24 -24 -14 -3 -19 -15 -29 -9
right_child=13 25 3 5 -6 6 -8 8 -10 14 11 12 16 27 17 -17 -18 26 -20 -21 -22 -23 23 -25 -26 -27 -28 28 -30 -31
leaf_value=-0.046003282102703019 0.035478467333491456 0.045808280937180555 0.040720127056442575 -0.026450402340572655 -0.038947662601933219 0.026064718818064492 -0.021498864688281945 -0.063306429200376338 0.045151663294951863 -0.029876934361504737 0.0250853375506103 -0.010418571086190806 -0.040719541543380394 -0.045813795663436352 -0.052006044256121757 0.11732831431115219 -0.060496817465212453 0.14541069869008424 0.047737486345836487 -0.073247687574854295 -0.047077144422363132 -0.12429082243475227 -0.058703677978728643 0.10223831981587464 0.023793848751622378 -0.10104672636930477 0.030283783899624762 0.037626795883604659 -0.032819736379566547 -0.0051086735750157496
leaf_weight=17.228038623929024 7.6320580504834643 131.36047686263919 38.885673547163606 23.120961098000407 114.76249731890857 18.831207402050499 20.712898211553693 18.407903807237748 17.139072004705667 16.011254135519266 31.705878362059593 5.7794463578611612 9.56990401633084 144.74471153691411 5.3072511665523043 3.8764533493667823 28.211030321195722 2.0220395997166625 137.40886321477592 4.3099643047898999 4.3100796192884436 5.0975436791777602 15.124776415526869 1.1492416746914376 20.888008628040552 1.2388990148901928 52.967915967106819 8.007227189838888 23.265320030972362 10.849954709410666
leaf_count=191 43 1165 248 279 2837 141 317 163 105 180 205 34 67 4484 30 14 274 7 955 43 38 21 342 8 125 13 257 36 354 76
internal_value=-0.000267119 0.00868958 0.00108954 0.0115511 -0.0197723 0.0277802 0.0346976 -0.00416951 -0.0134701 0.00375439 -0.0201389 -0.0101439 -0.023347 -0.0371513 0.0149881 0.0408666 -0.0316205 0.0269015 0.0419476 0.00756812 0.0319597 -0.0539754 -0.0141886 -0.0473382 0.00352368 0.0444362 0.0345171 -0.0403005 -0.0147821 -0.0417244
internal_weight=939.927 756.277 623.678 415.379 208.299 204.384 181.263 210.995 167.799 93.5365 150.66 116.305 84.5989 183.649 76.3085 9.6559 74.943 60.2972 160.55 23.1412 43.1958 34.3554 46.7319 16.274 30.4579 132.599 54.99 176.017 31.2725 29.2579
internal_count=13052 8135 6957 3455 3502 1735 1456 1720 1434 665 1329 1069 864 4917 474 48 816 294 1139 184 286 260 542 350 192 1178 264 4874 390 239
is_linear=0
shrinkage=0.05


Tree=55
num_leaves=31
num_cat=0
split_feature=39 30 34 40 42 42 6 27 26 30 40 7 43 47 6 21 46 25 42 47 24 27 5 30 2 0 11 15 40 42
split_gain=118.54 69.5166 36.3392 34.6856 26.5043 29.1556 26.1195 20.5775 19.1341 18.4307 19.6469 18.0267 14.6107 15.5083 14.3021 14.187 13.1505 12.556 12.4154 12.3867 18.5097 13.122 14.7653 12.1298 11.9458 11.1201 10.4722 16.4254 11.0974 12.7394
threshold=-0.14777062088251111 0.57884818315505993 0.9012073576450349 0.48123149573802954 0.68091887235641491 0.15711200982332232 0.72969585657119762 0.6685481369495393 -0.6680215299129485 -0.12518287450075147 0.23005508631467822 -1.4991326928138731 0.78447610139846813 -0.20817796885967252 -1.7221619486808775 0.3531815260648728 0.67675912380218517 -0.53627368807792652 0.54865887761116039 -0.014504904393106697 -0.1075022555887699 0.13125570863485339 -1.2527269124984739 -0.097528394311666475 -0.23731327056884763 -1.1863840818405149 -0.30151951313018793 -0.89315509796142567 0.010216512717306616 0.66724827885627758
decision_type=2 2 2 2 2 2 2 2 2 2 2 2 2 2 2 2 2 2 2 2 2 2 2 2 2 2 2 2 2 2
left_child=1 3 4 8 5 14 7 25 15 -2 11 -11 13 16 24 23 -10 -9 -8 20 21 -13 -23 -1 -3 -7 27 28 29 -14
right_child=9 2 -4 -5 -6 6 18 17 12 10 -12 19 26 -15 -16 -17 -18 -19 -20 -21 -22 22 -24 -25 -26 -27 -28 -29 -30 -31
leaf_value=-0.025792318130738519 -0.049933064101072275 -0.071165073280543237 -0.052766870412425518 -0.037795214966109519 0.051434002460081008 0.053261911300110966 -0.038704291717929676 0.036052272596609439 0.019039576151958632 -0.048857687319777098 -0.050046079426790471 -0.028571889378802798 -0.048664716464550714 -0.026739258173764303 0.048718575217276898 -0.056922467020666681 -0.02772250103936913 -0.011217864928507223 0.035847897425058728 -0.022971360874569444 0.12260122988640072 0.42516147084870637 0.02909794213228022 0.048134956396683144 0.041475236484283251 -0.039076253391499879 0.060491596112684343 -0.064628405911547684 0.14532334094703134 0.038440569607080255
leaf_weight=16.82817544229329 87.443717997521162 4.8179196417331696 14.561399076133965 71.067181993275881 89.548735149204731 3.5209500566124907 6.0487802866846314 28.115900902077556 83.413404915481806 19.523308433592319 37.560646034777164 13.409837249666451 5.2267613988369765 38.234716191887856 87.143813537433743 21.261277275159955 18.340440202504396 28.076742278411984 72.74890766851604 23.820061011239886 4.1352106407284728 0.23761722445487876 24.310784246772531 8.2780830916017276 4.6022020373493415 44.078060124069452 19.377108626067638 5.5053111575543872 1.9347862489521492 21.317548647522926
leaf_count=203 3146 45 488 1843 901 23 90 165 402 311 1108 154 33 747 665 417 119 227 424 454 10 1 165 43 34 394 109 63 7 157
internal_value=0.000488543 0.0104557 0.0247052 -0.00711698 0.0277649 0.0201722 0.00842103 -0.00805645 0.00197795 -0.0323838 -0.0199073 -0.00665739 0.00889561 0.000409641 0.0423919 -0.0268683 0.010611 0.0124337 0.030125 0.00584217 0.0221473 0.0112038 0.0329317 -0.00141688 -0.0161346 -0.0322459 0.0311577 0.0144322 0.0297155 0.0212889
internal_weight=904.489 694.048 383.263 310.785 368.702 279.153 182.589 103.792 239.718 210.441 122.997 85.4368 193.35 139.989 96.5639 46.3675 101.754 56.1926 78.7977 65.9135 42.0934 37.9582 24.5484 25.1063 9.42012 47.599 53.3615 33.9844 28.4791 26.5443
internal_count=12948 7599 3456 4143 2968 2067 1323 809 2300 5349 2203 1095 1637 1268 744 663 521 392 514 784 330 320 166 246 79 417 369 260 197 190
is_linear=0
shrinkage=0.05


Tree=56
num_leaves=31
num_cat=0
split_feature=49 31 39 39 27 15 42 45 47 46 0 48 5 6 16 26 0 6 27 0 20 35 34 29 42 1 27 48 37 44
split_gain=109.27 75.1316 44.9244 31.5532 26.3789 24.2696 20.8477 21.9697 20.574 25.0902 17.4429 15.9116 15.9002 13.4969 12.9228 14.1648 12.7052 12.5784 14.7468 16.3977 16.5532 12.5007 11.1319 11.4237 10.9427 10.7454 10.2471 9.77184 9.53911 10.2461
threshold=-0.38208919763565058 1.0241726040840151 -0.14777062088251111 -0.54775744676589955 -0.045674702152609818 -1.0171381831169126 0.15711200982332232 1.874713718891144 -0.25477953255176539 0.97502520680427562 -1.1758936047554014 0.26688429713249212 -0.21047691255807874 -0.79229643940925587 -0.39373551309108729 -1.1167582273483274 1.381618916988373 0.84110146760940563 1.4474443793296816 -0.63850218057632435 -1.473447799682617 0.39398977160453802 -0.93485435843467701 -0.27288241684436793 0.56688323616981517 0.65823951363563549 -1.5986427664756773 -0.6768260896205901 -0.15515635907649991 0.10430255532264711
decision_type=2 2 2 2 2 2 2 2 2 2 2 2 2 2 2 2 2 2 2 2 2 2 2 2 2 2 2 2 2 2
left_child=1 2 5 -3 28 -1 7 13 9 14 -2 -10 -6 22 16 -16 25 18 19 20 -14 -22 -7 -24 -12 -8 -17 -26 -5 -30
right_child=10 3 -4 4 12 6 8 -9 11 -11 24 -13 17 -15 15 26 -18 -19 -20 -21 21 -23 23 -25 27 -27 -28 -29 29 -31
leaf_value=0.038075571779932614 0.025636732281450716 0.04610444898569397 -0.036045048240949354 -0.046061700853024315 -0.041931547471432518 0.045715060305037622 0.0077856407564342815 -0.041772779093087221 -0.041774025633261505 -0.045567907782816684 -0.045708321019734141 0.044875661798423845 0.032792526080698693 0.07046249255662039 -0.052763991660326096 0.12504264300525872 -0.097735425730627282 0.056710374749928752 0.048487554935889576 0.05520741643083639 -0.042976633691779467 0.069903761437167797 -0.047204696636370592 0.021547555788258614 0.034500320883347722 -0.080666941093998676 0.024717173015055549 -0.029307147903426041 -0.026398115174159287 0.035894064425247639
leaf_weight=44.437984190881252 11.011745311319826 132.33553069829941 90.937768252566457 18.912052562460303 8.1903749071061593 20.768452813848853 26.88226301595569 11.916063928976653 57.498326836153865 24.041975643485785 131.54724865965545 5.8358467854559413 15.012554854154581 16.92396636120975 5.8067494835704556 2.6444464772939673 4.0475769415497771 32.285438444465399 29.817315254360437 12.575514310970901 25.591778049245484 2.7126332446932784 9.4628451094031352 16.712738757953048 8.090777553617956 3.9362876266241065 67.79961397126317 23.223021488636732 15.427548954263331 11.538554228842257
leaf_count=327 76 1281 2498 153 103 130 138 186 1181 186 4438 43 112 75 78 7 27 215 190 68 225 19 153 97 38 25 343 351 136 85
internal_value=0.000278277 0.0089336 -0.00504715 0.0277485 0.0136308 0.00379737 -0.00175634 0.0205531 -0.010274 0.000745265 -0.035267 -0.0337898 0.0254355 0.0321814 0.0107659 0.0222961 -0.0144503 0.0301116 0.0200923 0.00494406 -0.00964808 -0.0321584 0.0183806 -0.00330736 -0.0393849 -0.00351193 0.0284834 -0.0128207 -0.0188372 0.000256151
internal_weight=887.925 714.052 409.653 304.399 172.064 318.715 274.277 75.7841 198.493 135.159 173.873 63.3342 126.186 63.868 111.117 76.2508 34.8661 117.995 85.7098 55.8925 43.317 28.3044 46.944 26.1756 162.861 30.8186 70.4441 31.3138 45.8782 26.9661
internal_count=12984 8081 5494 2587 1306 2996 2669 641 2028 804 4903 1224 932 455 618 428 190 829 614 424 356 244 380 250 4827 163 350 389 374 221
is_linear=0
shrinkage=0.05


Tree=57
num_leaves=31
num_cat=0
split_feature=39 20 4 43 4 21 32 44 30 40 5 17 43 7 7 29 42 29 39 42 38 48 42 31 31 46 39 0 35 17
split_gain=95.1075 62.1343 44.9462 48.8517 43.4655 33.5265 23.7282 23.2034 20.978 21.1312 17.3439 17.0616 16.0094 15.5122 14.2021 12.7516 12.1028 11.0441 10.7175 10.6508 10.5206 18.22 13.7968 10.0641 11.0426 9.98563 9.79014 12.3251 9.62263 9.35296
threshold=-0.14777062088251111 -1.4484354257583616 -0.16295392811298368 0.23032191395759585 -0.16295694559812543 0.31982317566871649 -0.19191119074821469 -0.92617172002792347 -0.12518287450075147 0.23005508631467822 -0.75631585717201222 1.3396798968315127 -0.78653714060783375 -1.6029838323593137 0.70251125097274791 -0.25683853030204767 0.55190059542655956 -1.5835075378417967 -0.59486195445060719 0.7027442753314973 -0.24034670740365979 -0.25130744278430933 0.5564381778240205 0.35390625894069677 0.68384802341461193 -0.57506531476974476 -0.6052754521369933 -1.0794529318809507 0.089776657521724715 -0.44917805492877955
decision_type=2 2 2 2 2 2 2 2 2 2 2 2 2 2 2 2 2 2 2 2 2 2 2 2 2 2 2 2 2 2
left_child=1 7 4 11 10 6 18 29 -2 13 -3 12 -4 -10 19 -8 -16 -5 -6 -7 22 25 -15 -24 -25 -22 -14 -28 -20 -1
right_child=8 2 3 17 5 14 15 -9 9 -11 -12 -13 26 20 16 -17 -18 -19 28 -21 21 -23 23 24 -26 -27 27 -29 -30 -31
leaf_value=0.038230937453289968 -0.049439390519219639 -0.03239118602637503 -0.028248740683270414 -0.043460219268922115 0.016422065057534688 -0.042936743990321574 -0.021173668597699848 0.043276521028669412 -0.048560699999772361 -0.049468731942642473 0.040623363511782168 -0.046382567067736274 0.045266855819628797 -0.028850143477922797 -0.053440498050690038 0.049100292004809504 0.014668490725898068 0.046178547637653125 -0.047090267991320732 0.044017260027231553 0.11763158266808016 -0.054440413321588589 -0.032991470791823838 0.14191940558280233 0.026413422899311464 0.029041823110464812 0.0608257705779272 -0.023564526697228413 0.013620813902935956 -0.036190740173272472
leaf_weight=6.018416395410898 80.516836388036609 9.7835890259593707 23.81897652335465 3.5574021376669398 16.190579935908318 127.38334775157273 8.1781163420528156 144.96466745249927 15.124607108533381 34.095243196934462 48.21775234863162 21.163459878414869 23.003140937536955 26.539257016032934 8.9533071406185609 30.642366284504533 24.024963568896055 100.86864826828241 27.313013901934028 3.6217374857515088 5.9952631890773773 3.7720261570066205 6.1151818558573749 2.3619071040302542 16.696819026023149 6.7760178484022635 5.8815405033528831 16.36535769328475 8.5761251840740425 14.141613509505985
leaf_count=45 3137 178 452 51 158 2207 136 1295 268 1101 369 385 154 489 299 236 164 813 230 32 18 106 76 14 85 31 34 207 73 122
internal_value=0.000679382 0.00964494 0.000977225 0.0198413 -0.0107589 -0.0196488 0.00470745 0.0362869 -0.0297805 -0.0163065 0.0283074 -0.00710481 0.0049303 -0.00274621 -0.0331501 0.034296 -0.00382249 0.0431249 -0.017348 -0.0405328 0.0074056 0.0421119 -0.00369712 0.0228201 0.0407278 0.0706288 0.0223953 -0.00125378 -0.0325827 -0.0139735
internal_weight=870.661 672.668 507.543 194.659 312.885 254.884 90.9002 165.125 197.993 117.476 58.0013 90.2325 69.069 83.3811 163.983 38.8205 32.9783 104.426 52.0797 131.005 68.2565 16.5433 51.7132 25.1739 19.0587 12.7713 45.25 22.2469 35.8891 20.16
internal_count=12965 7640 6178 2096 4082 3535 833 1462 5325 2188 547 1232 847 1087 2702 372 463 864 461 2239 819 155 664 175 99 49 395 241 303 167
is_linear=0
shrinkage=0.05


Tree=58
num_leaves=31
num_cat=0
split_feature=42 30 39 48 40 43 47 15 20 9 45 16 17 7 42 15 39 18 38 43 42 24 42 6 16 43 30 6 40 6
split_gain=94.2251 65.8232 42.1476 26.0804 25.6458 24.955 22.0778 20.0133 17.7113 18.3165 17.2602 17.4803 17.1316 13.5752 23.2726 22.311 13.9489 13.5033 13.1517 12.7285 11.4518 10.8632 10.7673 25.3896 10.456 10.3499 9.98003 9.39507 9.36971 9.06887
threshold=0.6699253022670747 -0.15792120248079297 -0.54775744676589955 -0.76735520362853993 1.1369492411613467 1.1657771468162539 0.12176237255334856 -0.82153180241584767 -1.5384421944618223 -0.51727706193923939 -0.75976788997650135 -0.2167653143405914 -0.61655128002166737 -1.623754024505615 0.031657965853810317 -0.79556930065155018 -0.43085643649101252 0.39430652558803564 -0.36596266925334925 -0.090364489704370485 0.58445599675178539 -0.3247303962707519 0.17102126032114032 0.52997863292694103 -0.39077316224575037 -0.2820561677217483 -1.4127417802810667 -1.7221619486808775 -0.96695008873939503 0.75467121601104747
decision_type=2 2 2 2 2 2 2 2 2 2 2 2 2 2 2 2 2 2 2 2 2 2 2 2 2 2 2 2 2 2
left_child=1 3 4 -1 17 6 8 26 9 -4 11 -10 -12 -14 25 24 19 -3 -9 21 -8 -17 27 -24 -16 -15 -2 -19 -18 -5
right_child=7 2 5 29 -6 -7 20 18 10 -11 12 -13 13 14 15 16 28 22 -20 -21 -22 -23 23 -25 -26 -27 -28 -29 -30 -31
leaf_value=0.01038563778212663 -0.039736320704722911 0.04445144153975919 -0.044649516854572857 -0.043221859464101592 -0.046733583170445132 0.04264594628367753 -0.045438949404117336 0.028610219632400426 -0.070238627030746445 0.04827331158598458 -0.070795238976660069 -0.014495635999280715 -0.037373036329115893 -0.058880630442601091 -0.018490814251964079 0.079193844127189439 -0.49355446945286618 -0.054415960037303805 -0.057074743840904878 -0.044916953270421944 0.031675419318749662 -0.054241716593605098 -0.043551644219638974 0.029346218930076714 0.047770135330130373 0.071877179847643802 0.044390748160936674 0.044846330281358288 -0.044110645039193819 -0.018291390022730607
leaf_weight=34.177001742646098 3.6229581981897345 71.64525574631989 6.676624806597828 145.64382586628199 12.201327621936796 22.227021196857095 56.257459804415703 8.9766840375959891 20.002788323909044 25.780303297564387 7.8036460280418387 47.369705265387893 15.525507347658275 1.6500635053962494 7.9101854544132975 7.2105986699461928 0.11647691577672858 2.5879437848925582 8.9365877602249366 5.5687713436782316 5.2649680916219941 1.9345229845494021 19.940603103488684 29.786812016740441 24.071945238858461 18.266819268465042 130.82994367927313 30.220946945250034 26.228796670213349 48.667361829429865
leaf_count=211 21 533 70 4570 364 169 1759 86 133 147 62 475 170 38 46 33 1 23 139 43 44 56 208 198 105 85 1273 240 616 1043
internal_value=-9.87804e-05 -0.0079082 0.00286567 -0.0298932 0.0230473 -0.00833226 -0.0124134 0.0355095 -0.00489063 0.0291584 -0.0109079 -0.0310456 0.000759178 0.00590636 0.0131347 7.07601e-05 -0.0243182 0.0285695 -0.0141364 0.014678 -0.0388397 0.0509674 0.0147833 0.000114308 0.0313817 0.0610442 0.0421239 0.0370166 -0.0460977 -0.0369778
internal_weight=847.103 694.737 466.249 228.488 166.383 299.866 277.639 152.366 216.117 32.4569 183.66 67.3725 116.287 108.484 92.9582 73.0413 41.0592 154.182 17.9133 14.7139 61.5224 9.14512 82.5363 49.7274 31.9821 19.9169 134.453 32.8089 26.3453 194.311
internal_count=12961 11442 5618 5824 1566 4052 3883 1519 2080 217 1863 608 1255 1193 1023 900 749 1202 225 132 1803 89 669 406 151 123 1294 263 617 5613
is_linear=0
shrinkage=0.05


Tree=59
num_leaves=31
num_cat=0
split_feature=39 20 34 42 42 6 17 48 31 47 30 40 39 15 5 48 49 7 29 6 47 40 0 36 38 21 28 0 35 11
split_gain=89.1394 56.5662 39.3341 32.2076 34.5911 31.592 27.0166 28.1788 19.9786 18.1161 17.4269 17.5648 16.5723 19.5249 14.8397 14.3306 12.3121 12.1677 11.5663 11.3783 10.7021 10.5705 14.8989 10.0414 10.6568 9.9623 11.4984 10.7158 9.34944 9.32328
threshold=-0.14777062088251111 -1.473447799682617 0.9012073576450349 0.69295188784599315 0.15711200982332232 0.7237452268600465 0.86061623692512523 -0.75668850541114796 0.099493354558944716 -0.20817796885967252 -0.12518287450075147 0.23005508631467822 -0.54775744676589955 -0.8994883894920348 1.6963216066360476 0.33750046789646154 1.1535130739212038 -1.5614432692527769 -1.6890556812286375 -1.60758501291275 -0.082723870873451219 0.082862902432680144 -1.051587641239166 -0.82811036705970753 -0.37588708102703089 -0.037476846948266022 0.52467752993106853 0.44809086620807653 -0.81343927979469288 -0.29503984749317164
decision_type=2 2 2 2 2 2 2 2 2 2 2 2 2 2 2 2 2 2 2 2 2 2 2 2 2 2 2 2 2 2
left_child=1 8 3 4 6 9 -3 -8 -1 14 -2 17 -7 -14 16 -11 23 -12 -5 -9 -21 -10 -23 29 -25 26 -19 -28 -15 -6
right_child=10 2 -4 18 5 12 7 19 21 15 11 -13 13 28 -16 -17 -18 25 -20 20 -22 22 -24 24 -26 -27 27 -29 -30 -31
leaf_value=-0.0041728802077741203 -0.049057085589200938 0.049129611122235822 -0.052009684172433436 -0.098522855266046663 -0.055464065692344314 0.034424557850718511 0.047738823195473956 -0.060371433752307684 0.050463131105167425 -0.05335602170582672 -0.045243682678986721 -0.049141857773654811 0.03109612895055169 0.025449651046605043 -0.085329332204298544 0.035000383780809281 0.10262382177735119 0.015195373751150779 0.045693886329119138 0.01973241070030235 -0.062238565283155849 0.039793795290475817 -0.047746937085206262 -0.079151424809776771 0.003122821236507639 -0.0085405545178036495 0.037807631976419932 0.20639034095722553 -0.029824215863257082 0.016042386229022942
leaf_weight=26.350638765841722 74.901504686102271 53.642027914524078 33.121084002777934 1.4300218932330597 18.362067643553022 44.567783433943987 19.223321836441755 15.081578548997639 103.70638320222497 53.1317222956568 15.320896441116927 31.959121845662594 27.353515626862645 9.1839060802012664 6.4102230295538893 5.0229383483529082 2.5009067691862574 15.306254336610438 50.022083686664701 14.467350166290997 5.4940311238169697 15.809248469769956 7.0180466566234818 4.1495997905731192 76.410277502611279 44.738176349550486 2.1382693499326701 1.6857613325119016 45.818116195499897 6.0638330839574328
leaf_count=203 3145 352 1328 13 146 277 161 265 1058 1357 281 1102 142 68 30 61 12 148 520 112 154 121 68 35 555 632 16 8 575 37
internal_value=7.04612e-05 0.00887326 0.000610411 0.00441294 -0.000300346 -0.0090588 0.0239662 -0.000907795 0.0354347 -0.0230187 -0.030416 -0.017854 0.00986464 -0.00342629 -0.0114254 -0.0457245 -0.00701794 -0.00522685 0.0416856 -0.0275936 -0.00282871 0.043683 0.0128802 -0.00962976 -0.00111508 0.00437247 0.0345709 0.112125 -0.0205949 -0.0377123
internal_weight=830.391 644.341 491.456 458.335 406.883 298.975 107.908 54.2663 152.884 172.052 186.05 111.148 126.923 82.3555 113.897 58.1547 107.487 79.1894 51.4521 35.043 19.9614 126.534 22.8273 104.986 80.5599 63.8685 19.1303 3.82403 55.002 24.4259
internal_count=12982 7650 6200 4872 4339 3295 1044 692 1450 2233 5332 2187 1062 785 815 1418 785 1085 533 531 266 1247 189 773 590 804 172 24 643 183
is_linear=0
shrinkage=0.05


Tree=60
num_leaves=31
num_cat=0
split_feature=39 40 40 37 31 4 17 20 26 15 47 45 20 41 33 43 6 21 2 15 31 29 2 33 15 37 7 17 4 5
split_gain=81.8741 48.9073 42.3592 34.035 33.8863 27.7654 21.7717 19.0158 15.7192 15.4255 14.0073 16.4011 12.5856 12.8626 11.6732 12.2681 11.7239 11.8504 11.7058 11.2234 10.5653 10.0175 9.96354 9.61679 9.21312 9.18727 9.16833 17.0966 9.50496 8.42618
threshold=-0.51360315084457386 0.23005508631467822 1.0832954645156863 0.23279268294572833 0.36642950773239141 -0.16295043379068372 0.41235245764255529 -1.825243294239044 -0.93666100502014149 -0.80236974358558644 0.038004364818334586 -0.73739531636238087 -0.8336338698863982 0.39103224873542791 -0.40420699119567866 -0.24670948833227155 -1.5434594750404356 -0.66897124052047718 -0.86492618918418873 -1.1298549771308897 -0.96422895789146412 -0.24600567668676374 1.5193653106689455 0.51891085505485546 -0.84968137741088856 0.25195918977260595 -1.6029838323593137 0.46188201010227209 -0.16295687109231946 1.7265486121177676
decision_type=2 2 2 2 2 2 2 2 2 2 2 2 2 2 2 2 2 2 2 2 2 2 2 2 2 2 2 2 2 2
left_child=2 3 4 7 8 9 -7 -2 22 20 11 29 -6 -14 18 -16 -17 -18 -10 -12 -5 -13 -1 -19 -3 -22 -23 28 -28 -9
right_child=1 24 -4 5 12 6 -8 10 14 -11 19 21 13 -15 15 16 17 23 -20 -21 25 26 -24 -25 -26 -27 27 -29 -30 -31
leaf_value=-0.056743455560867219 0.043776276699154383 0.011185758575486785 -0.044181053520334142 -0.050861518571577981 0.046414269934220556 0.055506868648402541 -0.055950653413634616 -0.028689596530228623 -0.04643178582573982 -0.036050213487929007 0.049509683214502415 -0.03121745211304755 0.025871261933639519 -0.054566874579076642 -0.043494985624016699 -0.091201205779969846 0.079165239039793334 0.01376053160625626 0.027982789780381663 -0.051046488742444496 0.12340746891868865 -0.03089241770452816 0.04098328053247708 -0.072967126548347416 -0.043863000519634286 0.019826112909906362 0.043991727555896636 0.075399451540943796 -0.007184710336958014 -0.09713519966273812
leaf_weight=14.877638818696143 12.462218359112738 8.1074054725468141 26.01617899723351 4.9446890503168097 114.6482864767313 47.033194283023477 4.8314886651933184 45.064547795802355 5.7025366742163888 23.891137551516294 2.9717083293944588 20.282694064080715 72.256632532924414 5.3369272965937844 16.60342513769865 2.7462450992315999 6.1308903936296693 24.563151396811012 72.138722784817219 41.898206543177366 2.3323061019182232 12.330536244437097 3.1625179201364508 3.6745111346244803 121.60409283638 26.062965864315629 11.780032038688658 10.219734713435171 39.482240719720721 4.9949494749307624
leaf_count=255 101 159 887 144 1217 378 130 468 51 565 34 454 595 61 274 30 30 201 432 1530 9 115 12 49 4152 196 64 36 312 24
internal_value=-8.9487e-05 -0.0146362 0.0173217 -0.00386695 0.0220024 0.0186269 0.045124 -0.0160463 0.00415693 -0.0053856 -0.0199904 -0.0123967 0.0358895 0.0203387 0.0101587 -0.00776998 0.00821171 0.0161554 0.0225313 -0.0443867 0.0165884 -9.5395e-05 -0.0396115 0.00247483 -0.0404223 0.028334 0.00845653 0.0163482 0.0045756 -0.0355191
internal_weight=808.152 440.294 367.858 310.583 341.841 109.096 51.8647 201.487 149.6 57.2311 189.025 144.155 192.242 77.5936 131.559 53.7182 37.1148 34.3686 77.8413 44.8699 33.34 94.0952 18.0402 28.2377 129.711 28.3953 73.8125 61.482 51.2623 50.0595
internal_count=12965 8871 4094 4560 3207 1422 508 3138 1334 914 3037 1473 1873 656 1067 584 310 280 483 1564 349 981 267 250 4311 205 527 412 376 492
is_linear=0
shrinkage=0.05


Tree=61
num_leaves=31
num_cat=0
split_feature=42 30 4 42 39 47 6 6 27 6 40 26 47 24 46 32 20 2 22 24 29 1 3 34 38 17 47 38 27 39
split_gain=75.7005 55.282 33.8995 53.3133 47.16 24.215 22.7105 22.5097 22.6052 17.9312 16.7017 15.4209 14.5101 14.4347 14.3946 12.3022 11.9287 15.2927 11.6994 11.6591 11.2064 17.5184 10.692 10.2047 9.92142 9.57831 15.242 11.2462 9.49043 9.37396
threshold=0.66724827885627758 -0.24541483819484708 -0.16290950030088422 0.55190059542655956 0.21651837229728702 -0.27851212024688715 -1.7221619486808775 0.80739298462867748 0.55997043848037731 0.1373948007822037 1.1369492411613467 -0.51377081871032704 -0.5517141819000243 -0.3409512042999267 -0.41266821324825281 -0.89098501205444325 0.29295989871025091 -0.31918157637119288 -0.051872819662094109 -0.34145583212375635 0.24648939818143847 0.76473060250282299 -0.2336177974939346 -0.92201822996139515 -0.37365148961544031 0.071580629795789733 0.12659384310245517 -0.31222102046012873 -0.31584125757217402 -0.65594229102134693
decision_type=2 2 2 2 2 2 2 2 2 2 2 2 2 2 2 2 2 2 2 2 2 2 2 2 2 2 2 2 2 2
left_child=1 5 3 -3 6 11 23 8 14 -2 25 -1 -10 -9 -5 -6 -13 -18 29 -14 21 24 -15 -4 -11 -8 27 -27 -29 -16
right_child=9 2 4 7 15 -7 10 13 12 20 -12 16 19 22 18 -17 17 -19 -20 -21 -22 -23 -24 -25 -26 26 -28 28 -30 -31
leaf_value=-0.04048301351461709 -0.042780913869995357 -0.043520510958639284 0.043872243155795791 -0.063087581452833996 0.073612832183432259 -0.045448882396794434 0.058524449619404888 -0.010909349342376074 -0.063492126119236533 0.047146521696163637 -0.05663043648194882 -0.021425536630167736 -0.057447171596043636 0.05223215228107584 0.041349968779895496 -0.041377438179042152 0.041444928772063183 -0.03316594286563003 0.018991422306431579 0.031514675642075336 0.047023027842448557 -0.14851272974606144 0.0057514338813843234 -0.046762172662878229 -0.0031580811747598404 -0.04609192048221656 -0.035611519989240052 0.0016647578772911354 0.050996124298405276 -0.055587417346641459
leaf_weight=28.870308777317405 7.3039468210190526 77.011540872976184 4.1493607442826059 21.489213982596993 2.5062491409480563 103.31111296452582 50.393117766827345 19.703898945823312 5.3035774976015082 19.797443918883801 4.4900745768100014 27.166395151987672 4.0326971039175978 41.812171021476388 3.0002328082919147 32.332113305106759 26.936375871300697 9.2181725203990919 16.768055723980069 42.468362478539348 95.287029709666967 1.5619157403707493 17.572110252454877 12.34701958298683 19.412864450365305 3.7790340073406687 7.8196592014282933 11.774575959891079 56.685235043987632 14.77765400148928
leaf_count=552 122 2260 36 214 16 4406 334 122 33 143 139 255 34 244 13 848 202 103 107 248 1134 16 112 171 118 39 179 89 500 142
internal_value=0.000672365 -0.00662483 0.00301581 -0.0085103 0.0193474 -0.0288259 0.0314142 0.00591338 -0.00894541 0.0335395 0.0381841 -0.010198 0.014863 0.0261739 -0.0309564 -0.0331051 0.00361006 0.0224217 -0.0109692 0.0237997 0.0376365 0.0156996 0.0384783 -0.0239648 0.0222409 0.0414476 0.0306985 0.0378764 0.0425115 -0.0392281
internal_weight=789.082 645.718 450.216 263.94 186.276 195.502 151.438 186.928 107.84 143.363 134.942 92.1913 51.8046 79.0882 56.0352 34.8384 63.3209 36.1545 34.5459 46.5011 136.059 40.7722 59.3843 16.4964 39.2103 130.452 80.0585 72.2388 68.4598 17.7779
internal_count=12931 11398 5880 3529 2351 5518 1487 1269 791 1533 1280 1112 315 478 476 864 560 305 262 282 1411 277 356 207 261 1141 807 628 589 155
is_linear=0
shrinkage=0.05


Tree=62
num_leaves=31
num_cat=0
split_feature=42 29 4 42 39 43 6 39 6 27 43 4 33 26 24 30 5 26 46 3 4 39 46 46 43 39 39 40 43 4
split_gain=75.8985 52.3891 32.6906 46.4528 40.5531 20.204 18.4286 17.6624 17.5137 21.7841 15.4744 13.9053 12.9366 11.7658 11.3572 10.8297 12.0919 9.66627 9.58153 11.0636 9.39973 9.18451 12.1974 9.15393 9.53788 8.77311 8.55195 8.22472 7.79681 11.8806
threshold=0.6699253022670747 -0.083046518266201005 -0.16290950030088422 0.55497291684150707 0.21651837229728702 0.10799370333552362 0.11455106735229494 -0.14777062088251111 0.79920241236686718 0.55997043848037731 1.0844826102256777 -0.12370209395885466 -0.37060908973217005 -0.4631709605455398 -0.34149311482906336 -1.1198904514312742 -0.69446823000907887 -0.72564205527305592 1.3509035110473635 -0.38128232955932612 -0.16294643282890317 -0.59099829196929921 0.544530749320984 0.67675912380218517 -2.1442940235137935 -0.73013266921043385 -0.54775744676589955 1.1540425419807436 0.25374791026115423 -0.16295664757490155
decision_type=2 2 2 2 2 2 2 2 2 2 2 2 2 2 2 2 2 2 2 2 2 2 2 2 2 2 2 2 2 2
left_child=1 7 3 -3 5 11 -2 10 9 17 12 27 13 25 -11 16 -8 -5 -10 -20 -12 -16 -23 24 -15 -1 -13 -4 29 -19
right_child=6 2 4 8 -6 -7 15 -9 18 14 20 26 -14 23 21 -17 -18 28 19 -21 -22 22 -24 -25 -26 -27 -28 -29 -30 -31
leaf_value=0.026159572258003222 -0.053820651369541055 -0.042935952571532432 0.039541209405182937 0.0061364328067651068 -0.030348141439108623 0.045215277965613615 -0.068825010026844699 -0.048950707645298609 0.031913153243057019 -0.059441490772674278 -0.036208718962470299 0.0053508355192964201 -0.040149838870753886 -0.064108606775253124 0.053094124004246991 0.042545439427630748 0.037772995371144202 0.01203272919058365 0.054183083774683366 -0.042742826138833095 0.064072699259009352 0.023769231359800202 -0.056384706136294996 -0.042372177137909389 0.017647975944009509 -0.05898958962061162 -0.053403328177496601 -0.057009867065011037 -0.06818158347715185 -0.060945182978039407
leaf_weight=3.7419454511255053 5.6916950009763232 70.996401311829686 24.80680873524398 13.331500435248016 33.25480299629271 90.755017982795835 4.8098767884075642 65.82525593880564 60.796987220644951 4.5501827597618094 3.2020315788686267 14.005406577140095 59.352364294230938 3.8791559673845759 16.428033951669931 117.01250400394201 5.9528778214007598 11.447810182347892 4.1934616789221755 9.8822694420814496 8.6474549844861013 21.126339413225654 6.1216051727533332 9.6050922162830812 44.381878612563014 15.789754742756484 11.103498297743498 2.4209613762795916 17.380218042060733 10.874718813225629
leaf_count=21 115 2155 202 96 801 792 34 3084 362 35 38 142 1885 43 105 1322 35 85 20 72 49 115 37 120 300 364 227 74 128 111
internal_value=-7.87772e-05 -0.00725285 0.00294332 -0.00879182 0.0193888 0.0309477 0.0342095 -0.0273897 0.00497113 -0.0085864 -0.0178388 0.00620692 -0.0225883 -0.0091213 0.0157333 0.0381308 -0.00986567 -0.0307012 0.0233068 -0.0138665 0.0369741 0.023565 0.00576161 0.00220465 0.0110765 -0.0426764 -0.0206311 0.0309564 -0.0430707 -0.0235194
internal_weight=771.368 637.901 423.476 247.13 176.346 143.092 133.467 214.425 176.133 101.26 148.6 52.3367 136.75 77.3978 48.2262 127.775 10.7628 53.0342 74.8727 14.0757 11.8495 43.676 27.2479 57.8661 48.261 19.5317 25.1089 27.2278 39.7027 22.3225
internal_count=12969 11463 5559 3321 2238 1437 1506 5904 1166 712 2820 645 2733 848 292 1391 69 420 454 92 87 257 152 463 343 385 369 276 324 196
is_linear=0
shrinkage=0.05


Tree=63
num_leaves=31
num_cat=0
split_feature=39 15 4 47 43 42 43 4 21 40 17 47 30 4 4 45 7 43 42 6 6 6 17 3 38 48 31 42 22 6
split_gain=70.1544 46.2311 46.4694 38.2442 35.2107 20.5824 23.4086 20.8396 29.7846 17.6811 17.3915 17.3996 17.0813 17.0311 15.2952 14.3526 13.3787 12.0056 11.5584 11.1808 11.1239 10.5666 10.3903 12.3143 8.58929 12.7071 9.9222 9.87252 8.5734 10.3417
threshold=-0.14777062088251111 -1.0171381831169126 -0.16287872940301892 -0.16968556493520734 0.19908224046230319 0.4609800279140473 0.55983591079711925 -0.16295672208070752 0.46405278146266943 0.1123013384640217 0.071580629795789733 -0.19036579877138135 -0.12518287450075147 -0.16295699030160901 -0.16295569390058515 1.5049675107002261 -1.5614432692527769 -1.1438034176826475 -0.13195701688528058 0.72969585657119762 -1.7057864665985105 0.41382609307765966 -0.5549207031726836 -0.3510520458221435 -0.24034670740365979 -0.23922196775674817 0.40307845175266271 0.5564381778240205 0.028297537006437782 0.76681435108184826
decision_type=2 2 2 2 2 2 2 2 2 2 2 2 2 2 2 2 2 2 2 2 2 2 2 2 2 2 2 2 2 2
left_child=1 -1 3 5 10 -3 7 -7 21 12 17 18 -2 -8 -15 -6 -14 -4 20 -5 -12 -9 23 -21 26 -26 -18 -28 -10 -30
right_child=9 2 4 19 15 6 13 8 28 -11 11 -13 16 14 -16 -17 24 -19 -20 22 -22 -23 -24 -25 25 -27 27 -29 29 -31
leaf_value=0.041063761967495498 -0.045141145861181141 -0.055074388906709584 -0.01813287624051178 -0.051937840881165126 0.050137915905338254 0.034470300770503025 0.039968383220308462 -0.0096350844263983978 -0.040781748577386645 -0.04805218183397883 -0.049668756194177807 -0.053380130980235585 -0.045110398319421888 -0.057807443778139622 0.052217867232272931 -0.01734630161010442 -0.044523614554256012 0.063357666680517677 -0.067165847427338041 0.071191771165615841 0.029187983901256077 0.038622917362186565 -0.045953760092486369 -0.020687849562517308 0.065065881657999924 -0.054084778278913018 -0.018816337715654729 0.037148069486331578 -0.026154941250430219 0.040817272346692558
leaf_weight=93.916761372238398 31.908413850702345 15.052900930866597 6.6108695650473264 52.337770988233387 86.826180208474398 69.068093919195235 7.1249356903135768 15.540030458942054 34.905423167161644 65.390773184597492 5.3916732650250223 19.933231861330569 13.856478179804979 28.326037315651774 3.5551536269485977 8.6652546310797316 10.268466949462889 14.288287565112112 4.8488181773573151 5.9471372244879595 26.224233850836754 42.00213859975338 12.93749390542507 9.4281576117500681 11.898867253214119 2.7559180110692969 14.312533188611271 17.534781632944942 16.342666468583051 8.9052567295730096
leaf_count=1079 1400 455 83 1786 818 462 39 142 309 3004 53 621 273 210 19 111 214 96 42 52 208 253 360 218 43 87 235 87 153 56
internal_value=0.00076785 0.00890573 0.00279524 -0.0084446 0.023707 0.00153551 0.0053099 0.0126677 -0.000126953 -0.0277359 -0.00138013 -0.0158176 -0.0147794 -0.0299194 -0.0455382 0.0440141 -0.00106234 0.0375804 0.00471579 -0.0382452 0.01574 0.0255902 -0.0129336 0.014851 0.00968885 0.0426589 -0.00178355 0.0119971 -0.0247278 -0.00253301
internal_weight=756.105 588.179 494.262 321.473 172.789 240.823 225.77 186.764 117.696 167.926 77.2971 56.398 102.535 39.0061 31.8812 95.4914 70.627 20.8992 36.4647 80.6506 31.6159 57.5422 28.3128 15.3753 56.7706 14.6548 42.1158 31.8473 60.1533 25.2479
internal_count=12968 7625 6546 4514 2032 2098 1643 1375 913 5343 1103 924 2339 268 229 929 939 179 303 2416 261 395 630 270 666 130 536 322 518 209
is_linear=0
shrinkage=0.05


Tree=64
num_leaves=31
num_cat=0
split_feature=20 15 30 34 4 17 47 21 48 44 4 43 26 24 47 3 4 7 38 7 38 40 0 7 17 48 17 28 43 6
split_gain=68.0074 39.7875 32.752 25.1169 22.7765 22.7975 31.2364 22.4861 22.4058 21.1829 18.6025 16.5092 15.4849 15.3838 14.1278 13.0123 16.6364 12.4096 12.1944 17.2685 14.8785 11.0254 13.8637 10.7857 9.6194 8.65233 8.4162 7.80525 7.71004 7.67271
threshold=-1.4484354257583616 -1.1298549771308897 -0.24541483819484708 0.9012073576450349 -0.16290950030088422 0.039066325873136527 0.12659384310245517 0.31982317566871649 -0.65024119615554798 -0.92617172002792347 -0.16295675188302991 0.55983591079711925 -0.51377081871032704 -0.34154251217842096 -0.16968556493520734 -0.35270002484321589 -0.16295687109231946 0.70251125097274791 -0.30468586087226862 -1.5614432692527769 0.18383452296257022 0.068618539720773711 -1.1005337238311765 0.8063623607158662 -0.54582843184471119 -0.79843291640281666 -0.44917805492877955 0.60384798049926769 -0.80407637357711781 -1.7674273848533628
decision_type=2 2 2 2 2 2 2 2 2 2 2 2 2 2 2 2 2 2 2 2 2 2 2 2 2 2 2 2 2 2
left_child=9 -2 8 4 7 28 18 13 12 26 11 14 -3 -4 -9 -15 -17 -12 -7 20 -20 29 -23 27 -19 -18 -1 -13 -6 -11
right_child=1 2 3 -5 5 6 -8 10 -10 21 17 23 -14 15 -16 16 25 24 19 -21 -22 22 -24 -25 -26 -27 -28 -29 -30 -31
leaf_value=0.035352452451807063 0.042612049996506501 -0.05057861440801617 -0.058378283003882696 -0.052028263826042177 -0.045193296479450008 -0.053293366083570305 -0.050901301400621414 0.040957775671724352 -0.041461114075217111 -0.049808862457886509 -0.04661020609699984 -0.076911361010760113 0.0078860541929485859 0.053115948824407289 -0.027373091409686714 0.070127085552544863 0.042608338091740791 0.036795318946218951 -0.045748412603860991 0.054610327269787942 0.0217498925181814 0.038644041683491157 -0.040537924198022379 0.061295091317327993 -0.037949648165631802 -0.020180333518644671 -0.039594727782318422 -0.0077792051788308893 0.05618270298773468 0.045795842029690823
leaf_weight=5.1365037430077818 36.851439813151956 14.530907674692569 6.8085486758500329 23.887136180885136 1.9826726093888272 5.4211222734302273 20.192217946052551 25.747936611995101 117.09921687934548 2.141064751893281 63.999166111461818 10.505170161835855 51.3441750574857 20.955617339350283 10.711474542506037 8.1454001292586309 6.7004663608968213 9.0304845124483126 10.993758479133247 28.540037697181106 31.720883790403605 13.240998368710281 9.4899627873674017 2.4904632940888396 8.2251504920423013 30.288513088598851 13.835074736736713 6.6785122565925112 34.709943233989179 105.8152475906536
leaf_count=45 450 217 63 1133 18 70 699 157 4897 31 1118 111 374 145 257 59 40 89 122 162 309 115 148 13 157 289 166 74 266 1190
internal_value=-2.16092e-05 -0.00768595 -0.0110517 -0.00245057 0.000993596 0.0171408 0.00442705 -0.00926205 -0.0283379 0.0300686 -0.0211719 0.000963858 -0.00501024 0.0131838 0.0208827 0.0205561 0.00543879 -0.036464 0.0189975 0.0244975 0.00437739 0.0372357 0.00558631 -0.0359491 0.00116704 -0.00880631 -0.019303 -0.0500429 0.0507049 0.0438997
internal_weight=737.219 587.56 550.709 367.735 343.848 133.561 96.868 210.287 182.974 149.659 137.388 56.1336 65.8751 72.8985 36.4594 66.09 45.1344 81.2548 76.6758 71.2547 42.7146 130.687 22.731 19.6741 17.2556 36.989 18.9716 17.1837 36.6926 107.956
internal_count=12984 11289 10839 5351 4218 1646 1362 2572 5488 1695 1976 612 591 596 414 533 388 1364 663 593 431 1484 263 198 246 329 211 185 284 1221
is_linear=0
shrinkage=0.05


Tree=65
num_leaves=31
num_cat=0
split_feature=15 39 4 47 43 42 39 33 6 40 7 30 26 41 30 45 6 4 16 9 38 40 29 1 15 20 2 42 22 48
split_gain=61.1307 49.634 41.7451 33.8609 33.2672 20.6756 24.4159 24.3737 15.1296 14.1581 12.0001 11.9027 13.0658 11.8752 11.7535 11.6582 11.6155 11.1501 10.3309 12.5451 10.1142 9.9819 9.51343 24.089 9.14287 8.99789 10.0157 8.95388 10.074 8.94809
threshold=-1.0029196143150327 -0.14777062088251111 -0.16287872940301892 -0.16968556493520734 0.15477211028337481 0.48727639019489294 -0.56764826178550709 -0.68381008505821217 -1.7057864665985105 -0.26327629387378687 -1.5614432692527769 -0.31409589946269983 0.37843592464923864 -0.29295453429222101 -0.037979723885655396 1.5049675107002261 0.72969585657119762 -0.16295696049928662 -0.45867532491683954 -0.83616337180137623 2.2565909624099736 1.1369492411613467 0.19752353429794314 0.77646049857139599 -1.1704137921333311 0.60374125838279735 -0.86858314275741566 0.54865887761116039 0.19265915453433993 -0.83335977792739857
decision_type=2 2 2 2 2 2 2 2 2 2 2 2 2 2 2 2 2 2 2 2 2 2 2 2 2 2 2 2 2 2
left_child=22 2 3 5 8 -2 11 13 -4 10 -3 12 -7 17 -12 -6 -5 -8 -9 -20 -17 25 23 24 -1 26 -10 -18 -29 -16
right_child=1 9 4 16 15 6 7 18 21 -11 14 -13 -14 -15 29 20 27 -19 19 -21 -22 -23 -24 -25 -26 -27 -28 28 -30 -31
leaf_value=0.052111003940480641 -0.048176059034353381 -0.045890010831066606 -0.05347087769789062 -0.052007866293037802 0.0491712592898252 -0.031240531053194368 0.034275050719822578 -0.042359308354981071 -0.068621965866119364 -0.04352965056340103 -0.046554048639987133 0.034890530032937343 0.028320159008525067 0.060715039949980093 -0.36431097801190054 -0.059317259542469004 -0.053111127726111165 -0.046821161534006714 -0.04946318208558742 0.031728555354850557 0.046905786178282928 -0.054138158932542771 0.045276587457518627 -0.24333070437573046 -0.0067180307029698419 -0.015510503155585146 0.034707051685495448 -0.03456286187191606 0.037975063154626926 0.020940710102114179
leaf_weight=11.957169892266396 19.401878015138209 17.400747712701559 11.966170225292442 48.122064532712102 81.783918980509043 17.688919437117875 4.6493798047304145 7.1869562380015841 2.5089111365377894 87.444594787433743 8.855202919803558 69.627525072544813 19.204627126455307 3.121778041124343 0.15148796141147869 4.8962237052619439 8.977915948256852 47.967789687216282 5.3952255323529235 40.259059622883797 4.132269436493516 5.8530213767662636 76.577434509992599 0.90036149695515533 14.753531194292009 17.239389413967729 35.934160354547203 8.3162561263889092 11.276782248169182 29.872804773040116
leaf_count=125 539 489 252 1794 808 169 24 40 31 3959 353 505 104 13 1 77 395 349 82 274 36 241 963 11 226 277 290 136 110 290
internal_value=0.000770158 -0.00519175 0.00259072 -0.00817426 0.0229786 0.00125778 0.00571665 -0.0109684 -0.00202856 -0.0309399 -0.0113787 0.0227242 -0.000236712 -0.0340339 0.00406701 0.0432189 -0.0370145 -0.0396553 0.013362 0.0221337 -0.0106998 0.00797489 0.0362042 0.0110427 0.0196171 0.0145039 0.0279635 -0.011761 0.00718637 0.0189969
internal_weight=723.424 619.235 475.51 311.196 164.314 234.503 215.101 108.58 73.5017 143.725 56.2802 106.521 36.8935 55.7389 38.8795 90.8124 76.693 52.6172 52.8412 45.6543 9.02849 61.5355 104.188 27.6111 26.7107 55.6825 38.4431 28.571 19.593 30.0243
internal_count=12963 11638 6546 4534 2012 2099 1560 782 1091 5092 1133 778 273 386 644 921 2435 373 396 356 113 839 1325 362 351 598 321 641 246 291
is_linear=0
shrinkage=0.05


Tree=66
num_leaves=31
num_cat=0
split_feature=39 15 0 43 4 7 34 15 16 24 47 5 31 2 39 42 26 4 2 35 39 45 24 6 3 21 37 15 6 16
split_gain=60.3551 34.4875 29.5907 27.9851 24.4318 28.9784 22.4852 17.1427 16.4237 16.998 15.2891 12.8572 12.2856 11.7757 12.0226 11.6711 10.285 9.77283 9.7185 9.66833 8.95887 8.00308 8.26593 12.9201 11.7158 7.96227 10.478 9.43976 8.42575 7.89489
threshold=-0.33736748993396753 -1.0629367828369138 -1.1552844047546384 0.3677379190921784 -0.16295152157545087 -1.4991326928138731 0.9012073576450349 -0.80236974358558644 -0.41861525177955622 -0.3415857702493667 -0.077128250151872621 -0.57734036445617665 0.14431591331958774 -0.40855371952056879 -0.59761118888854969 0.67850416898727428 -1.1167582273483274 -0.16295688599348065 -0.79417580366134632 -0.11929676309227942 -0.18219775706529615 2.4085654020309453 -0.26833581924438471 0.42941556870937353 -0.1623147055506706 -0.63271600008010853 -1.8763301372528074 -0.82153180241584767 0.84110146760940563 -0.65303111076354969
decision_type=2 2 2 2 2 2 2 2 2 2 2 2 2 2 2 2 2 2 2 2 2 2 2 2 2 2 2 2 2 2
left_child=1 -1 18 7 12 20 8 -2 13 15 16 -7 -5 -4 -15 -10 -11 19 -3 -14 -6 22 23 24 -18 -25 -27 -28 -29 -13
right_child=3 2 6 4 5 11 -8 -9 9 10 -12 29 17 14 -16 -17 21 -19 -20 -21 -22 -23 -24 25 -26 26 27 28 -30 -31
leaf_value=0.044418704024666578 0.020919629577955325 -0.0392790244257087 -0.055758429470135956 -0.046992870668390863 0.02542908791447996 -0.043253717354928577 -0.051511594713504597 -0.046886145074066216 -0.049749866714960921 -0.025470574424427239 -0.015557922524324997 -0.0024955677160083318 0.051125209326599579 0.0098993306875286291 -0.038143017969286847 0.044688651381132719 -0.02877856751370321 -0.033201669480056699 0.050218585103165028 -0.025857262245990872 -0.050526858563509761 -0.086490560731898314 0.038618378641441645 0.046866849858398708 0.038266732689351712 -0.10024131515239312 0.0474125598387218 -0.013662961937906934 0.027427748750989168 0.058579991489596063
leaf_weight=63.95571806281805 10.35293350741267 3.2771029584109774 15.996194266714154 35.012742365710437 5.1538332225754884 4.2015216192230573 19.904361045919359 93.564160888083279 18.291729697957638 12.5763932634145 39.815521507523954 6.3031711066141716 10.607158066704871 36.601280068978667 20.214408933185041 3.9841385334730139 24.918895045295358 15.49008156172931 40.77365673519671 6.6265533817932001 15.73308023624122 1.7093371525406826 54.476695718243718 28.524536449462175 8.8230230249464494 1.8985283225774754 20.443846546113484 24.720987657085068 25.185723232105374 32.955474911257625
leaf_count=896 71 30 225 1412 39 136 1087 4161 143 190 881 78 53 293 201 53 246 191 497 127 467 13 507 147 58 9 115 218 130 275
internal_value=-0.000117431 0.0103142 0.00489018 -0.0207194 -0.00544741 0.0166159 0.000133054 -0.0401309 0.00317271 0.00894445 0.0127751 0.0398772 -0.0264067 -0.0178629 -0.00719362 -0.0328591 0.0183246 -0.00438054 0.0435605 0.0215246 -0.0317848 0.0212128 0.022187 0.0155325 -0.0112472 0.0244991 0.0156682 0.0187962 0.00707371 0.048774
internal_weight=702.093 466.092 402.136 236.001 132.084 64.3471 358.086 103.917 338.181 265.369 243.093 43.4602 67.7365 72.8119 56.8157 22.2759 203.278 32.7238 44.0508 17.2337 20.8869 190.702 188.992 134.516 33.7419 100.774 72.2491 70.3506 49.9067 39.2586
internal_count=12949 5939 5043 7010 2778 995 4516 4232 3429 2710 2514 489 1783 719 494 196 1633 371 527 180 506 1443 1430 923 304 619 472 463 348 353
is_linear=0
shrinkage=0.05


Tree=67
num_leaves=31
num_cat=0
split_feature=49 42 0 4 47 43 43 4 21 42 47 4 39 43 43 30 23 48 10 38 2 37 44 42 25 43 1 2 37 42
split_gain=57.8389 46.9488 29.1331 21.593 29.0583 26.1709 23.763 21.3911 21.5644 17.2628 16.9862 13.5124 12.0632 11.4265 10.5395 10.3235 9.65146 9.46039 9.4326 11.4058 9.35532 8.65831 8.59402 8.43352 8.3819 8.3714 9.17923 8.35086 8.2794 8.07789
threshold=-0.38208919763565058 0.68461090326309215 -1.1381024122238157 -0.16295392811298368 -0.15474191308021543 0.78447610139846813 0.58684375882148754 -0.16295672208070752 0.3284087479114533 0.56688323616981517 0.12659384310245517 -0.16295699030160901 0.26502512395381933 0.16173055768013003 -0.34897166490554804 -1.4257796406745908 -1.0971803069114683 -0.77393397688865651 0.89008921384811412 2.3394932746887211 -0.70846346020698536 0.47072380781173712 -0.86275935173034657 0.5564381778240205 -2.0695878267288204 0.32756488025188452 0.56956624984741222 0.38042683899402624 -0.13994103670120236 0.63558214902877819
decision_type=2 2 2 2 2 2 2 2 2 2 2 2 2 2 2 2 2 2 2 2 2 2 2 2 2 2 2 2 2 2
left_child=1 2 20 4 6 10 7 23 25 24 14 28 -7 16 17 -3 -10 -5 22 27 -1 -12 -16 -4 -2 26 29 -20 -8 -9
right_child=9 15 3 5 -6 12 11 8 13 -11 21 -13 -14 -15 18 -17 -18 -19 19 -21 -22 -23 -24 -25 -26 -27 -28 -29 -30 -31
leaf_value=-0.027323739988548978 0.048943653097943567 -0.030666060737390727 -0.05758043142548093 0.0088487045431914959 -0.043933235753334236 0.046366311338604062 -0.04532086646170138 -0.031803917764789184 -0.1868951925054444 0.0022545250919971038 -0.052250969297659322 -0.048021166064460455 -0.018083292549100131 -0.070316941168317451 -0.031219928313514611 0.045953059795830524 -0.0106929184537932 -0.043576565078533906 -0.054648682986203401 0.054449302538047251 0.043671136040397768 0.012034171661085349 0.0379352743636951 0.039246306332625297 -0.043383552925479241 -0.03259555587430437 0.067433228382650243 0.011389730847204155 0.046680501969100605 0.041717823864224818
leaf_weight=5.1563568711280814 2.5252150157466522 4.6561337653547517 2.3661689991131416 17.81650204397738 58.604995845817029 50.100606076419353 3.7050977246835828 6.7422990361228612 0.79510729573666949 30.565411462448537 22.031934498809282 36.61747520416975 8.4908902738243324 12.498722992837427 5.0359494900330892 78.796534340828657 34.4278653440997 16.644661940634251 10.945509178563958 5.7387620974332085 46.363497354090214 6.8714438341557971 41.628865839913487 45.352141607552767 92.67360466811806 5.532941907644271 12.050212811678646 8.5084311636164767 7.1925806365907174 8.3788014203309995
leaf_count=47 39 35 65 108 2078 474 69 86 10 405 970 354 181 143 67 1131 330 204 135 47 499 151 357 268 4424 60 73 72 57 46
internal_value=0.000218634 0.00706616 0.00104347 -0.00323167 -0.0134459 0.00911432 -0.0032744 0.00792388 -0.00781164 -0.030438 -0.00297998 -0.0334752 0.0370265 -0.0292447 0.00625985 0.0416782 -0.0146704 -0.0164726 0.0171618 -0.00749333 0.0365656 -0.0369679 0.0304722 0.034445 -0.0409345 0.0234633 0.0348786 -0.0257659 0.015401 0.00893545
internal_weight=688.815 563.05 479.598 428.078 234.264 193.814 175.659 128.144 80.426 125.764 135.222 47.5152 58.5915 47.7217 106.319 83.4527 35.223 34.4612 71.8575 25.1927 51.5199 28.9034 46.6648 47.7183 95.1988 32.7043 27.1713 19.4539 10.8977 15.1211
internal_count=12985 8117 6951 6405 3639 2766 1561 1081 748 4868 2111 480 655 483 990 1166 340 312 678 254 546 1121 424 333 4463 265 205 207 126 132
is_linear=0
shrinkage=0.05


Tree=68
num_leaves=31
num_cat=0
split_feature=20 39 15 4 43 7 5 15 48 26 43 46 40 6 43 17 7 16 30 7 43 42 39 39 27 39 41 6 28 26
split_gain=54.3762 35.959 25.1711 24.7494 38.0597 24.1438 18.6823 17.89 17.4359 15.4554 13.6917 16.4598 13.5428 13.3389 15.7304 14.0017 12.8145 12.701 12.1298 11.3284 11.8275 11.2386 10.9715 10.0852 9.90199 9.83209 9.64398 18.0488 9.59886 9.3812
threshold=-1.5384421944618223 -0.5531354248523711 -0.82153180241584767 -0.16295392811298368 0.35788160562515264 -1.5614432692527769 0.42403006553649908 -0.80859732627868641 -0.77393397688865651 -0.51377081871032704 0.55983591079711925 0.8490966558456422 0.019237813539803032 0.61810731887817394 -0.10461379215121268 -0.55192366242408741 0.78559216856956493 -0.40412083268165583 -1.4975249171257017 -1.1668090820312498 -0.4220301210880279 0.53276357054710399 -0.066179595887660966 -0.43085643649101252 0.99355039000511181 0.19325519353151324 1.1113533377647402 0.081115022301673903 0.60384798049926769 0.12239667028188707
decision_type=2 2 2 2 2 2 2 2 2 2 2 2 2 2 2 2 2 2 2 2 2 2 2 2 2 2 2 2 2 2
left_child=6 2 18 7 19 22 12 10 -4 -7 11 17 -1 14 -10 -16 24 -3 -2 -5 -21 -15 -6 26 28 -22 29 -28 -12 -9
right_child=1 3 8 4 5 9 -8 23 13 -11 16 -13 -14 21 15 -17 -18 -19 -20 20 25 -23 -24 -25 -26 -27 27 -29 -30 -31
leaf_value=0.023549171978640926 -0.074204314598506099 -0.034965396517938077 0.033660843250467171 -0.048586907512718401 0.012778775742478182 -0.022748261144670906 0.049806548072700851 0.00090441693356281116 -0.035745412867973551 0.050770785277484555 -0.063711339657679528 -0.057970399146944906 -0.034988485112086465 -0.057013590970928424 -0.06744723095092392 0.021577856333646516 0.035266469841342726 0.046192381840874083 0.046003812772976632 -0.056483157682380783 0.035356838226871891 0.028764400559700438 -0.054293055999062846 -0.050554527323269455 0.017277550439327976 -0.051993273078391328 0.52933757221860811 0.034409796757378465 -0.015858401623968316 -0.055257848098925401
leaf_weight=42.838841463439167 2.1924887374043456 6.0855527305975583 31.23581282608211 34.672803294844925 12.754870254546406 8.3680281965062004 62.950146732851863 15.251477133482696 52.883388810791075 49.054633541963995 25.700470191426575 6.6207208242267361 12.842515761032699 4.3681722022593013 5.2199876680970183 28.700603530742228 7.4515392836183301 23.195950928144157 48.994998279958963 7.9422697490081218 14.732848922722043 30.348973802290857 11.680912461131809 77.625255597755313 7.7144564948976031 4.1230600178241721 0.19607122801244203 3.0441536726430058 17.694672652520239 14.508968044072388
leaf_count=449 14 48 251 1388 139 187 842 298 1165 511 367 40 199 160 83 327 116 115 550 359 157 217 409 3603 55 203 2 90 407 192
internal_value=0.000431907 -0.00616442 0.0105102 -0.0159248 1.58389e-05 0.0223432 0.0311453 -0.0270651 0.000341941 0.0400571 -0.0110843 0.0132272 0.0100479 -0.00822236 -0.0186986 0.00787792 -0.025989 0.0293254 0.040855 -0.0297167 -0.00530144 0.0179717 -0.0192832 -0.0407112 -0.0349197 0.0162567 -0.0175573 0.0643587 -0.044199 -0.0264761
internal_weight=670.995 552.363 203.944 348.419 143.329 81.8584 118.632 205.089 152.757 57.4227 94.4634 35.9022 55.6814 121.521 86.804 33.9206 58.5611 29.2815 51.1875 61.471 26.7982 34.7171 24.4358 110.626 51.1096 18.8559 33.0007 3.24022 43.3951 29.7604
internal_count=12943 11453 2767 8686 3353 1246 1490 5333 2203 698 1148 203 648 1952 1575 410 945 163 564 2107 719 377 548 4185 829 360 582 92 774 490
is_linear=0
shrinkage=0.05


Tree=69
num_leaves=31
num_cat=0
split_feature=39 40 15 37 34 31 20 42 6 6 30 30 9 47 36 30 21 27 39 29 6 38 39 34 43 27 15 10 39 16
split_gain=50.9684 34.0983 32.2136 24.6097 18.7519 15.8117 15.243 14.5596 17.5237 12.3035 11.2443 10.8554 10.548 10.3058 10.2765 10.0974 11.267 9.69961 9.10898 8.20677 7.9372 7.92846 10.746 7.43217 7.4281 7.39714 9.25935 7.22272 7.21351 6.97225
threshold=-0.54357796907424916 0.23005508631467822 -0.76086154580116261 0.21586903929710391 0.88463771343231212 -0.052195362746715539 -1.825243294239044 0.15711200982332232 0.6130090355873109 0.75467121601104747 -1.4975249171257017 -0.069840066134929643 -0.82903510332107533 -0.32514859735965723 -0.27944360673427576 0.090585354715585722 0.17033276706933978 -1.6440407633781431 -0.6410173475742339 1.1674883961677553 -1.60758501291275 -0.37078379094600672 -0.29355359077453608 -1.0092234611511228 0.52840870618820202 0.28093831241130834 -0.362573891878128 -0.9483831226825713 -0.42138141393661493 0.06342062354087831
decision_type=2 2 2 2 2 2 2 2 2 2 2 2 2 2 2 2 2 2 2 2 2 2 2 2 2 2 2 2 2 2
left_child=2 3 10 6 7 9 -2 11 13 -5 -1 23 -7 27 15 28 20 -16 -10 -3 -17 -19 -23 -4 -21 -15 -27 -9 -8 -14
right_child=1 19 4 5 -6 12 14 8 18 -11 -12 -13 29 25 17 16 -18 21 -20 24 -22 22 -24 -25 -26 26 -28 -29 -30 -31
leaf_value=-0.048843253085832893 0.04222315790328101 -0.046264253200662353 0.027249357612490283 -0.042260812416281275 -0.051620398140667371 -0.053731962573094844 0.004874997006990258 -0.0537085355580093 0.037042494185683138 0.017923230640035408 0.044197262188540261 0.03908096091205298 0.027217841678944532 -0.069737610635879341 0.19470804366430136 -0.053593690376634244 -0.016373654289851779 -0.065752718792782397 -0.020612423775847252 -0.025905976038387259 0.028826234091645239 0.018594960821110004 -0.042289044319842206 -0.035993350312443696 0.040159304332572518 0.022872963292456854 -0.06383892214868396 0.0067289383219213371 -0.045867967299682157 0.066131318384792345
leaf_weight=3.3735244907438746 11.382000194862483 69.514094620011747 8.9014900960028189 15.629342608153818 13.89740687701851 3.3279940877109757 9.7248679175972921 5.8521822281181803 29.293190744705498 18.595381995663047 86.812593040987849 49.104406645521522 42.35085491836071 13.241503054276111 0.45189138501882453 3.2086552921682587 43.803954708389938 17.156904836185277 8.9419687371700984 30.84285272937268 32.592053770087659 10.310080535709856 24.397240353748202 9.7162712970748526 4.935578240081667 6.8589418111369014 5.5859596859663707 31.83469358086586 25.031302466057241 15.80748855974525
leaf_count=21 123 3554 56 561 803 38 139 64 190 299 1116 542 510 288 10 40 509 249 115 862 254 128 805 152 49 71 110 205 950 135
internal_value=-0.000200218 -0.0120686 0.0162542 -0.00276856 0.00421348 0.0176785 -0.0137594 0.00879591 -0.00317365 -0.00956091 0.040717 0.0267547 0.0328406 -0.0193022 -0.0175823 -0.00918509 0.000632019 -0.0359382 0.0235589 -0.0362497 0.0214393 -0.0379478 -0.024203 -0.00575586 -0.0167924 -0.0437254 -0.0160481 -0.00265606 -0.03167 0.0377946
internal_weight=652.477 379.063 273.414 273.77 183.228 95.7111 178.059 169.331 101.608 34.2247 90.1861 67.7222 61.4863 63.3733 166.677 114.361 79.6047 52.3161 38.2352 105.293 35.8007 51.8642 34.7073 18.6178 35.7784 25.6864 12.4449 37.6869 34.7562 58.1583
internal_count=12948 9215 3733 4750 2596 1543 3207 1793 1043 860 1137 750 683 738 3084 1892 803 1192 305 4465 294 1182 933 208 911 469 181 269 1089 645
is_linear=0
shrinkage=0.05


Tree=70
num_leaves=31
num_cat=0
split_feature=15 39 4 43 42 39 6 18 6 14 17 43 45 47 38 4 31 0 43 7 17 17 7 42 27 43 15 33 27 15
split_gain=50.2702 37.6764 35.2704 26.9665 24.7191 23.5107 16.611 14.3955 12.7878 12.094 11.7528 13.1209 11.3931 10.4535 10.125 10.0777 10.0743 11.7261 9.9909 8.8744 8.82453 9.73899 8.63237 8.35113 8.34938 8.51033 8.17243 8.01979 12.696 9.65162
threshold=-1.0029196143150327 -0.14777062088251111 -0.16281927376985547 0.1922906115651131 0.48727639019489294 -0.57478746771812428 0.72969585657119762 0.37272606790065771 0.76125264167785656 -1.7294085025787351 0.071580629795789733 -1.6072765588760374 1.7674976587295534 -0.19606842845678327 -0.28869822621345514 -0.16295696049928662 -0.29241180419921869 -0.60092008113861073 1.2942276000976565 0.8063623607158662 -0.62507569789886464 -0.54183989763259877 0.53634941577911388 -0.13195701688528058 0.10187440365552904 0.40847934782505041 -0.80236974358558644 -0.73618593811988819 0.44103373587131506 -0.48514720797538752
decision_type=2 2 2 2 2 2 2 2 2 2 2 2 2 2 2 2 2 2 2 2 2 2 2 2 2 2 2 2 2 2
left_child=16 2 4 10 -2 7 19 -6 14 -3 11 -4 -5 23 15 -9 17 -1 24 -7 -8 -22 -19 -12 -11 26 -26 -17 -29 -30
right_child=1 9 3 12 5 6 20 8 -10 18 13 -13 -14 -15 -16 27 -18 22 -20 -21 21 -23 -24 -25 25 -27 -28 28 29 -31
leaf_value=-0.15872385708515777 -0.049716049247093989 0.032122010091646579 -0.043838635730429697 0.046897400967921103 0.037706988702008643 -0.037851435090497043 -0.082749517666988209 0.036167736765250348 0.030773033075448611 -0.049065213431606199 0.013593806836939754 0.061438856470691854 -0.030660777547189728 -0.042423378065346205 0.13863898922937354 0.026357879484734715 0.043794152321143739 -0.086878431467604877 0.029465077040900879 0.060347246978982139 0.019472333707778833 -0.019922640334806646 0.023474447559401326 -0.060984167124865554 0.026888187483940392 0.0020188584819917205 -0.051867230462445291 -0.059814115819113681 0.037797935935158282 -0.057041757005843977
leaf_weight=1.0426593273878122 32.526046857237816 7.4368601199239484 3.9006345821544555 72.249562902376056 40.100803758017719 66.728888789191842 3.0624214056879273 7.2545095616951576 23.093096138909459 62.600318833254278 29.286123361438513 12.267521647736428 5.0671761445701113 18.932278178632259 1.0549735333770502 5.7996201887726775 69.976588040590286 1.9559889081865574 5.9508241126313797 2.3828999614343038 40.141768012195826 25.752870291471481 18.856183620169759 4.3056073924526563 3.8580211754888323 21.504375972785056 22.534058353863657 21.902161134406924 7.6523958593606949 4.1306767705827934
leaf_count=12 1621 157 58 813 336 1171 28 65 182 3376 263 102 81 656 3 37 1008 14 108 19 327 326 305 44 24 348 1095 310 62 56
internal_value=0.000287296 -0.00541629 0.00161823 0.0215605 -0.00872239 -0.00336875 -0.0171422 0.0137654 0.000221693 -0.0296962 -0.0012364 0.0360402 0.0418144 -0.012711 -0.01454 -0.0179975 0.0345391 0.00490557 -0.0336442 -0.0344657 0.000220062 0.00407603 0.0131032 0.0040348 -0.037043 -0.02133 -0.0403547 -0.0279492 -0.0372993 0.00455091
internal_weight=643.308 551.476 427.592 146.009 281.583 249.057 138.069 110.988 70.8874 123.884 68.6922 16.1682 77.3167 52.524 47.7943 46.7394 91.8314 21.8548 116.448 69.1118 68.9571 65.8946 20.8122 33.5917 110.497 47.8965 26.3921 39.4849 33.6852 11.7831
internal_count=13007 11668 6560 2017 4543 2922 1871 1051 715 5108 1123 160 894 963 533 530 1339 331 4951 1190 681 653 319 307 4843 1467 1119 465 428 118
is_linear=0
shrinkage=0.05


Tree=71
num_leaves=31
num_cat=0
split_feature=20 34 39 5 29 7 45 0 27 16 34 18 26 16 40 39 38 17 25 37 17 26 12 16 17 1 29 5 47 17
split_gain=45.8113 29.0137 26.9965 18.4715 14.9809 15.3174 15.3244 14.7405 20.7564 13.9161 13.8933 13.7853 14.11 12.9895 12.9378 9.97007 9.33156 19.0444 9.15995 9.00253 9.87088 8.81769 8.74532 10.0017 8.74105 8.29906 8.26098 8.16655 9.22998 7.75568
threshold=-1.4484354257583616 0.9012073576450349 -0.59486195445060719 0.42403006553649908 -0.067288883030414567 0.8063623607158662 -0.91876778006553639 -0.69067916274070729 1.2071301937103274 -0.22275042533874509 -0.60478103160858143 0.2741807252168656 -0.79836124181747425 -0.48133580386638636 0.019237813539803032 0.16264390945434573 -0.36596266925334925 -0.59185171127319325 1.1687487959861758 0.14386011660099032 -0.362962856888771 -0.71461310982704151 -0.89381814002990712 -0.38691405951976771 -0.47165365517139429 1.5115781426429751 -0.76202595233917225 -0.21047691255807874 -0.24984482675790784 0.41235245764255529
decision_type=2 2 2 2 2 2 2 2 2 2 2 2 2 2 2 2 2 2 2 2 2 2 2 2 2 2 2 2 2 2
left_child=3 2 11 14 10 6 9 8 19 18 21 26 -13 -9 -1 27 24 25 -6 -8 -21 -4 -23 -24 -14 -18 -2 28 -15 -22
right_child=1 -3 4 -5 5 -7 7 13 -10 -11 -12 12 16 15 -16 -17 17 -19 -20 20 29 22 23 -25 -26 -27 -28 -29 -30 -31
leaf_value=0.020632851940855707 -0.017286418744197233 -0.051372481987690871 -0.047761443118729117 0.046474157046605562 -0.061405363866611197 0.050127987163166382 -0.041346919493337547 -0.037886461451864827 0.037148828985282781 -0.014544937840702288 -0.042479025955009818 -0.055602154152498022 0.041088065294427871 0.038053361628585886 -0.034633965305736071 -0.017549679521186964 -0.033604300577917849 0.018124834069845708 -0.19594763101899909 -0.027729350177175441 0.054955962057644019 -0.049981866185052529 -0.043334478035663322 0.028408767542011576 -0.061665426139571322 -0.17871982287080027 0.044637646490576249 0.046617764774256061 -0.041059623133773385 -0.045634242310206991
leaf_weight=44.594252234324813 6.1877500340342513 33.463971402496099 10.212784082628785 63.376363880932331 11.896879013627766 12.480263256467877 39.664264590479434 9.4604253731667978 16.129524143412709 30.840814800001681 60.125498291105032 9.0443935785442573 26.929756193421785 8.2898368686437589 13.887055938132105 11.360901162028311 19.059960976243023 41.786010671406984 1.4156027175486077 17.72463507484645 8.5792325297370535 6.1673299176618448 5.9707551533356265 26.06467447523028 2.2420272305607787 1.0389427933841933 41.558064597658813 37.364519235678017 6.63961805589497 2.4673295384272924
leaf_count=494 68 2210 362 922 89 119 707 192 186 377 3167 184 281 65 258 391 178 413 14 386 82 141 133 391 32 11 414 356 217 69
internal_value=0.000262318 -0.00638736 -0.0031892 0.0277743 -0.0112923 -0.00362743 -0.00695137 0.000339133 -0.0138758 -0.0329872 -0.0264267 0.0145057 0.00396136 0.0167801 0.00750911 0.0249047 0.00987763 -0.00111193 -0.0757121 -0.0259018 -0.00460903 -0.00649185 0.0045408 0.0150373 0.0331908 -0.0411055 0.0366124 0.034128 0.00286922 0.0324884
internal_weight=626.023 504.166 470.702 121.858 322.855 214.314 201.834 157.68 84.565 44.1533 108.541 147.847 100.101 73.1153 58.4813 63.6549 91.0567 61.8849 13.3125 68.4355 28.7712 48.4155 38.2028 32.0354 29.1718 20.0989 47.7458 52.294 14.9295 11.0466
internal_count=12909 11235 9025 1674 7444 3250 3131 2651 1430 480 4194 1581 1099 1221 752 1029 915 602 103 1244 537 1027 665 524 313 189 482 638 282 151
is_linear=0
shrinkage=0.05


Tree=72
num_leaves=31
num_cat=0
split_feature=15 39 4 43 47 7 39 45 42 31 4 4 36 16 27 43 5 4 39 31 0 21 6 7 38 42 43 1 32 29
split_gain=43.8707 33.344 31.9249 27.0313 26.1469 16.1812 13.3642 15.8649 15.0838 12.3613 11.8875 10.1397 10.9534 11.0906 9.05618 9.49457 10.971 8.94555 12.1722 10.0888 10.5193 8.92308 8.86836 8.76412 11.4012 8.40287 10.8319 8.35817 8.26192 8.23847
threshold=-1.0029196143150327 -0.1111864075064659 -0.16286077350378034 0.3102316707372666 -0.16968556493520734 0.72328144311904918 -0.56764826178550709 -0.72132948040962208 0.48727639019489294 0.44445511698722845 -0.13116457313299176 -0.16295688599348065 0.11847424134612085 -0.28799313306808466 0.022647917270660404 -0.075525876134634004 -0.38967800140380854 -0.16295648366212842 -0.53923216462135304 -0.18432880938053128 -0.62880221009254444 0.49362549185752874 0.72969585657119762 -1.5614432692527769 -0.30468586087226862 0.58048313856124889 0.20704790204763415 -0.011795778293162583 -0.45947715640068049 1.0135813355445864
decision_type=2 2 2 2 2 2 2 2 2 2 2 2 2 2 2 2 2 2 2 2 2 2 2 2 2 2 2 2 2 2
left_child=17 2 4 9 5 6 8 -8 -2 -4 -11 28 13 29 -3 -16 -17 18 -1 20 -20 -10 -6 -18 -25 -24 -27 -12 -9 -13
right_child=1 14 3 -5 22 -7 7 11 21 10 27 12 -14 -15 15 16 23 -19 19 -21 -22 -23 25 24 -26 26 -28 -29 -30 -31
leaf_value=0.050292666317447887 -0.052008827409093655 -0.043175605865441453 -0.023374411543456042 0.042978634460269845 -0.050377214801628913 0.032489527770378321 -0.039760193974724183 -0.028796275464280759 0.032199198868874845 0.04603156079373228 0.035517339496180515 -0.06202379615912073 -0.051449843850513044 0.046819961841444178 -0.051723506975034708 -0.052032788345509506 -0.042648806926914667 0.053400266567389769 -0.20930995051965945 0.021593603937827936 -0.024033075979748131 -0.0012741345843204717 -0.041172493511432227 -0.0045288863966914056 0.06420509011958607 0.052934247278113883 -0.042888299745168106 -0.031810012378717646 0.082225363796173345 0.011680051478037308
leaf_weight=20.350128136575222 9.4081410290673357 58.740106847137213 33.016497505828738 68.630183635279536 41.165576274506748 32.235692286863923 46.722913747653365 2.318812889046967 38.597827235236764 19.399122582748532 7.0305432034656432 6.4992591487243745 10.978225622326134 10.837185900658371 12.92368516512215 8.6503266198560578 5.9636422973126164 33.642041612416506 0.82873964682221668 20.090169253759086 10.134873920120297 41.119274582713842 12.855365089140834 14.08998332452029 10.551059314049784 7.7350277947261912 4.7666627904400229 13.386946746148167 6.0423943102359754 9.1002397639676929
leaf_count=349 306 3288 740 835 1867 312 462 21 290 219 88 62 184 95 729 405 138 579 9 162 215 345 548 260 97 63 75 194 26 41
internal_value=7.30815e-06 -0.00531609 0.00109802 0.0204628 -0.0086722 -0.000156422 -0.00595061 -0.0192639 0.0078667 -0.000753806 0.0180035 0.00165624 -0.00946812 0.00796542 -0.0297102 -0.0145516 -0.00231367 0.0333554 0.0202367 0.000540466 -0.0380382 0.0149332 -0.0360491 0.0117393 0.0249023 -0.0127883 0.0163989 -0.00862656 0.0514357 -0.0190274
internal_weight=617.811 532.765 421.846 141.463 280.383 213.86 181.624 92.499 89.1252 72.8331 39.8166 45.7761 37.4149 26.4367 110.919 52.1787 39.255 85.046 51.4039 31.0538 10.9636 79.7171 66.5226 30.6047 24.641 25.3571 12.5017 20.4175 8.36121 15.5995
internal_count=13004 11690 6773 2076 4697 2144 1832 891 941 1241 501 429 382 198 4917 1629 900 1314 735 386 224 635 2553 495 357 686 138 282 47 103
is_linear=0
shrinkage=0.05


Tree=73
num_leaves=31
num_cat=0
split_feature=31 20 26 27 33 7 21 43 4 39 0 5 10 39 34 16 43 5 23 34 39 33 20 4 25 40 32 15 47 27
split_gain=44.8747 30.5147 22.2948 18.9585 15.4954 13.7615 13.7866 11.4611 11.9264 12.8574 9.86187 9.63612 9.18859 9.30154 11.1121 10.1982 8.98412 11.3587 8.91338 8.58166 8.31938 7.9689 7.65098 11.1374 7.59148 7.29389 7.96535 7.22356 7.10128 8.12701
threshold=0.089606482535600676 -1.5384421944618223 -0.51377081871032704 0.26872946321964269 -0.37060908973217005 0.70251125097274791 0.24799232929944995 0.73874422907829296 -0.16295688599348065 -0.58352574706077565 -1.1601777076721189 1.2449011206626894 -0.96881207823753346 -0.57837483286857594 -0.20258128643035886 -0.51658663153648365 -0.18335819989442823 -0.24164063483476636 1.0000000180025095e-35 -1.451523959636688 0.49301053583621984 0.32721026241779333 -1.133073031902313 -0.16295706480741498 1.0000000180025095e-35 -1.6362000703811643 -0.57209828495979298 -0.52724018692970265 -0.5517141819000243 1.7375092506408694
decision_type=2 2 2 2 2 2 2 2 2 2 2 2 2 2 2 2 2 2 2 2 2 2 2 2 2 2 2 2 2 2
left_child=2 20 19 5 12 6 -3 8 -5 -10 -8 25 -4 -14 15 -15 -6 -18 21 -1 -2 24 23 -17 -19 -12 -27 -7 -11 -30
right_child=1 3 4 7 16 27 10 -9 9 28 11 -13 13 14 -16 22 17 18 -20 -21 -22 -23 -24 -25 -26 26 -28 -29 29 -31
leaf_value=0.0068118890586497021 0.041536865913686043 0.012749082800188622 -0.034606342827183383 0.051547192124584973 -0.051379178808652885 0.030170780058871978 0.025287522432310666 0.042297196397607373 0.026222014529728933 -0.062719383678285931 0.028080167773297728 -0.069006008249282588 0.030572808175570211 -0.077771105147099784 -0.05511303925756042 -0.31606022599512062 -0.036336166893333535 -0.012242230913677573 -0.043402568499974065 -0.047214900364513729 -0.052880706800214228 -0.027285208739304491 0.025018708838406581 -0.02070263544660109 0.061849154356439631 0.027492078642303432 -0.037536378925146961 -0.05284510287010287 -0.015861083067413444 0.031329696394512566
leaf_weight=8.3829944133758527 77.836318712681532 27.255017326213419 12.058203278109429 14.136865889653562 21.14179302752018 25.01588276959956 7.7076363982632747 32.833719483576715 35.639656478539109 6.1103396452963343 5.886747137643396 15.592266331426798 37.860225891694427 3.1672427160665384 8.3122239168733341 0.34063602983951558 27.310418888926506 4.846367605961869 6.435388437472283 59.653082460165024 2.40514788404107 5.8051866730675092 31.85471671354026 5.0655287308618382 12.061695061624048 5.2586101917549959 45.064440122805536 2.9270134204998604 43.172186903655529 11.568023315630851
leaf_count=88 1181 310 220 140 1152 228 96 458 500 51 49 305 267 50 204 4 1163 81 144 2964 51 232 322 83 136 65 1166 136 907 137
internal_value=0.000279271 0.0115431 -0.0162461 0.00370736 -0.00686166 -0.0097633 -0.0179391 0.0163561 0.0086569 0.00237301 -0.0284586 -0.0342281 0.00628635 0.0119802 -0.00246201 0.0083633 -0.0235775 -0.0131669 0.0085413 -0.040558 0.0387068 0.0232587 0.0156849 -0.0393128 0.0406123 -0.0245809 -0.0307411 0.0214749 -0.0115952 -0.00588845
internal_weight=602.706 358.41 244.296 278.168 176.26 134.708 106.765 143.461 110.627 96.4902 79.5097 71.8021 98.6588 86.6006 48.7403 40.4281 77.6008 56.4591 29.1486 68.0361 80.2415 22.7132 37.2609 5.40616 16.9081 56.2098 50.3231 27.9429 60.8505 54.7402
internal_count=12890 5780 7110 4548 4058 2355 1991 2193 1735 1595 1681 1585 1150 930 663 459 2908 1756 593 3052 1232 449 409 87 217 1280 1231 364 1095 1044
is_linear=0
shrinkage=0.05


Tree=74
num_leaves=31
num_cat=0
split_feature=39 15 4 42 43 21 39 6 46 7 48 12 36 32 2 30 4 5 47 29 6 33 48 39 43 5 30 0 0 22
split_gain=42.3664 33.7611 33.9319 32.5348 25.1033 17.3648 13.1599 12.5872 12.0925 11.8858 11.7342 10.7805 10.3947 9.2204 9.04129 8.77481 8.19417 13.3311 9.77306 8.15477 11.758 7.44889 8.33655 7.44518 7.21138 7.07166 6.84957 9.18388 7.9774 6.70702
threshold=0.044347239658236511 -1.0171381831169126 -0.16281927376985547 0.5271289348602296 0.33408120274543768 0.44138310849666601 -0.54357796907424916 0.79161822795867931 0.8681313991546632 -0.50216183066368092 -0.76047945022582997 -0.91085758805274952 -2.4983243942260738 -0.85316190123558033 1.4040814042091372 -1.3189572691917417 -0.16295672208070752 -0.60311025381088246 -0.19606842845678327 0.10367773473262788 0.42472788691520696 -0.55257979035377491 -0.78038838505744923 -0.56022766232490528 -2.4562816619873042 0.65780612826347362 0.91334527730941784 -0.86440080404281605 -1.1758936047554014 0.028297537006437782
decision_type=2 2 2 2 2 2 2 2 2 2 2 2 2 2 2 2 2 2 2 2 2 2 2 2 2 2 2 2 2 2
left_child=1 -1 3 -3 9 6 19 16 11 10 24 -8 -11 -13 -2 -6 17 -7 -19 20 -5 22 -15 -9 -4 -16 -18 28 -28 -25
right_child=14 2 4 5 15 7 8 23 -10 12 -12 13 -14 21 25 -17 26 18 -20 -21 -22 -23 -24 29 -26 -27 27 -29 -30 -31
leaf_value=0.037802323665291113 -0.03851042104298949 -0.045345620406285488 -0.066840218057618528 -0.064042712347360128 -0.036159609509361409 -0.066820112883372224 -0.062547576995520174 0.031743461449781768 -0.052668307130381314 -0.11765487857019126 -0.022687590955153797 0.11048510549105479 0.044017818970538157 0.04205909781818943 -0.052072423289097947 0.045975423797177811 -0.056565835313819361 0.021837561821857875 -0.042374009068466965 0.052401068121681008 0.029062495129435397 0.037445523268537138 -0.03178036294766487 -0.023628167571011938 0.043818774167590328 0.043320480954222328 0.053783880119012285 0.015778194837824694 -0.062696067879195308 0.021106808004225819
leaf_weight=70.597713871859014 74.254402223043144 51.581677446141839 1.6788535676896561 4.2217951128259328 3.4198933271691194 7.7009352175518861 4.6651147603988639 18.696052080951631 9.9032759880647045 1.0526219643652464 45.336533226072788 2.519273134879767 17.916969693265855 5.4183576740324524 2.7983012339100224 66.149781180545688 24.824400823563337 24.594986305572093 7.8066362468525758 25.959502570331097 17.23111538682133 14.994394931010904 12.978579007089133 22.7421983955428 11.964265836402772 6.3548460956662893 1.6941985972225655 10.521510859951375 11.104779354296626 13.266209161840377
leaf_count=1109 3865 2620 17 65 57 272 67 161 99 11 1083 12 200 28 151 819 502 170 193 250 97 148 111 268 101 72 16 83 126 171
internal_value=0.000307715 0.00570523 0.00055461 -0.009308 0.0201051 -0.00158979 0.0146343 -0.0126998 -0.00313275 0.000619475 -0.0104533 0.00895735 0.0350466 0.0182465 -0.0327307 0.0419378 -0.0243813 -0.00768732 0.00636684 0.0335505 0.01074 0.0112874 -0.0100328 0.00614444 0.0302016 0.014157 -0.0382867 -0.0188287 -0.0472776 -0.00714692
internal_weight=593.949 510.542 439.944 292.425 147.519 240.843 97.8914 142.952 50.479 77.9492 58.9797 40.5757 18.9696 35.9106 83.4075 69.5697 88.2474 40.1026 32.4016 47.4124 21.4529 33.3913 18.3969 54.7045 13.6431 9.15315 48.1449 23.3205 12.799 36.0084
internal_count=12944 8856 7747 5459 2288 2839 877 1962 465 1412 1201 366 211 299 4088 876 1362 635 363 412 162 287 139 600 118 223 727 225 142 439
is_linear=0
shrinkage=0.05


Tree=75
num_leaves=31
num_cat=0
split_feature=30 42 49 27 26 0 1 46 33 0 43 24 6 41 38 6 2 16 42 47 5 21 30 40 48 42 0 7 43 0
split_gain=36.8939 25.2783 21.6015 19.7897 16.2815 15.802 15.341 11.7084 16.6446 9.97394 9.47151 9.53571 9.29066 7.90399 8.08018 7.70531 7.69323 8.95802 9.94542 7.0104 7.74633 7.4541 7.13373 6.58927 7.89568 7.65088 6.34915 8.03541 5.77486 7.80397
threshold=0.61185795068740856 0.68091887235641491 -0.25758091360330576 1.3239696621894839 -0.6680215299129485 -1.1863840818405149 1.1724241375923159 0.8490966558456422 -0.20737589895725247 -0.61216545104980458 1.1165425777435305 -0.3415857702493667 0.93672093749046337 -0.23813481628894803 -0.33284550905227656 -1.5725288987159727 -0.8565288484096526 -0.41537460684776301 0.69295188784599315 0.24748095124959948 1.2449011206626894 0.11328213661909105 1.1844688653945925 -0.79174402356147755 -0.78288948535919178 0.64262628555297863 -0.48191659152507776 0.70251125097274791 0.35067877173423773 -0.67314466834068287
decision_type=2 2 2 2 2 2 2 2 2 2 2 2 2 2 2 2 2 2 2 2 2 2 2 2 2 2 2 2 2 2
left_child=2 3 4 5 26 -2 10 8 16 -5 11 -7 -8 14 -10 -16 -6 18 23 20 22 -22 -13 24 -18 -25 27 -1 -9 -30
right_child=1 -3 -4 9 7 6 12 28 13 -11 -12 19 -14 -15 15 -17 17 -19 -20 -21 21 -23 -24 25 -26 -27 -28 -29 29 -31
leaf_value=-0.017790070393098777 0.044366842881655016 0.047339267139367203 -0.044939860076692095 0.04283145757737105 -0.028370568912636642 -0.065410232383131858 -0.037464919580711596 -0.046279301876574391 -0.024219072329408353 -0.0055294722289577934 0.051513602892493938 -0.0054387534082612115 0.018548422766438737 -0.044293374437260183 -0.067023894183502838 0.047306799811199569 0.025177639461210561 0.028296170687823276 0.05248647780032252 -0.033949084135806544 0.044116625461162073 -0.042220469431834363 0.025392497044000158 -0.047696558005251834 -0.082230138848229328 0.040083442721766976 -0.040544477344739392 0.099671921574682396 -0.062302996812393596 0.011220213838067521
leaf_weight=7.4122129576280695 16.992760837078094 43.563748206011951 44.561008176766336 45.119601178914309 8.9847041899338347 5.3627569992095223 45.200900239869952 17.882218332029879 17.410211413167421 13.960178091190754 9.5528281256556493 30.257100120186806 8.8528359076008183 19.039246647618711 1.7382894000038493 9.6811568764969689 2.302670069038868 77.148022717796266 5.5850828364491454 11.504563261754809 3.1284122038632622 12.445715698413549 49.383410464972258 4.2107334900647402 6.6593831386417186 6.0474711060523987 41.843284498900175 1.8118790518492458 4.7899914104491499 14.640503494068978
leaf_count=113 213 949 2909 560 165 51 866 358 414 223 138 373 114 916 62 135 18 778 76 554 34 147 631 79 67 28 1719 15 61 238
internal_value=-0.000285149 0.0121731 -0.0128961 0.00608803 -0.00711948 -0.00167435 -0.0061275 -0.000571377 0.00535039 0.0314041 0.00372188 -0.000351442 -0.0282911 -0.0192921 -0.00278122 0.0299032 0.0159835 0.0198922 -0.00624539 0.00291783 0.00737238 -0.0248777 0.0136791 -0.0233119 -0.0546333 0.00405197 -0.0322669 0.00528287 -0.0257751 -0.00690467
internal_weight=587.073 295.325 291.748 251.761 247.187 192.681 175.689 196.12 158.807 59.0798 121.635 112.082 54.0537 47.8689 28.8297 11.4194 110.938 101.953 24.8053 106.719 95.2146 15.5741 79.6405 19.2203 8.96205 10.2582 51.0674 9.22409 37.3127 19.4305
internal_count=13004 4853 8151 3904 5242 3121 2908 3395 2738 783 1928 1790 980 1527 611 197 1211 1046 268 1739 1185 181 1004 192 85 107 1847 128 657 299
is_linear=0
shrinkage=0.05


Tree=76
num_leaves=31
num_cat=0
split_feature=15 0 39 34 4 43 47 38 4 43 21 4 16 45 1 30 7 42 47 14 0 23 26 15 7 20 6 42 39 39
split_gain=37.1914 31.3329 24.9865 17.4018 17.0967 20.4113 18.7849 13.4214 14.0182 15.6315 15.0392 11.5948 11.5614 11.5111 11.131 10.7412 9.79931 9.41544 8.95287 9.80743 12.2974 12.0679 9.38315 8.94159 7.99872 7.98978 9.71586 9.15763 8.13863 7.93135
threshold=-1.1298549771308897 -1.1552844047546384 -0.14777062088251111 0.9012073576450349 -0.16288840025663373 0.3102316707372666 -0.16968556493520734 -0.37596309185028071 -0.16295694559812543 0.55983591079711925 0.43197342753410345 -0.16295672208070752 -0.24082233756780622 1.2147341966629031 -1.1330025196075437 -0.12518287450075147 -1.2498899698257444 -0.14937211573123929 0.11090959981083871 -1.8475136160850523 0.057772131636738784 0.82968720793724071 -0.58052057027816761 -0.78211459517478932 0.68174096941947948 0.10332811623811723 -0.13665681332349774 0.63763993978500377 -0.67009508609771717 -0.66330042481422413
decision_type=2 2 2 2 2 2 2 2 2 2 2 2 2 2 2 2 2 2 2 2 2 2 2 2 2 2 2 2 2 2
left_child=-1 -2 3 4 6 16 7 -3 14 10 25 -12 -11 -7 -9 -4 -6 -18 19 -17 -21 22 -22 -8 -13 27 -27 28 -10 -15
right_child=1 2 15 -5 5 13 23 8 9 12 11 24 -14 29 -16 18 17 -19 -20 20 21 -23 -24 -25 -26 26 -28 -29 -30 -31
leaf_value=0.044782120301363706 0.035932363462936621 -0.059711136498220629 -0.049953781698415217 -0.051117392606789561 -0.020292562489578475 0.04764780472273504 0.0023714399268216341 -0.076837494680762744 0.027768472880130353 -0.059276313959483323 0.019309852570995208 -0.035047912278749788 0.010605873996587498 0.021963193608729698 0.051078627817394945 0.07697185194899242 0.053165403367534447 -0.010039838788915867 -0.045190412334832009 -0.02685635346402639 -0.051309225890982794 -0.050851807936197424 0.087412559839528947 -0.04497335448841467 0.011142847866010471 0.3304649165581513 0.041360600028602534 0.035403153219041271 -0.034767540682486671 -0.090568535906890485
leaf_weight=43.061053279787302 45.95127968210727 8.7544792192056757 38.093844152987003 16.729397128336132 34.672485606744885 48.013539887964725 13.398777599446474 1.8527004141360546 8.1201829193159956 18.034525921568278 22.808918165974319 37.986752116121352 8.8097451329231244 3.904787315055728 20.726224860176444 3.3740439219400278 11.758211517706515 11.810548723675309 19.749239253811538 33.412021135911345 1.4725127667188633 3.1573839345946899 7.080082898028194 39.000599494203925 12.442230077460406 0.29403248429298656 24.974803658202291 18.133116131648421 14.480780676007269 2.6140103638172141
leaf_count=837 692 95 3103 1313 540 586 147 20 51 123 182 391 90 44 119 16 105 117 1174 672 79 74 62 1679 131 1 150 182 167 53
internal_value=8.94986e-05 -0.00353065 -0.00726449 -0.00125967 0.00104068 0.0172001 -0.00625404 0.000809657 0.00361797 -0.00140729 0.00532786 -0.0102717 -0.0363424 0.0391833 0.0405825 -0.0286842 -0.00338316 0.0214926 -0.0168117 -0.00525492 -0.0114035 0.032688 0.0635286 -0.0328671 -0.0236514 0.0226374 0.0447247 0.00893585 -0.0122993 -0.0231616
internal_weight=574.672 531.611 485.66 379.321 362.591 112.774 249.818 197.418 188.664 166.085 139.241 73.2379 26.8443 54.5323 22.5789 106.339 58.2412 23.5688 68.2453 48.496 45.122 11.71 8.5526 52.3994 50.429 66.0029 25.2688 40.7341 22.601 6.5188
internal_count=12995 12158 11466 6286 4973 1445 3528 1702 1607 1468 1255 704 213 683 139 5180 762 222 2077 903 887 215 141 1826 522 551 151 400 218 97
is_linear=0
shrinkage=0.05


Tree=77
num_leaves=31
num_cat=0
split_feature=30 20 48 6 43 4 4 39 42 33 43 1 47 43 11 15 2 34 42 12 42 41 0 6 27 25 43 5 29 27
split_gain=38.8481 24.857 18.1681 19.358 15.6745 15.0528 14.7877 13.4011 12.6104 11.4784 10.7587 8.78717 8.52136 8.46773 9.36409 8.99553 8.09859 7.83615 7.75515 10.6603 9.19103 8.12499 7.99738 9.50924 9.94745 7.68042 7.65924 10.3586 10.5023 13.7443
threshold=0.57884818315505993 -1.5384421944618223 -0.76047945022582997 0.81476402282714855 1.1305546164512636 -0.16295392811298368 -0.16295696049928662 -0.58352574706077565 0.60110139846801769 -0.69848790764808644 0.40003998577594763 1.313270688056946 0.29460720717906957 1.4251421689987185 -0.30850027501583094 -1.1038161516189573 -0.87311980128288258 0.83890247344970714 0.031657965853810317 0.26596541702747351 0.55813029408454906 1.5067873001098635 -0.85735070705413807 1.1391817331314089 1.3920869231224062 -0.91633152961730946 -0.3410742580890655 -0.24164063483476636 -1.1821035742759702 -0.2115090265870094
decision_type=2 2 2 2 2 2 2 2 2 2 2 2 2 2 2 2 2 2 2 2 2 2 2 2 2 2 2 2 2 2
left_child=2 -2 16 13 6 8 -3 11 -5 -9 -10 17 18 14 15 -4 -1 -8 19 -11 25 22 23 24 -22 -20 -16 -28 -29 -30
right_child=1 4 3 5 -6 -7 7 9 10 12 -12 -13 -14 -15 26 -17 -18 -19 20 -21 21 -23 -24 -25 -26 -27 27 28 29 -31
leaf_value=-0.046807891771652538 0.040404248570563059 0.053448131444392616 -0.27408481943661694 -0.042862887784592268 0.048171083216473072 0.051724741558372457 0.033821717198302008 -0.033608657772103138 0.04504907710239836 0.05948207213781298 -0.015486097006192856 -0.017363612444920119 -0.038445964970566598 0.032698754462140239 -0.050196724338473046 -0.055068529290717295 0.018155145683660379 -0.052241086078863103 0.01962131542075965 -0.025280697206790961 -0.056037286675670678 0.12609090624045069 0.030375121368790482 0.044432281279997161 0.056894822026560425 -0.050083903288931989 -0.037065782244175907 0.058979624367765861 -0.042799859556649389 0.012489552587350329
leaf_weight=5.2985304184257975 64.271745797246695 12.542396281845866 0.76234421879053105 17.361119961366057 19.21491726487875 13.033094736747442 41.19186769798398 40.585014111362398 12.939842900261285 12.341845293529333 16.959700080566108 13.853736755903808 13.276696866378186 5.3386826999485484 35.556352717801929 1.2176810596138228 50.737301935441792 2.8263987638056269 5.4159524505957952 5.3032333562150589 11.734244784340264 1.4652531249448646 17.461574498564005 4.7678524628281584 2.3385203890502444 14.617753051221372 63.372969522606581 5.431422008201479 22.058632743544877 22.919228984043002
leaf_count=67 1164 156 8 843 345 149 456 371 70 103 195 183 770 107 1939 38 382 209 133 97 110 6 116 22 18 620 3137 63 657 393
internal_value=9.12032e-05 0.0130647 -0.0133681 -0.0199236 0.00503888 0.00415091 0.000889213 -0.00263261 -0.00896854 -0.0115828 0.0107122 0.0173655 -0.00150738 -0.0291894 -0.0313728 -0.139394 0.0120125 0.0282957 0.00499292 0.0340066 -0.00386415 0.0106572 0.00599794 -0.0165949 -0.037271 -0.0312397 -0.0299406 -0.0236107 -0.00669544 -0.0146262
internal_weight=556.196 283.209 272.987 216.951 218.937 60.2938 199.722 187.18 47.2607 129.308 29.8995 57.872 88.7229 156.657 151.319 1.98003 56.0358 44.0183 75.4462 17.6451 57.8012 37.7674 36.3022 18.8406 14.0728 20.0337 149.339 113.782 50.4093 44.9779
internal_count=12927 4879 8048 7599 3715 1257 3370 3214 1108 2366 265 848 1995 6342 6235 46 449 665 1225 200 1025 272 266 150 128 753 6189 4250 1113 1050
is_linear=0
shrinkage=0.05


Tree=78
num_leaves=31
num_cat=0
split_feature=15 39 40 29 4 17 47 40 7 18 23 31 4 43 15 48 35 27 1 27 43 40 39 21 16 48 24 33 15 20
split_gain=34.1265 28.6027 23.8226 19.0196 16.7523 28.1253 16.1123 13.3837 12.224 10.8528 10.3488 9.753 9.97003 14.7897 10.4792 9.30978 9.18987 9.90711 8.01885 9.47738 9.12113 15.3294 7.77547 7.53336 7.88799 7.42466 8.97116 7.29234 10.6479 6.38958
threshold=-1.1298549771308897 -0.54357796907424916 0.3083993941545487 0.11239108443260194 -0.16290950030088422 0.039066325873136527 0.033617906272411353 1.1806320548057558 -1.5614432692527769 0.49587343633174902 -0.20256330072879788 -0.017825048416852948 -0.16295694559812543 0.048774719238281257 -0.73576200008392323 -0.72764158248901356 -0.81343927979469288 -1.5986427664756773 1.2932667136192324 1.1811261177062991 -0.083225414156913743 -0.27490912377834315 -0.43085643649101252 -0.79689970612525929 -0.36283980309963221 -0.65024119615554798 -0.33969014883041376 -0.82332906126976002 -0.8994883894920348 -1.9764280319213865
decision_type=2 2 2 2 2 2 2 2 2 2 2 2 2 2 2 2 2 2 2 2 2 2 2 2 2 2 2 2 2 2
left_child=-1 3 4 25 11 -6 8 9 15 -5 -10 16 -13 14 -14 -7 -3 -18 -11 20 21 -20 -16 -15 -25 -2 -27 -26 -29 -8
right_child=1 2 -4 7 5 6 29 -9 10 18 -12 12 13 23 22 -17 17 -19 19 -21 -22 -23 -24 24 27 26 -28 28 -30 -31
leaf_value=0.043925700817369018 0.0024275849648458313 0.039076136315912037 -0.039060381969125646 0.042758544119954583 0.052431068626317759 0.033212179206839346 0.077165930805064328 -0.053908085696095336 0.079726932259490152 0.021635691438148214 0.0088469641220298972 0.046841519075278976 0.054339387064228431 0.0070793682498801434 0.027319614770994156 -0.043095594120105774 0.076956567892690286 -0.045410671232744171 -0.25147319388103256 0.05542262209307839 0.011420222689927741 -0.045942006887262327 -0.04404602067234762 -0.067127900811736391 -0.063942842746845321 0.026732947454615422 -0.042940936531751239 0.037747413411816366 -0.034775175932838097 -0.051288957720065642
leaf_weight=40.095587097108364 55.647873868234456 3.9051655894145361 71.5362892691046 53.36563432123512 28.014042898081243 5.76491151750088 1.0198668316006685 5.4897482530213884 8.1936302734538931 52.767248339951038 13.861956406384705 7.8525483943521968 11.551974805071952 12.70650839153677 7.5460227392613888 13.034427642822264 1.7184820133261371 44.137213133275509 1.0845658034086216 3.2210134379565707 4.7135672308504573 5.5480089634656906 7.7228366360068303 14.275546699762339 7.5477841719984999 5.7875888729468015 22.902500257827342 8.2460849806666356 13.104525391943762 19.064608645625412
leaf_count=831 415 86 4091 771 315 55 4 321 40 607 155 59 55 81 43 243 38 1725 12 38 54 65 271 118 52 63 922 43 258 1167
internal_value=-0.000493923 -0.00397704 -0.0138702 0.0101584 -0.00601035 0.0109645 -0.00809783 0.0224445 0.0099285 0.0259173 0.0351788 -0.0167717 -0.00699978 -0.0121121 0.0184081 -0.0196954 -0.0345543 -0.0408249 0.0125698 -0.0202702 -0.0417583 -0.0795507 -0.00877641 -0.0267608 -0.0367203 -0.00822459 -0.0288858 -0.0216991 -0.00676532 -0.0447662
internal_weight=551.428 511.332 300.804 210.528 229.268 88.9534 60.9394 126.19 40.8549 120.7 22.0556 140.315 90.5538 82.7013 26.8208 18.7993 49.7609 45.8557 67.3344 14.5672 11.3461 6.63257 15.2689 55.8804 43.1739 84.338 28.6901 28.8984 21.3506 20.0845
internal_count=12998 12167 8899 3268 4808 1979 1664 1868 493 1547 195 2829 980 921 369 298 1849 1763 776 169 131 77 314 552 471 1400 985 353 301 1171
is_linear=0
shrinkage=0.05


Tree=79
num_leaves=31
num_cat=0
split_feature=15 47 4 24 34 27 4 6 39 29 48 47 4 39 6 24 14 30 25 29 25 6 4 32 2 21 39 48 35 4
split_gain=32.8093 27.0691 21.8781 17.5565 16.5497 13.9859 13.9244 21.8122 13.9145 11.6588 11.3811 10.9261 10.1209 10.8488 9.8706 11.4255 9.48458 9.05439 8.23121 7.96318 7.77236 7.76422 7.75064 7.59143 11.5612 7.49709 9.73038 7.31652 6.46094 7.28843
threshold=-0.83534237742424 -0.055769192054867738 -0.16295648366212842 -0.34133571386337275 0.9012073576450349 -0.023420455865561959 -0.16287872940301892 -0.32978455722331995 -0.56764826178550709 -0.083046518266201005 -0.77393397688865651 0.12659384310245517 -0.16295392811298368 -0.25825265049934382 0.91097220778465282 -0.34176625311374659 -1.6701901555061338 0.6368912160396577 0.26593002676963812 -1.5835075378417967 0.48658841848373419 0.81476402282714855 -0.16295697540044782 0.18990202248096469 0.74157592654228222 -1.972791254520416 -0.61387506127357472 -0.7639138102531432 -0.45196092128753657 -0.16295681148767469
decision_type=2 2 2 2 2 2 2 2 2 2 2 2 2 2 2 2 2 2 2 2 2 2 2 2 2 2 2 2 2 2
left_child=2 3 8 -2 5 12 -3 11 19 10 -7 20 21 23 15 -10 -15 -16 28 -1 -8 22 -5 -14 -25 -23 -27 -20 29 -17
right_child=1 6 -4 4 -6 9 7 -9 14 -11 -12 -13 13 16 17 18 -18 -19 27 -21 -22 25 -24 24 -26 26 -28 -29 -30 -31
leaf_value=-0.062809899202510566 -0.052895546116435405 -0.049007913875458553 0.049815529374111218 0.035224170849268502 -0.051332981610464394 0.021787549942204738 -0.025285515646731063 0.052253190314619669 -0.081100170771192207 0.023678635306415452 -0.044988552231475486 -0.04280453568670476 0.031589063608378327 0.077290894491133605 -0.0066423051665602632 0.066048464776604601 -0.048180233625172153 0.045843130430724396 0.059326321317575662 0.041877168548522109 0.052719642668491967 0.13299859935130393 -0.044119785600691741 -0.1048769873768976 0.018570776071631847 0.0388596739088376 -0.032475157971586552 -0.049190847834517264 -0.015424840724731159 -0.012456090461654841
leaf_weight=1.9307433515787114 14.463720073457806 47.70468532666564 43.825257791206241 3.4133574762381604 13.005287267267702 12.041829191148283 6.7277536476030928 10.621868178248404 6.1889413362368932 115.86095672380179 13.573260881938038 32.436044652480632 33.413796370849013 1.7378328945487727 17.584382825531065 7.5187097978778183 11.297984841745345 15.425443606451152 1.7516259327530832 30.705084800720215 6.0785428183153272 1.0402516806498194 31.31489745201543 2.7833754383027536 5.9529606979340315 7.8356137238442942 12.260320564731952 13.716631625778973 12.848151524551211 4.8725475799292344
leaf_count=11 299 3463 790 48 878 74 174 140 106 1343 344 2203 271 7 275 44 219 129 12 513 63 6 676 47 47 39 213 332 199 26
internal_value=0.000540927 -0.00732869 0.0198448 0.00074974 0.00367184 0.00650463 -0.0291685 -0.0122268 0.00817389 0.0169297 -0.0135966 -0.0273652 -0.00677674 0.00841027 -0.00306188 -0.0178054 -0.0314534 0.0178841 -0.00818248 0.0356839 0.0117398 -0.0217793 -0.0363213 0.020739 -0.0207594 0.00211417 -0.00466097 -0.0369024 0.00941883 0.0351785
internal_weight=539.932 383.564 156.368 279.995 265.532 252.526 103.569 55.8642 112.542 141.476 25.6151 45.2423 111.05 55.186 79.9064 46.8966 13.0358 33.0098 40.7077 32.6358 12.8063 55.8644 34.7283 42.1501 8.73634 21.1362 20.0959 15.4683 25.2394 12.3913
internal_count=12991 10554 2437 4511 4212 3334 6043 2580 1647 1761 418 2440 1573 591 1123 719 226 404 613 524 237 982 724 365 94 258 252 344 269 70
is_linear=0
shrinkage=0.05


Tree=80
num_leaves=31
num_cat=0
split_feature=49 42 27 31 39 4 3 2 7 34 25 26 2 38 42 16 43 25 0 21 34 39 42 43 43 15 45 35 38 3
split_gain=29.7829 22.5284 19.9918 15.4662 14.7362 11.9464 16.068 13.5524 11.604 10.7887 9.33165 9.19064 8.17186 8.05969 12.4363 11.933 7.89261 7.05693 7.11999 7.02929 7.01494 7.68928 6.94033 6.90972 6.26141 6.54177 6.26006 6.04645 5.81798 7.31254
threshold=-0.38208919763565058 0.7027442753314973 0.04965417459607125 0.45786085724830633 -0.46902503073215479 -0.16295392811298368 -0.2587378174066543 1.5193653106689455 0.72328144311904918 0.9012073576450349 -1.6315758824348447 -0.82143238186836232 -0.63477209210395802 -0.24034670740365979 0.62041515111923229 -0.46402916312217707 0.35788160562515264 -1.6315758824348447 -1.1601777076721189 0.23837765306234363 -1.0229432582855222 -0.25223693251609797 0.57875785231590282 -0.1916873902082443 0.43887130916118627 -0.80236974358558644 -0.4835685789585113 -0.99472555518150318 -0.28869822621345514 -0.28223444521427149
decision_type=2 2 2 2 2 2 2 2 2 2 2 2 2 2 2 2 2 2 2 2 2 2 2 2 2 2 2 2 2 2
left_child=1 2 5 13 9 8 11 20 10 17 -1 -7 -5 14 -4 -16 -15 -2 -19 24 21 23 28 -8 25 -12 -24 -21 -20 -30
right_child=4 -3 3 12 -6 6 7 -9 -10 -11 19 -13 -14 16 15 -17 -18 18 22 27 -22 -23 26 -25 -26 -27 -28 -29 29 -31
leaf_value=0.037623972763950825 0.064200499801194022 0.045299969172348416 -0.038740369648527555 -0.0043372834208717341 -0.047324550379898418 -0.057349957903878958 -0.076850272164088157 0.037681738710160242 0.01261937113920384 -0.050996258133285115 0.053287285842721403 0.039347599990860092 0.028279490658547998 -0.0056603358214078643 -0.058557640890835351 0.027511552612585366 0.057843785137166183 0.058479671994852891 -0.05225072848605327 0.035311943833423662 -0.040603653391216715 -0.047644424699953614 -0.061014862098161066 0.055481805211624824 -0.035303850179616486 -0.017123443511435309 0.039080791945667194 -0.045409517688822856 0.068237852653534811 -0.04102365218019538
leaf_weight=5.0945065147243431 4.5709791593253604 32.914447083137929 28.024546732660383 23.069661959074438 42.762456806842238 2.6689369189552954 1.1627472890540955 10.39545895392075 21.81357667548582 10.697804999537764 5.7808702178299427 30.98587682377547 114.58600021526217 11.513542678207161 5.0631185909733203 19.680958220735192 8.508605442941187 4.1994020640850058 11.189243314322086 2.4227168825455001 27.181674919091169 4.3766712280921585 1.910960474051534 6.5055048651993275 13.253570339176802 7.683136017527433 8.5545064834877831 54.645139748696238 2.7855784487910569 3.4010432073846486
leaf_count=46 29 790 873 312 3404 102 13 119 337 932 28 354 1569 219 44 140 93 33 324 22 827 98 16 64 209 158 55 1613 20 63
internal_value=0.000128979 0.00552125 0.00228376 0.0129566 -0.0260524 -0.0092956 0.00501047 -0.0130769 -0.0200583 -0.00682477 -0.0280783 0.0316792 0.0228133 -0.00568358 -0.015932 0.00990012 0.0213264 0.00608197 -0.00220931 -0.0320733 -0.0265284 0.00523505 -0.0113632 0.0354161 -0.0109073 0.0131079 0.0208036 -0.0419826 -0.0307373 0.00817226
internal_weight=527.403 437.331 404.417 210.446 90.072 193.97 83.2769 49.6221 110.694 47.3095 88.8799 33.6548 137.656 72.7908 52.7686 24.7441 20.0221 36.6117 32.0407 83.7854 39.2266 12.0449 27.8413 7.66825 26.7176 13.464 10.4655 57.0679 17.3759 6.18662
internal_count=12906 8030 7240 3250 4876 3990 1577 1121 2413 1472 2076 456 1881 1369 1057 184 312 540 511 2030 1002 175 478 77 395 186 71 1635 407 83
is_linear=0
shrinkage=0.05


Tree=81
num_leaves=31
num_cat=0
split_feature=20 34 39 12 43 47 4 29 37 33 29 4 41 17 43 21 10 38 17 27 11 48 15 11 4 43 15 33 2 20
split_gain=26.3265 22.298 19.3477 14.6416 13.817 13.8608 12.4718 12.1225 11.2507 10.6242 16.0768 14.769 13.2041 11.1263 10.5709 9.65646 9.62631 9.6171 10.5808 9.73155 9.60015 8.48596 8.05198 8.01922 7.87959 7.69234 7.17943 7.11513 9.08141 6.80304
threshold=-1.7325006723403928 0.9012073576450349 -0.59486195445060719 -0.91085758805274952 1.0844826102256777 0.12176237255334856 -0.1629451587796211 -1.5445601940155027 0.84832894802093517 -0.72107526659965504 -0.24600567668676374 -0.16295700520277021 -0.32938440144062037 -0.6223192811012267 0.063400514423847212 0.3225011825561524 -0.88629484176635731 -0.36641582846641535 -0.44670444726943964 1.3442657589912417 -0.24578555673360822 1.2556749582290652 -1.2392413616180418 0.013525833375751974 -0.16295688599348065 0.13788416981697085 -0.6046154499053954 -0.94835805892944325 -0.034551262855529778 -1.2476882338523863
decision_type=2 2 2 2 2 2 2 2 2 2 2 2 2 2 2 2 2 2 2 2 2 2 2 2 2 2 2 2 2 2
left_child=16 2 7 -4 5 8 22 -2 9 11 -11 -5 -13 -12 17 -15 -1 18 -9 27 24 -7 -6 -22 -17 26 -26 -19 -29 -24
right_child=1 -3 3 4 6 21 -8 14 -10 10 13 12 -14 15 -16 20 -18 19 -20 -21 23 -23 29 -25 25 -27 -28 28 -30 -31
leaf_value=-0.029842194866285188 -0.040889321343384605 -0.051040003885889099 -0.050108813242620502 0.085228085429448014 0.04886915896315381 -0.041470377087134004 0.046783016908922809 0.047476883362744589 -0.045526537702292015 -0.03053664180065176 -0.057123924248148376 -0.02711567792089415 0.085701041214472487 0.047140168747961994 0.034041021742045562 0.034527086920967155 0.039522601838880241 0.057706143543525712 -0.057974460707376163 0.033149861119061028 0.066333996989024521 0.040775448766539907 -0.13890780465570082 -0.011265259166003766 0.038925594001207486 -0.039368951492364336 -0.024911582094312337 -0.045246726658180497 0.0016585666069146088 -0.018611490402262929
leaf_weight=5.5519524370320132 9.46283076610416 23.548120826948434 19.681955953128636 3.3728227075189343 4.1573714390397098 40.948400906752795 22.132748000323772 18.897912387736145 15.165917814709244 21.269185651559383 4.7111111590638748 59.506142530124635 2.7117884885519734 26.202756052836776 57.02791253477335 11.489531937520949 50.470875767059624 3.042729038745164 2.7213224098086348 12.975933873094617 11.479826734401287 3.396402253303676 1.321552844252438 4.689300891943275 9.3843119922093994 15.401033637579529 8.299657643772667 20.4007543483749 20.881991578266028 10.617840668186542
leaf_count=84 122 2254 694 20 77 3175 325 168 297 995 55 575 14 233 890 139 930 16 41 119 67 96 11 66 96 247 272 263 221 401
internal_value=0.000268435 -0.00363353 -0.00110417 -0.00844238 -0.00547386 -0.00995518 0.0224281 0.0138305 -0.00418186 -0.00066943 0.00862668 -0.0166744 -0.0221985 0.0177145 0.0176393 0.0217696 0.0326484 0.00578744 0.0342032 -0.00493354 0.0108256 -0.0351711 -0.0110594 0.043829 -0.00114617 -0.0135345 0.00896475 -0.0160822 -0.0215207 -0.0319269
internal_weight=520.922 464.899 441.351 295.94 276.258 238.028 38.2295 145.411 193.683 178.517 112.927 65.5908 62.2179 91.6575 135.949 86.9464 56.0228 78.9206 21.6192 57.3014 60.7437 44.3448 16.0968 16.1691 44.5745 33.085 17.684 44.3255 41.2827 11.9394
internal_count=12963 11949 9695 7855 7161 6347 814 1840 3076 2779 2170 609 589 1175 1718 1120 1014 828 209 619 887 3271 489 133 754 615 368 500 484 412
is_linear=0
shrinkage=0.05


Tree=82
num_leaves=31
num_cat=0
split_feature=15 34 39 4 6 47 30 47 33 23 18 44 16 41 4 39 40 24 15 20 32 2 48 7 38 36 37 0 46 48
split_gain=26.7786 22.4685 22.1945 18.3247 26.2835 16.3324 13.9931 13.4124 16.8586 12.401 10.925 9.85261 12.539 9.01881 9.91828 8.65978 7.98594 7.55025 8.89732 8.8706 7.44478 8.67252 7.42908 7.09471 6.18085 5.90696 6.51475 8.29619 7.47265 8.99998
threshold=-1.1298549771308897 0.9012073576450349 -0.58352574706077565 -0.16290950030088422 -0.53485488891601551 0.05865111947059632 -0.24541483819484708 -0.16968556493520734 -0.6755104362964629 -0.20256330072879788 0.027890129014849666 -0.75210058689117421 -0.43093673884868616 -0.29295453429222101 -0.16295696049928662 0.22652295976877215 0.14079007506370547 -0.33267687261104578 -0.47966524958610529 -0.93584069609642018 0.18443517386913302 1.5193653106689455 -0.78038838505744923 -1.5822135210037229 -0.30468586087226862 0.98477688431739818 -0.73012837767601002 -0.7914823293685912 -0.016738138161599633 -0.68526270985603321
decision_type=2 2 2 2 2 2 2 2 2 2 2 2 2 2 2 2 2 2 2 2 2 2 2 2 2 2 2 2 2 2
left_child=-1 2 6 7 5 9 20 8 13 23 -8 -10 -13 14 16 -6 -4 18 -12 -19 -2 -22 -16 -5 -11 26 27 28 29 -21
right_child=1 -3 3 4 15 -7 10 -9 11 24 17 12 -14 -15 22 -17 -18 19 -20 25 21 -23 -24 -25 -26 -27 -28 -29 -30 -31
leaf_value=0.042523275035084691 0.0038345949879632184 -0.051011778948744202 -0.026382902650692982 -0.0009531079090320852 0.052890623097350847 -0.040922233081650938 0.04481792062554521 -0.038936598699464191 -0.039486574922435312 -0.057325242669321541 0.046669041354422784 -0.032760401780150349 0.028143434435652526 0.052728299115042232 -0.0079172857125429062 -0.035624112862907183 0.079536810039459685 0.047998758930823962 -0.042857717881147527 -0.26505959894167258 -0.071277578240278666 0.015975514391181812 -0.050284609031900657 0.068859888132941693 0.00054560282984417467 -0.06823185168410198 0.010479673463205713 0.0016582387539946801 1.2506518020567006e-05 -0.06936639471219215
leaf_weight=35.606969340704381 44.682774755172431 22.662593510467559 3.7763313092291346 5.5935828895308104 30.337427718564868 25.597235776949674 42.215309548191726 54.038999223150313 9.0784861273132247 5.5383701995015135 21.126344675198201 10.404913455247877 45.005211743526161 3.3272708784788838 14.014197565615175 3.040123773738741 3.3655312648043036 7.9849653095006934 3.194881514646112 0.98029473423957858 7.9399006124585849 4.4406849853694439 39.540498055517673 10.415368700399993 27.641437888145447 3.9123781342059365 23.7005754141137 5.1278522787615639 1.3151389192789791 1.4664053376764061
leaf_count=835 472 2261 37 91 356 1713 625 3426 302 116 248 86 475 21 113 92 18 134 40 14 173 33 470 60 380 40 233 53 17 14
internal_value=0.000682194 -0.00241218 -1.16007e-05 -0.00837366 0.00793456 -0.00853146 0.014451 -0.0180364 -0.00924801 0.00832431 0.0247935 0.00879619 0.0167069 -0.0274232 -0.031817 0.0448284 0.0235307 0.0125083 0.0349086 0.000262046 -0.00567184 -0.0399815 -0.0391979 0.044467 -0.00911419 -0.0101804 -0.00321144 -0.039713 -0.0961071 -0.147773
internal_weight=517.072 481.465 458.802 290.715 108.164 74.786 168.088 182.551 128.512 49.1888 111.024 64.4886 55.4101 64.0238 60.6966 33.3776 7.14186 68.8088 24.3212 44.4876 57.0634 12.3806 53.5547 16.009 33.1798 36.5026 32.5903 8.88969 3.76184 2.4467
internal_count=12948 12113 9852 7756 2808 2360 2096 4948 1522 647 1418 863 561 659 638 448 55 793 288 505 678 206 583 151 496 371 331 98 45 28
is_linear=0
shrinkage=0.05


Tree=83
num_leaves=31
num_cat=0
split_feature=15 4 4 17 47 39 43 38 7 48 15 42 17 17 20 36 47 41 22 40 43 26 4 43 4 38 43 17 33 27
split_gain=24.6317 19.7913 19.5863 20.8939 23.8765 20.0298 15.2812 14.075 13.7818 14.3932 13.0685 11.9572 9.78837 10.6412 9.78474 8.94161 8.76107 11.0698 11.3833 13.0987 10.2787 7.64784 7.43701 14.1394 7.61347 7.16702 8.79384 7.76507 7.03734 7.07106
threshold=-0.82820749282836903 -0.16295590251684186 -0.16281927376985547 0.039066325873136527 0.12659384310245517 -0.63780748844146717 0.55983591079711925 -0.30468586087226862 -1.623754024505615 -0.7639138102531432 -1.2392413616180418 0.47483141720294958 -0.58519524335861195 -0.41340944170951838 -0.20364689826965329 -2.4983243942260738 -0.24984482675790784 -0.23813481628894803 -0.29806399345397944 0.31504672765731817 0.057258194312453277 -0.71461310982704151 -0.16295684128999707 0.95102018117904674 -0.16295694559812543 2.3394932746887211 -0.12011675909161566 1.9986047744750979 -0.54622569680213917 0.07852958515286447
decision_type=2 2 2 2 2 2 2 2 2 2 2 2 2 2 2 2 2 2 2 2 2 2 2 2 2 2 2 2 2 2
left_child=1 6 5 15 7 11 -1 -5 9 -9 -8 -2 14 -14 -13 -4 17 18 -7 20 -20 -10 23 24 -12 27 -27 -11 -16 -30
right_child=2 -3 3 4 -6 16 10 8 21 25 22 12 13 -15 28 -17 -18 -19 19 -21 -22 -23 -24 -25 -26 26 -28 -29 29 -31
leaf_value=0.028207993450142011 -0.057505587521864 0.053156028114421709 -0.096821729825383271 -0.052039568573592071 -0.043738988535380066 -0.049296897868630341 0.049860144938873419 0.03372806406874209 -0.039093709202125446 -0.017364124123011034 0.045314046256178749 0.037850787370964034 0.037679896360190188 -0.045542364369746111 0.026681770255347282 0.045897979850718473 -0.042422327950253545 0.039579479355231435 0.039740148365979125 -0.056266919190520709 -0.025697524930130885 0.044643248888808496 -0.048939923655042045 -0.040348433684290627 -0.01168251981797204 -0.064723319517666356 0.069821047137630127 -0.079791510333929769 -0.078639163560803138 -0.0042259711559565457
leaf_weight=52.710427678190172 6.9158108229748896 31.235942479223013 1.1351249963045109 8.6737021524459106 27.866253269836307 24.972634617704898 8.3975093346089107 18.225009163841605 2.9636298110708585 21.10576602770016 12.624664182774724 6.8061461765319136 32.831359240226448 4.3499990371055892 3.8536518774926707 33.073035303503275 61.05082006379962 7.8432044195942572 15.118947272188963 9.1002256288193148 9.9506044560112041 34.113786162342876 13.757619196083395 17.626609951257706 10.932917710393665 1.7396514159627257 4.0229270234704009 6.5200182492844752 8.2779188952408678 5.1965523515827963
leaf_count=552 460 712 13 190 2170 483 195 284 91 372 205 81 316 64 23 417 4170 179 92 280 135 338 132 570 106 50 33 115 109 45
internal_value=0.000632816 0.0178278 -0.00648703 0.00653048 -0.00292954 -0.0170619 0.00831888 0.00875035 0.0146954 -0.00200998 -0.00823266 0.00481869 0.0118483 0.0279434 -0.0129479 0.0411621 -0.0287221 -0.0162358 -0.0236377 -0.00488497 0.0137666 0.0379501 -0.0171118 -0.00647956 0.0188623 -0.0215176 0.0292038 -0.0320977 -0.0329007 -0.049941
internal_weight=502.992 147.286 355.707 159.439 125.231 196.268 116.05 97.3645 88.6908 51.6134 63.3393 68.2314 61.3156 37.1814 24.1343 34.2082 128.036 66.9856 59.1424 34.1698 25.0696 37.0774 54.9418 41.1842 23.5576 33.3884 5.76258 27.6258 17.3281 13.4745
internal_count=12982 2472 10510 4073 3643 6437 1760 1473 1283 854 1208 1098 638 380 258 430 5339 1169 990 507 227 429 1013 881 311 570 83 487 177 154
is_linear=0
shrinkage=0.05


Tree=84
num_leaves=31
num_cat=0
split_feature=39 15 40 31 37 29 32 4 4 35 45 47 40 26 48 3 42 15 11 27 37 15 4 0 27 39 40 24 16 46
split_gain=24.5981 21.7048 19.8802 13.1202 12.6309 10.8395 9.6098 9.53579 10.3956 9.44046 9.28377 10.6071 8.50427 7.87386 7.70036 7.26844 7.24016 11.144 7.0067 6.99468 9.07499 6.94437 6.34242 7.61877 6.43499 6.29558 7.24003 6.46596 6.06138 10.5566
threshold=-0.54357796907424916 -0.82153180241584767 0.40716055035591131 -0.052195362746715539 0.19094795733690265 0.11239108443260194 -0.43363702297210688 -0.16295105963945386 -0.16295694559812543 -0.75451546907424916 -0.79803460836410511 0.033617906272411353 1.1806320548057558 -0.60488989949226368 -0.65024119615554798 -0.32917426526546473 0.13287264853715899 -0.45943021774291987 -0.30850027501583094 0.44103373587131506 -0.6285189390182494 -1.1418195962905882 -0.1629562899470329 1.0861812829971316 -1.5726665258407591 -0.38574926555156702 0.20299075543880465 -0.3255667239427566 -0.37605540454387659 -1.004968464374542
decision_type=2 2 2 2 2 2 2 2 2 2 2 2 2 2 2 2 2 2 2 2 2 2 2 2 2 2 2 2 2 2
left_child=1 -1 3 6 10 14 13 8 -6 -8 15 -12 16 -2 28 -5 -7 19 -11 20 -18 -20 24 -24 -15 26 -10 -27 -3 -30
right_child=2 5 -4 4 7 12 9 -9 25 18 11 -13 -14 22 -16 -17 17 -19 21 -21 -22 -23 23 -25 -26 27 -28 -29 29 -31
leaf_value=0.041605013668303048 -0.047187509814096668 -0.026584480581538856 -0.038260307705309929 -0.0064188646753302967 0.059818080117995415 0.037130102737641647 0.019977337842286221 0.046069858140824455 0.037159486310719352 -0.16638174625893898 0.012287135759957754 -0.040050982413475322 -0.053861516378562603 0.085598767971687181 -0.035669103351674905 -0.058322454988777306 -0.07473388741177675 -0.031014425905498584 0.050878200649745964 0.045222666387848491 0.016211785761080948 -0.047034979449381134 0.045550842713744412 -0.052084599472210016 -0.02561760416924266 -0.046143395449370836 -0.048559162947301761 0.05796076164898728 -0.086765751238959479 0.0217582194974607
leaf_weight=50.841609112918377 7.520689037628471 14.051268216222523 49.390913419891149 14.290336400736125 7.0092638731002799 33.029812975786626 6.4300895407795897 25.822687896434218 9.9156410247087461 1.1647049724124361 58.187284743413329 11.612576172687112 4.2200645110569885 1.4474488431587822 21.804440109524876 12.774812084157018 3.2619870994240072 13.950806616339831 1.9142698850482691 16.851906879805028 17.239581875503063 33.52991829905659 13.804904444608839 2.3361981618218115 12.821668778080493 11.656633348669855 3.2776438128203162 1.7104034195654101 2.4351149005815413 28.08852827642113
leaf_count=1058 347 127 3602 177 68 535 237 416 56 22 566 569 306 12 967 123 31 206 22 172 125 2021 155 104 330 315 30 27 23 222
internal_value=6.8243e-05 0.0132575 -0.00940088 -0.00339232 0.00507216 0.00395523 -0.0197272 0.0232267 0.00565514 -0.035898 -0.00605922 0.00357966 0.0154054 -0.00137877 -0.0113201 -0.0309175 0.0188716 0.00711666 -0.0457121 0.0213579 0.0017415 -0.0417469 0.00995009 0.0314195 -0.0143359 -0.00863844 0.0158642 -0.0328226 0.000590604 0.0131004
internal_weight=492.393 205.775 286.618 237.227 156.257 154.934 80.9699 59.3923 33.5696 43.039 96.865 69.7999 88.5542 37.9309 66.3794 27.0651 84.3341 51.3043 36.6089 37.3535 20.5016 35.4442 30.4102 16.1411 14.2691 26.5603 13.1933 13.367 44.5749 30.5236
internal_count=12971 3772 9199 5597 2347 2714 3250 912 496 2302 1435 1135 1375 948 1339 300 1069 534 2065 328 156 2043 601 259 342 428 86 342 372 245
is_linear=0
shrinkage=0.05


Tree=85
num_leaves=31
num_cat=0
split_feature=39 15 0 34 16 11 43 42 38 37 29 43 15 2 44 20 42 29 15 48 24 38 43 11 29 41 7 40 0 15
split_gain=24.1594 16.8566 15.4455 12.1636 12.388 13.2249 10.1673 10.6026 10.859 10.1489 9.19569 9.82696 11.9408 8.02204 7.9064 7.75533 7.67236 7.75674 7.63793 11.3499 8.6586 11.1188 11.857 11.3263 10.1565 8.34136 7.15236 10.9707 6.79335 6.60659
threshold=-0.14777062088251111 -1.1298549771308897 -1.1719459891319273 0.9012073576450349 -0.40014362335205073 -0.30798636376857752 1.0844826102256777 0.62712624669075023 -0.37393063306808466 -1.8289716243743894 -0.24600567668676374 0.3677379190921784 -0.80236974358558644 -0.79417580366134632 -0.079968433827161775 0.2132728844881058 0.7027442753314973 0.28870773315429693 1.9501791596412661 -0.76047945022582997 -0.26833581924438471 -0.36018833518028254 0.53710144758224498 -0.30376112461090082 0.14834615588188174 1.1113533377647402 -1.5199029445648191 -0.88694408535957325 -0.81148019433021534 -0.87876516580581654
decision_type=2 2 2 2 2 2 2 2 2 2 2 2 2 2 2 2 2 2 2 2 2 2 2 2 2 2 2 2 2 2
left_child=1 -1 13 4 16 14 7 8 -7 -9 -2 12 -12 -3 15 -6 17 -4 20 -20 21 23 -23 24 -10 -25 27 -22 -19 -17
right_child=10 2 3 -5 5 6 -8 9 18 -11 11 -13 -14 -15 -16 29 -18 28 19 -21 26 22 -24 25 -26 -27 -28 -29 -30 -31
leaf_value=0.042590176272412905 -0.047242313523813591 -0.056789858460451439 -0.040425320141409399 -0.050808378852862872 -0.04396867904547061 -0.046421011110510099 0.048725918151812764 -0.05243677958987833 -0.041027908380636871 0.032934552758229881 0.034809628516002299 0.0027974196220857763 -0.050527224243611071 0.047740570036560064 -0.16340993554590191 0.063802612132637243 0.034968064488173176 -0.02488269526585336 0.043253640581797509 -0.077018322214804202 0.029564144192186781 -0.041671513521730229 0.03743777912263016 0.031494252874349156 0.013504293333387658 0.14175112838932721 0.045966900067797418 -0.043722868687372102 0.018258018638137086 -0.054605846423951047
leaf_weight=28.901474624872208 26.457894634921104 1.9858900569379354 29.636898010969162 11.398099261801688 13.829533025622373 11.169429084751753 16.283176218159497 3.7444895245134822 12.720482969656578 49.520742639899254 4.9795872466638711 41.65297762490809 23.185518878977746 24.226607491262257 1.0745568312704552 3.732908733189106 6.6498581273481241 20.986730710603297 2.8518393039703369 6.2835834049619717 16.118060830980543 24.076333985663961 5.8965253182686856 17.978958440478895 25.970892531331629 1.8963313992135216 22.022423741407692 7.4745021522976449 16.14575396059081 1.7211828408762802
leaf_count=772 2873 23 595 1299 172 229 323 26 486 425 30 759 1700 470 5 18 135 264 46 164 172 767 84 248 282 21 257 178 147 52
internal_value=0.000257698 0.00586894 0.0028827 -5.86784e-05 0.00176158 0.00717272 0.0106793 0.00769689 0.00106331 0.026933 -0.0221402 -0.0126277 -0.0354397 0.0398212 -0.0314113 -0.0240558 -0.0162487 -0.0213496 0.0047647 -0.0394726 0.0077771 -0.00134042 -0.0261084 0.0113352 -0.00442415 0.042014 0.0254744 0.00634564 -0.00612447 0.0264357
internal_weight=480.573 384.297 355.396 329.183 317.785 244.366 224.008 207.725 154.459 53.2652 96.276 69.8181 28.1651 26.2125 20.3582 19.2836 73.4192 66.7694 143.29 9.13542 134.155 88.5395 29.9729 58.5667 38.6914 19.8753 45.615 23.5926 37.1325 5.45409
internal_count=13022 7660 6888 6395 5096 3955 3708 3385 2934 451 5362 2489 1730 493 247 242 1141 1006 2705 210 2495 1888 851 1037 768 269 607 350 411 70
is_linear=0
shrinkage=0.05


Tree=86
num_leaves=31
num_cat=0
split_feature=39 15 0 4 6 43 47 27 32 39 48 42 17 17 40 43 15 45 4 7 48 43 46 13 4 26 39 43 26 39
split_gain=22.9177 15.9848 14.3468 11.8791 17.17 15.8407 13.906 10.3226 9.04764 11.1731 9.12482 8.00383 7.9637 10.1125 7.97116 7.77837 7.51097 7.31513 6.86997 6.49613 8.04227 6.98498 6.49311 6.82107 6.45664 6.4178 6.36975 6.34666 6.92499 6.34253
threshold=-0.14777062088251111 -1.1298549771308897 -1.1719459891319273 -0.16269773989915845 0.79920241236686718 0.3102316707372666 -0.24984482675790784 0.039267748594284065 -0.12990811467170713 -0.61387506127357472 -0.4073371142148971 0.52384424209594738 -0.41768169403076166 -0.59076255559921254 1.0229940414428713 0.42291930317878729 -0.73576200008392323 1.2147341966629031 -0.16295696049928662 -0.89679610729217518 -0.75220593810081471 -2.7172762155532832 0.8681313991546632 0.28253532946109777 -0.16295637935400006 -0.61923059821128834 -0.54357796907424916 0.24643782526254657 0.023308950476348404 -0.61799225211143483
decision_type=2 2 2 2 2 2 2 2 2 2 2 2 2 2 2 2 2 2 2 2 2 2 2 2 2 2 2 2 2 2
left_child=1 -1 -3 4 6 19 8 -2 9 12 24 -6 13 -4 -15 16 -9 -7 -11 20 21 -5 23 -13 27 -17 -24 -10 -29 -25
right_child=7 2 3 5 11 17 -8 15 10 18 -12 22 -14 14 -16 25 -18 -19 -20 -21 -22 -23 26 29 -26 -27 -28 28 -30 -31
leaf_value=0.042817448653974993 -0.038907205094217051 0.039817933914174763 -0.053970278812790151 -0.10291190575010539 -0.048450895814617173 0.043800690518679297 -0.04040793849179148 0.0274794809260357 0.036376155793272441 0.026506595933778149 0.083212567941918725 0.032993024368570559 -0.052821914655451274 0.043267327547908088 -0.057026000853455841 -0.050420157307163108 -0.042725917696990239 -0.014476729770826178 -0.046109309225816283 0.024913390410879407 -0.030395662415882187 0.037837714152345193 0.036816555841433229 0.032432627831187263 -0.024173793936539834 0.022779585140542805 -0.030530078889771124 0.02226631004135635 -0.064405369083389494 -0.039355529441017861
leaf_weight=26.806053379550576 46.022864179685712 24.294235736131668 4.1958704632707002 0.98304864764213462 5.07779477816075 39.810051145032048 42.517049857415259 4.8749057725071934 16.955827047117058 3.6510981731116763 3.9559381962753823 46.686269152443856 5.0456635388545683 17.110745598562065 2.2405714355409136 3.4590176278725293 17.435837197117507 6.2269568075425914 30.182863784022629 13.273432711604981 26.129196886904541 8.5312226545065588 4.9583201315254 5.3934655101038516 13.739563205745069 22.291926803532988 12.028207139112054 5.3858978962525708 4.0284340269863605 7.1630662814713997
leaf_count=758 3627 479 45 12 305 622 2203 57 168 30 56 458 104 129 165 148 1228 101 417 230 736 77 49 57 166 286 130 48 39 67
internal_value=8.95605e-05 0.00560713 0.00275369 -1.461e-05 -0.00614988 0.0148669 -0.0162343 -0.0219826 -0.00658296 -0.0188275 0.0107636 0.0123315 0.00418257 0.0163974 0.031655 -0.00577603 -0.027386 0.0359181 -0.0382732 -0.00494499 -0.0160641 0.023295 0.0163804 0.0241943 0.00361812 0.012947 -0.0108718 0.0180985 -0.0148209 -0.00852003
internal_weight=470.455 376.371 349.565 325.271 230.317 94.9539 149.01 94.0846 106.492 62.4268 44.0657 81.3071 28.5929 23.5472 19.3513 48.0617 22.3107 46.037 33.834 48.9169 35.6435 9.51427 76.2293 59.2428 40.1097 25.7509 16.9865 26.3702 9.41433 12.5565
internal_count=12997 7651 6893 6414 4636 1778 3570 5346 1367 890 477 1066 443 339 294 1719 1285 723 447 1055 825 89 761 582 421 434 179 255 87 124
is_linear=0
shrinkage=0.05


Tree=87
num_leaves=31
num_cat=0
split_feature=34 27 42 21 24 15 31 39 28 48 26 39 43 0 48 43 2 27 38 47 45 32 10 5 37 26 48 27 5 1
split_gain=20.3531 18.9017 12.8615 11.6094 11.0441 9.89439 9.88185 7.93504 8.75759 7.39839 7.24942 7.13688 8.19933 7.01328 8.14103 7.1371 6.92976 6.41113 6.1732 6.12969 7.56584 5.99679 5.77626 6.13308 5.6917 5.5443 5.27708 6.22663 5.22572 4.92907
threshold=0.9012073576450349 -0.023420455865561959 0.68091887235641491 0.48350192606449133 -0.34154251217842096 -0.93888697028160084 -0.29241180419921869 -0.42595286667346949 0.52467752993106853 0.33750046789646154 -0.44798959791660303 -0.54775744676589955 0.63457834720611583 -1.1601777076721189 -0.70103710889816273 1.2046210169792178 -0.87311980128288258 -0.034011123701930039 2.4277124404907231 0.033617906272411353 -0.75976788997650135 -0.11081409826874732 -0.21268919110298154 -0.64570358395576466 0.87925717234611522 -0.61923059821128834 -0.7770833671092986 0.97447746992111217 -0.62897163629531849 -1.9504678249359129
decision_type=2 2 2 2 2 2 2 2 2 2 2 2 2 2 2 2 2 2 2 2 2 2 2 2 2 2 2 2 2 2
left_child=1 3 4 7 9 28 10 24 -9 -3 -6 -8 19 -7 29 17 -12 18 -16 20 -13 -19 23 -10 -1 -14 -18 -28 -5 -15
right_child=-2 2 -4 5 6 13 11 8 22 -11 16 12 25 14 15 -17 26 21 -20 -21 -22 -23 -24 -25 -26 -27 27 -29 -30 -31
leaf_value=0.028973044111106207 -0.050858529664937119 -0.045808380785318584 0.043640650327653824 -0.038293483541274091 -0.056823726374257755 0.035763202665125733 0.029611794614705918 -0.043889012642674745 -0.045395040875098824 0.05613085928816236 -0.07320014523078669 -0.020823554204020905 -0.032413824810752438 0.091555139828538468 -0.037878345949391434 0.035528950075666962 0.03799489148743123 -0.40664375316210627 0.050485703873980575 -0.029982090894955377 0.017794026003366641 -0.097066490783097092 -0.036788677473570681 0.049179096699050934 -0.027415915611345196 0.039988116831693628 0.013267305038308003 -0.050935310009663282 0.026676512411921829 -0.0067484491986051559
leaf_weight=36.257704261690378 18.302761231549084 13.569151972886173 28.779448025859892 3.7960478733293739 7.360197552945464 4.8403844935819498 62.984608032740653 12.365471990313381 2.1114895502105346 2.0486181601881972 2.9883409943431642 17.858088902197778 2.9735091491602388 1.343369092792275 73.10510372556746 3.5490083601325741 9.0314371082931775 0.20945205539464951 2.0314325531944624 14.061070635449139 43.768050422426313 0.6179483337327828 4.2962448457255968 9.1119402698241156 5.1050862399861208 23.872007031925023 10.623024894390257 5.8595528663136056 16.758746531326324 25.116080138832331
leaf_count=430 2241 234 879 188 444 71 911 405 146 28 87 220 54 5 3698 99 59 5 19 737 474 18 86 118 52 284 305 197 249 236
internal_value=0.000818955 0.00293781 0.0122333 -0.00845028 0.00806792 -0.0171831 0.0112092 0.00811634 -0.0124975 -0.0324368 -0.0125856 0.0163648 0.00822737 -0.023093 -0.0257813 -0.0337757 -0.00116193 -0.0370136 -0.0354893 -0.000193419 0.00660338 -0.175434 0.012514 0.0313866 0.0220134 0.0319686 0.00727558 -0.00955671 0.0146779 -0.00175749
internal_weight=464.695 446.393 245.777 200.616 216.998 131.368 201.38 69.2479 27.8851 15.6178 35.8626 165.517 102.533 110.813 105.972 79.5129 28.5024 75.9639 75.1365 75.6872 61.6261 0.8274 15.5197 11.2234 41.3628 26.8455 25.514 16.4826 20.5548 26.4594
internal_count=12979 10738 4913 5825 4034 4588 3772 1237 755 262 1092 2680 1769 4151 4080 3839 648 3740 3717 1431 694 23 350 264 482 338 561 502 437 241
is_linear=0
shrinkage=0.05


Tree=88
num_leaves=31
num_cat=0
split_feature=39 15 4 17 47 42 7 47 45 31 17 39 7 48 42 36 44 6 27 33 47 6 3 10 48 35 38 42 2 39
split_gain=21.117 17.7622 17.8096 17.8112 17.6214 12.5515 11.9274 10.604 10.4466 10.2412 10.4003 9.37675 8.67873 9.76866 8.17921 8.00609 7.85959 7.46591 6.26621 6.037 7.61939 5.81786 7.29574 6.75803 5.13935 5.12996 5.1157 5.10421 7.06958 5.77874
threshold=0.21651837229728702 -1.1298549771308897 -0.16290950030088422 0.29764714837074285 -0.082723870873451219 -0.24841122329235074 0.72328144311904918 0.12659384310245517 -0.72132948040962208 1.2544764876365664 -0.59076255559921254 -0.61387506127357472 -1.623754024505615 -0.7639138102531432 0.48727639019489294 -2.4983243942260738 -0.95600152015686024 -1.7221619486808775 -1.5986427664756773 -0.59390932321548451 -0.20817796885967252 0.72969585657119762 -0.35649438202381128 -0.40816056728363032 -0.7487184703350066 -0.694757580757141 -0.37535725533962244 0.7027442753314973 -0.094156228005886064 -0.499325081706047
decision_type=2 2 2 2 2 2 2 2 2 2 2 2 2 2 2 2 2 2 2 2 2 2 2 2 2 2 2 2 2 2
left_child=1 -1 4 15 6 7 8 12 11 10 27 24 13 -5 -12 -4 -8 -15 -13 25 -21 -6 23 -23 -3 -16 -18 28 -10 -30
right_child=-2 2 3 5 21 -7 16 -9 9 -11 14 18 -14 17 19 -17 26 -19 -20 20 -22 22 -24 -25 -26 -27 -28 -29 29 -31
leaf_value=0.042854497149219198 -0.033090255487296501 0.032072285172220459 -0.072131725827963261 0.035356554490689723 -0.051933860569998491 -0.04265355193038825 -0.044216118088757743 -0.043676851098253075 -0.066533047094304146 0.027770228430412366 -0.053781962647153438 0.073804998048333223 0.047919937096744358 -0.061624814506357498 0.037116154338165203 0.041865388196497932 -0.021781359496684798 0.0017465665604560214 -0.033708734967791226 0.041112201902669003 -0.027752543728470108 -0.039145339569166389 -0.042544283485350637 0.058551441563865075 -0.018287842660596874 -0.03022462374634945 0.043042329891523561 0.029280400187736796 0.0010788429514998891 -0.070941454412575419
leaf_weight=27.455043163150549 42.30286971735768 10.985057499259712 1.5873363744467486 15.883341537788505 24.288721413817257 13.594762313645331 3.4588463441468766 7.9900877559557548 10.972053970675921 32.481272520497441 4.6487003057263783 1.3910200637765218 16.844968434423208 6.3682035068050018 3.9616406150162211 51.849500640761107 3.4468571757897761 17.202553517185159 52.690165388397872 23.474822131451219 4.8458183621987727 2.7984460568986833 9.830403858330099 4.8170504998415735 9.4022575430572015 9.8842412289231998 26.010259859263897 3.4225791543722144 12.76460200361908 3.5626069270074323
leaf_count=789 3237 100 18 277 2134 358 97 600 148 450 350 12 161 96 34 866 43 275 786 209 192 217 560 113 203 140 308 33 115 43
internal_value=0.000573578 0.00398117 0.00124779 0.0162484 -0.00635393 0.000995704 -0.000641231 0.0102259 -0.00558811 0.00420068 -0.0056729 -0.0200499 0.0178759 0.00504856 0.00916144 0.0384791 0.027085 -0.0153747 -0.0309434 0.0161007 0.0293291 -0.0361124 -0.0140852 0.0226511 0.00884711 -0.0109568 0.0354571 -0.0282781 -0.0354944 -0.014636
internal_weight=460.216 417.913 390.458 131.321 259.137 77.8839 217.403 64.2892 184.487 110.018 77.5371 74.4685 56.2991 39.4541 46.8152 53.4368 32.916 23.5708 54.0812 42.1665 28.3206 41.7346 17.4459 7.6155 20.3873 13.8459 29.4571 30.7218 27.2993 16.3272
internal_count=12964 9727 8938 2651 6287 1767 3263 1409 2815 1714 1264 1101 809 648 925 884 448 371 798 575 401 3024 890 330 303 174 351 339 306 158
is_linear=0
shrinkage=0.05


Tree=89
num_leaves=31
num_cat=0
split_feature=34 42 0 21 4 17 47 6 27 42 6 1 12 16 47 39 0 2 48 48 43 42 15 24 16 26 43 17 34 27
split_gain=18.6943 16.5 14.5819 15.0073 12.7542 16.9267 15.0685 13.6875 10.4733 10.361 9.68495 8.47283 7.91358 7.46705 7.45476 6.5956 6.39821 6.23076 6.17102 6.16912 5.9381 7.65269 6.85155 5.61063 5.58129 5.54788 5.46458 5.44172 5.19852 7.10552
threshold=0.9012073576450349 0.7027442753314973 -1.1863840818405149 0.45415681600570684 -0.16291869431734082 0.039066325873136527 0.12176237255334856 0.79161822795867931 0.37562772631645208 0.59725430607795726 -1.7674273848533628 -0.54725375771522511 -0.90153601765632618 -0.22967214882373807 -0.38813444972038263 -0.68808946013450611 -1.0021803975105283 -0.74052843451499928 -0.22811964154243466 -0.7639138102531432 0.53710144758224498 0.57632228732109081 -1.0629367828369138 -0.34193089604377741 -0.51658663153648365 -1.1167582273483274 -1.1438034176826475 1.4844659566879275 -0.11575765907764433 -0.37043400108814234
decision_type=2 2 2 2 2 2 2 2 2 2 2 2 2 2 2 2 2 2 2 2 2 2 2 2 2 2 2 2 2 2
left_child=1 2 -1 10 7 26 8 14 11 -9 -4 17 15 18 16 -12 -5 -7 20 -13 21 -14 23 -22 -11 -15 -6 -21 29 -18
right_child=-2 -3 3 4 5 6 -8 9 -10 24 12 19 13 25 -16 -17 28 -19 -20 27 22 -23 -24 -25 -26 -27 -28 -29 -30 -31
leaf_value=0.046475441963437537 -0.050841548193982455 0.042418038821713244 -0.04590509474700178 -0.062385689430616502 -0.09246707831864151 -0.07164280805989405 -0.04934710393098285 -0.029742457943628117 0.037871466759809812 -0.059521678329077482 0.011914875912689582 0.035288875783297771 -0.029197904189542809 -0.015039894213143033 -0.040638665586256173 -0.041456496492279393 -0.059041633720340908 0.041054830875272619 0.047722350711101265 -0.030219745479862455 -0.10133659275914245 0.023297722912103982 -0.044931647352500298 0.047451325355757745 0.020246454847020159 0.033915134236237814 0.049042601595199797 -0.10481888258667958 0.024645362950590066 0.0060956147354334278
leaf_weight=16.124399922788143 17.244563058018684 24.13425272796303 7.4280510018579653 5.2161684874445191 0.70571469375863927 1.4335520793683816 15.917195746907963 18.863920588977635 17.211753633804619 2.3334141145460299 11.775057510938497 2.7551723886281279 9.208172847516833 6.4104371652938417 61.299576583784074 11.38607390411198 6.8167582848109332 8.4896744722500461 7.4402131163515142 11.293396332766859 0.74709114432334889 28.213727231603116 12.354077317286281 4.170944093726578 36.411143580451608 59.53065835358575 20.492224655579776 3.1199612352065733 11.084831956773995 10.851684132590892
leaf_count=323 2235 821 201 35 12 38 1444 904 276 21 94 39 172 279 3022 307 71 85 208 168 6 287 129 57 363 836 256 69 110 101
internal_value=0.000211563 0.00224376 -0.000126345 -0.00203856 -0.0100795 0.00590595 -0.00762001 -0.0185929 0.00737155 0.00064658 0.00983525 -0.0120055 0.012573 0.0174368 -0.0302269 -0.0143226 -0.0114382 0.024774 0.00499951 -0.0332636 -0.000812221 0.0103805 -0.0250624 0.0248492 0.0154424 0.029156 0.0443315 -0.0463677 -0.00219576 -0.0190353
internal_weight=450.464 433.219 409.085 392.961 234.296 81.4186 60.2207 152.877 44.3035 57.6085 158.665 27.0918 151.236 128.075 95.269 23.1611 33.9694 9.92323 62.1342 17.1685 54.694 37.4219 17.2721 4.91804 38.7446 65.9411 21.1979 14.4134 28.7533 17.6684
internal_count=12969 10734 9913 9590 7014 2387 2119 4627 675 1288 2576 399 2375 1974 3339 401 317 123 859 276 651 459 192 63 384 1115 268 237 282 172
is_linear=0
shrinkage=0.05


Tree=90
num_leaves=31
num_cat=0
split_feature=27 6 31 21 4 42 47 39 43 44 34 5 29 43 2 36 21 37 14 37 39 35 15 7 33 6 2 27 0 20
split_gain=19.3746 17.5971 12.9447 11.5232 11.1818 13.5267 8.18339 7.39813 9.85337 6.87013 6.63581 6.4764 12.0096 7.45201 6.95754 6.42362 6.08794 5.74477 5.43717 5.28324 6.51228 6.17306 5.44867 5.28788 5.16278 6.70006 5.75543 5.00296 5.07319 9.38748
threshold=0.54775077104568493 0.79920241236686718 -0.29241180419921869 0.31916128098964697 -0.16295392811298368 0.59725430607795726 -0.5517141819000243 -0.51360315084457386 -1.3104872107505796 -0.94705253839492787 0.9012073576450349 -0.23220443725585935 -1.1821035742759702 1.0527433156967165 1.5193653106689455 -2.4243401288986202 0.36001810431480413 -1.5795329809188841 0.70094478130340587 0.21586903929710391 -0.52590650320053089 -0.33304478228092188 -1.188168942928314 0.6194303333759309 -0.79888981580734242 0.71688160300254833 -0.87311980128288258 1.4966446161270144 -0.63850218057632435 -1.4484354257583616
decision_type=2 2 2 2 2 2 2 2 2 2 2 2 2 2 2 2 2 2 2 2 2 2 2 2 2 2 2 2 2 2
left_child=1 3 24 7 5 16 -4 8 15 -8 27 -5 -13 14 -14 -1 18 -17 -3 20 -7 -22 -23 -21 26 -26 -2 28 29 -11
right_child=2 4 6 11 -6 19 9 -9 -10 10 -12 12 13 -15 -16 17 -18 -19 -20 23 21 22 -24 -25 25 -27 -28 -29 -30 -31
leaf_value=-0.13555262635144161 -0.066881307774512164 0.040791444800715622 -0.019038158171895015 -0.040415875561656399 0.051922675895288165 0.041543875399218881 -0.023799647365902871 -0.015400883638585312 0.031283217880626865 0.04195277758112103 -0.050902002361942672 0.058438095846621643 -0.031792799087082352 0.027573624122876329 0.011100244773389048 0.052987917547931113 -0.049230235955484078 -0.058970592995766791 -0.056465010675459185 -0.011257310945074712 0.012917360366636569 0.045736642109889314 -0.056928662291146542 0.04467789260646373 -0.052377302011316608 0.04053543669265286 0.020296163733963358 0.044056341145942021 0.039514155519254482 -0.0060164508351562562
leaf_weight=1.3470816649496553 2.2666525063104919 4.4159240094013521 11.300330676138399 40.56739392131567 14.406162610277532 7.7085340395569828 6.6834896197542539 31.420588771812618 27.1779396943748 16.157840028405186 2.580374627839773 5.0702532823197535 64.357412355253473 7.2518999376334241 11.082101595588027 1.9831887036561964 14.06268359394744 2.713450542651116 2.130335140042007 5.3144984901882735 11.441766649484638 1.5290361661464 8.3491536485962499 20.614982063416392 11.800199637189506 2.3221222511492661 11.492721426766368 41.075848098378628 26.117020276375115 27.656420619226996
leaf_count=15 49 63 255 3144 250 109 153 957 465 376 315 76 2196 115 302 7 971 94 77 45 70 28 110 162 689 53 138 783 411 511
internal_value=0.00114623 -0.00670876 0.0150847 -0.0152231 0.0115525 0.00385628 0.0216428 0.00199219 0.0184423 0.025465 0.0283638 -0.0238948 -0.016258 -0.020838 -0.0254918 -0.0393018 -0.0306889 -0.0116953 0.00914148 0.0168105 0.0021588 -0.0120814 -0.0410372 0.0332134 -0.0158625 -0.0370997 0.00593497 0.0302063 0.0220712 0.0116737
internal_weight=442.397 282.944 159.453 192.971 89.9731 75.5669 131.571 64.6422 33.2217 120.271 113.588 128.329 87.7617 82.6914 75.4395 6.04372 20.6089 4.69664 6.54626 54.958 29.0285 21.32 9.87819 25.9295 27.8817 14.1223 13.7594 111.007 69.9313 43.8143
internal_count=12989 9256 3733 7371 1885 1635 2804 1538 581 2549 2396 5833 2689 2613 2498 116 1111 101 140 524 317 208 138 207 929 742 187 2081 1298 887
is_linear=0
shrinkage=0.05


Tree=91
num_leaves=31
num_cat=0
split_feature=27 6 31 39 46 4 42 21 43 2 0 48 25 43 39 42 10 5 41 21 9 4 35 25 27 30 43 2 3 27
split_gain=17.7764 14.0963 11.1701 10.022 9.47189 9.2715 9.6154 8.96303 6.66453 6.52543 6.24493 6.89102 6.74224 6.15778 9.50809 6.13964 6.89186 7.32691 7.93848 6.10323 5.96389 5.23903 5.05596 8.4965 4.9435 4.91892 4.68824 5.33302 4.4762 4.40984
threshold=0.54775077104568493 0.79920241236686718 0.77738410234451305 -0.49526458978652949 0.41840150952339178 -0.16295043379068372 0.59515744447708141 0.50402611494064342 1.0000000180025095e-35 -0.87311980128288258 -1.1381024122238157 -0.71278291940689076 0.10513158515095712 0.40847934782505041 -0.11754783615469931 0.67521971464157116 -0.54467022418975819 0.25284613668918615 -0.29295453429222101 0.34270085394382482 -1.2587570548057554 -0.16295707970857617 -0.39525534212589258 -1.3451120257377622 1.5996467471122744 -0.11259071156382559 1.2557321786880495 2.1845672130584721 -0.13614693284034726 0.61205598711967479
decision_type=2 2 2 2 2 2 2 2 2 2 2 2 2 2 2 2 2 2 2 2 2 2 2 2 2 2 2 2 2 2
left_child=1 3 4 7 9 6 19 20 -8 -2 -9 12 -12 14 24 16 17 18 -10 -3 -1 -6 -18 -24 -4 -5 27 -27 -14 -11
right_child=2 5 13 25 21 -7 8 10 15 29 11 -13 28 -15 -16 -17 22 -19 -20 -21 -22 -23 23 -25 -26 26 -28 -29 -30 -31
leaf_value=-0.10595828266134062 -0.068910216987327674 0.012508920374965628 0.010246282177135165 -0.042762932461978626 -0.19771875281860835 0.050514076244540886 0.044929744512484056 0.041389478985992878 -0.04343864025046653 0.057367225524597977 0.0215902269536094 -0.032712512285653521 -0.077160468029614709 0.040858068153109731 -0.043009393267074113 0.048640414439358043 0.00089385435542674611 0.059821346139104149 0.064417023386316843 -0.044762979437938638 0.019408397308958932 -0.029842888583739048 0.062731626541785532 -0.069820933866501886 0.043652904939269696 -0.026601409582167709 0.03190287039192518 0.030395105761467228 0.022955314083575807 0.0080326666368484047
leaf_weight=0.97495778370648523 2.5108475266024461 6.947944669984282 31.764972679782659 31.41206289245747 0.47836428135633724 11.810124790295957 13.182682662270961 4.4798512142151585 5.6345413858070961 5.1594128441065541 14.396024457179012 36.72156351711601 3.4920342280529439 36.496310670860112 6.3815210829488924 6.4901352338492861 10.014760158956047 6.7387279998511067 2.4469456183724061 14.075514390598983 35.155236906372011 16.32306009856984 1.4213707298040343 8.088878347072761 17.001213035080582 53.499549965839833 4.2964186277240506 4.4450798896141341 1.6411767676472653 37.106683944817632
leaf_count=33 98 146 566 3300 4 206 89 105 99 79 106 1130 45 899 313 120 69 32 29 964 599 490 5 100 270 1894 44 72 26 959
internal_value=0.000191197 -0.00735966 0.0138599 -0.0149703 -0.00260944 0.00933472 0.00285386 -0.00369389 0.0140196 0.00940269 -0.0154254 -0.0199502 0.00404727 0.0249261 0.0143825 0.00404097 -0.00438688 0.0213214 -0.0107817 -0.0258355 0.0160254 -0.0346226 -0.0239004 -0.0500101 0.0218927 -0.0266329 -0.0184924 -0.0222291 -0.0451517 0.0140549
internal_weight=430.588 277.366 153.222 190.514 61.5784 86.8516 75.0415 96.8608 54.018 44.7769 60.7307 56.2508 19.5292 91.644 55.1477 40.8354 34.3452 14.8202 8.08149 21.0235 36.1302 16.8014 19.525 9.51025 48.7662 93.6531 62.241 57.9446 5.13321 42.2661
internal_count=12891 9213 3678 7354 1630 1859 1653 2044 543 1136 1412 1307 177 2048 1149 454 334 160 128 1110 632 494 174 105 836 5310 2010 1966 71 1038
is_linear=0
shrinkage=0.05


Tree=92
num_leaves=31
num_cat=0
split_feature=39 20 34 4 43 47 32 46 17 7 34 38 27 4 6 4 1 6 43 15 0 3 20 17 2 37 23 48 7 14
split_gain=21.0163 15.4002 11.7282 11.5938 18.6094 13.1724 9.60501 14.9043 13.167 8.83517 9.13684 12.1844 9.97198 8.66645 8.60933 8.38265 7.77594 7.57974 7.3891 7.16391 7.13349 7.07615 10.4038 7.19205 6.80418 6.73916 6.72781 6.3009 6.16441 5.49744
threshold=0.044347239658236511 -1.7735249996185301 0.9012073576450349 -0.16295392811298368 -0.24670948833227155 -0.16968556493520734 -0.094341807067394243 0.95194733142852794 -0.58519524335861195 -1.5199029445648191 -1.0469499230384824 2.3394932746887211 -0.091685134917497621 -0.16295637935400006 0.67127728462219249 -0.16295700520277021 1.4346964359283449 0.3050395548343659 0.53710144758224498 -0.82820749282836903 -0.41653697192668909 -0.35425135493278498 -1.6667568087577818 -0.5549207031726836 -0.86492618918418873 -0.87883764505386341 2.1372041702270512 -0.57291698455810536 0.6609708070755006 -1.798831522464752
decision_type=2 2 2 2 2 2 2 2 2 2 2 2 2 2 2 2 2 2 2 2 2 2 2 2 2 2 2 2 2 2
left_child=1 24 3 5 20 6 7 15 13 10 -6 12 -12 17 -7 -3 -9 -8 19 -17 25 23 -23 -16 -1 -5 28 -20 -21 -2
right_child=29 2 -4 4 9 14 8 16 -10 -11 11 -13 -14 -15 21 18 -18 -19 27 26 -22 22 -24 -25 -26 -27 -28 -29 -30 -31
leaf_value=-0.047697655166281418 0.034239159836397672 0.043293045369510647 -0.050777252527429075 -0.066862359866435503 0.050164109676185675 -0.054456648763758657 -0.054705741447987712 -0.05665201563046976 0.043147930313407551 0.040177286092778292 -0.063437147857072981 0.060761433234242795 0.0070751229345118105 -0.04339813501797523 0.064887868174981697 0.036970504091256955 0.03347099846484116 0.022787766527495822 -0.039780121934776876 -0.033024347201835363 -0.047855790338977966 -0.50286520464504381 -0.030305203288044022 -0.025639138197402479 0.038995880556415584 0.01431491145766973 0.048253787664828296 0.026909096928781948 0.015193226582072797 -0.033200830586553758
leaf_weight=2.4109788350760928 3.212030792143195 10.526193043682722 10.745415520388631 3.0520463627763119 9.1678074672818166 19.558260460849851 3.6724887611344483 18.755966907367114 26.884204951114953 50.99273464595899 9.3426370620727557 5.1223526988178483 10.822284398600461 9.7380414982326311 5.0125909713096917 13.933039166033266 2.7435361938551059 22.413737409748137 19.149616537149999 17.819819347001616 12.280996487010269 0.11783948354422946 10.027760843280701 3.9018103107810038 36.95067435503006 15.752254506573083 4.9187509384937576 4.3456121454946688 10.554706984199582 51.02169942506589
leaf_count=37 84 160 1511 59 159 1431 37 270 283 894 271 64 214 107 52 114 25 303 195 277 353 2 460 259 831 235 39 67 133 4029
internal_value=-0.00013529 0.00411771 0.000605302 0.00232743 0.0149099 -0.00485756 0.00127955 -0.00813189 0.0167001 0.0269613 0.00740196 -0.0081013 -0.025594 -0.00314759 -0.0311513 0.00166411 -0.0451515 0.011878 -0.00453194 0.00686761 -0.0182173 -0.0072368 -0.0357939 0.0252644 0.0336857 0.00113937 -0.00573027 -0.0274455 -0.0150885 -0.0292066
internal_weight=424.948 370.714 331.353 320.607 116.533 204.074 165.456 102.747 62.7085 85.4478 34.4551 25.2873 20.1649 35.8243 38.6183 81.2477 21.4995 26.0862 70.7215 47.2263 31.0853 19.06 10.1456 8.9144 39.3617 18.8043 33.2933 23.4952 28.3745 54.2337
internal_count=12955 8842 7974 6463 2249 4214 2010 1280 730 1602 708 549 485 447 2204 985 295 340 825 563 647 773 462 311 868 294 449 262 410 4113
is_linear=0
shrinkage=0.05


Tree=93
num_leaves=31
num_cat=0
split_feature=39 15 0 16 44 48 34 45 4 42 39 45 16 6 27 43 47 41 44 36 38 7 32 15 2 39 48 48 42 7
split_gain=18.1927 13.882 12.2465 11.7366 10.4552 9.10244 9.00873 7.25722 8.75037 10.8626 10.9113 9.14507 8.66415 7.24418 7.25049 6.8211 6.74506 7.22783 6.4692 6.19525 6.09259 5.4827 5.33499 5.32128 5.08974 4.93993 4.89027 4.81649 5.50015 5.07739
threshold=0.16264390945434573 -1.0629367828369138 -1.1601777076721189 -0.38691405951976771 -1.009598910808563 -0.82761499285697926 0.9012073576450349 1.3473826050758364 -0.16290950030088422 0.48727639019489294 -0.56764826178550709 -0.71346652507781971 -0.38388100266456598 0.93672093749046337 -1.1922013163566587 0.28616891801357275 -0.23300753533840177 1.5067873001098635 0.91750076413154613 -2.4243401288986202 2.3394932746887211 0.8063623607158662 -0.23018766194581983 -0.75411760807037342 -0.79417580366134632 -0.69383072853088368 -0.7639138102531432 -0.22229865193367002 -0.029830957762897011 -1.5822135210037229
decision_type=2 2 2 2 2 2 2 2 2 2 2 2 2 2 2 2 2 2 2 2 2 2 2 2 2 2 2 2 2 2
left_child=1 -1 24 18 5 -5 7 8 9 12 -11 13 -6 14 -12 27 22 -18 -4 -20 26 -16 -13 -15 -3 -21 -9 28 29 -10
right_child=-2 2 3 4 6 -7 -8 20 15 10 11 16 -14 23 21 -17 17 -19 19 25 -22 -23 -24 -25 -26 -27 -28 -29 -30 -31
leaf_value=0.034963535371162195 -0.030359952466021939 -0.034792916231357558 -0.030244352104273238 0.034864536063355871 0.16127479234038855 -0.037729299238146163 -0.050612649567407499 0.053950820979993708 -0.0073578465277006544 0.031419029449716585 0.056730389708681266 0.0061026298499697318 -0.053503794028798984 0.02370765084697421 -0.04760982382786566 0.04091204777411804 -0.023435574625047376 0.08521794359234601 -0.075550002720844917 0.021874260320948472 0.031621335035167203 0.054807282078202714 0.050584911260383406 -0.043711000880411681 0.041825632595736927 -0.022673299148957767 -0.062325945800749072 -0.041560901029530958 -0.054648947928429337 0.052644083324977137
leaf_weight=33.949352527968585 41.649560421006754 2.3905293876305249 45.765304423635826 5.3034426486119655 0.49245707364752789 23.243097791913897 6.359389492776244 1.0214012525975693 5.8591535994783088 38.286709664389491 2.0358435520902303 12.256657471414657 10.095522641902788 12.943830988835545 22.279316864907738 37.866001693531871 13.427138766972357 1.7275196150876571 2.5116934604011503 18.010589484591044 3.1814545523375264 1.3881604485213745 14.97766225598752 3.7819890435785046 23.237388326786458 9.5087363398633844 7.8835903988219789 4.3242079541087142 2.2839401438832292 8.8530459376052004
leaf_count=989 3497 34 1022 35 3 949 1025 12 95 438 38 137 842 78 392 553 760 35 45 184 48 11 102 103 535 354 363 144 34 83
internal_value=0.000991545 0.00447134 0.00143822 -0.00126046 0.00415906 -0.0242426 0.00799567 0.00981409 0.0121693 0.00508331 0.00926308 -0.000738062 -0.0435142 -0.0171483 -0.0338143 0.0281753 0.0156877 -0.0110499 -0.0184115 -0.000379093 -0.0277704 -0.0416028 0.0305659 0.00846316 0.0346788 0.00648177 -0.048989 0.00555417 0.0175413 0.0287482
internal_weight=416.895 375.245 341.296 315.668 239.872 28.5465 211.325 204.966 192.879 133.693 123.105 84.8181 10.588 42.4291 25.7033 59.1863 42.389 15.1547 75.7963 30.031 12.0864 23.6675 27.2343 16.7258 25.6279 27.5193 8.90499 21.3203 16.9961 14.7122
internal_count=12940 9443 8454 7885 6280 984 5296 4271 3848 2939 2094 1656 845 622 441 909 1034 795 1605 583 423 403 239 181 569 538 375 356 212 178
is_linear=0
shrinkage=0.05


Tree=94
num_leaves=31
num_cat=0
split_feature=31 20 26 0 27 7 4 17 42 32 44 48 40 15 23 40 3 44 38 46 42 9 17 17 33 23 14 0 0 21
split_gain=18.095 13.8202 12.7652 8.71875 17.1037 8.87431 7.74422 7.58668 7.51163 6.81935 7.82359 7.29843 6.72342 6.60963 6.73579 6.53614 6.51194 6.32891 5.87517 5.50229 5.43491 6.1444 5.32094 5.24552 5.1551 5.08186 5.04332 5.02012 5.00836 4.85943
threshold=0.14431591331958774 -1.5384421944618223 -0.3970597237348556 -0.63850218057632435 1.4474443793296816 0.78559216856956493 -0.16295392811298368 0.039066325873136527 0.55190059542655956 -0.39271534979343409 -0.96649003028869618 -0.82761499285697926 0.10375460237264635 0.75600972771644603 0.27915366739034658 -0.95413026213645924 -0.35872109234333033 -0.67762237787246693 2.3394932746887211 1.3928505778312685 0.69563791155815136 -0.40756879746913904 2.057157158851624 2.263275265693665 -0.39109453558921808 0.4167869240045548 1.0188930630683901 -1.051587641239166 -0.61216545104980458 -2.2914962768554683
decision_type=2 2 2 2 2 2 2 2 2 2 2 2 2 2 2 2 2 2 2 2 2 2 2 2 2 2 2 2 2 2
left_child=2 12 28 4 5 6 16 29 13 10 11 -4 -2 25 -15 22 -3 -11 23 -10 21 -18 -9 -19 -24 -5 -27 -14 -1 -8
right_child=1 3 9 8 -6 -7 7 15 19 17 -12 -13 27 14 -16 -17 20 18 -20 -21 -22 -23 24 -25 -26 26 -28 -29 -30 -31
leaf_value=0.0074062580264080639 0.043527968046265159 0.00077404246225343948 0.036671713527131895 -0.054715552860550278 0.037497263648001974 0.039478582946317835 -0.13380835403953381 0.023687423503713025 0.036012575689515158 -0.070110842624805644 0.020381829343020175 -0.03427961062215535 0.025665936195919632 0.046895919714027005 -0.020703328464062365 -0.041339145606084732 0.0021291694513631892 -0.011002816514654221 0.059329297111188423 -0.03180351809567257 0.043791930236129775 -0.051628373360299962 0.017161821517604686 -0.089832298786028941 -0.12255783209733531 -0.026747479390418029 0.064365717610825254 -0.047283608552806083 -0.039594145497353003 0.03863933993084892
leaf_weight=6.5239386342000207 36.566391075961292 13.489363193744792 4.7469546459615257 7.577160400804134 19.84686744492501 7.3894881522282949 0.42334526591002841 11.128002015873788 38.555082526989281 4.8211626301053903 42.431682769441977 15.328345029847695 6.016277926042676 9.4360204939730448 6.0463472106494001 12.557466574013235 6.3164232799317679 53.77281412971206 2.8637430577073237 3.2425583289004853 1.8842545263469208 33.542420911137015 1.274370717816055 2.196540060453116 1.3697907724417735 4.3440794139169157 2.3352157073095441 3.8788470095023495 43.203566011041403 11.66345058288425
leaf_count=132 1044 325 28 634 382 129 8 168 436 346 875 547 114 220 125 575 149 1970 51 43 66 738 20 115 20 100 27 78 3301 262
internal_value=0.000197806 0.0091591 -0.011973 0.00324956 -0.00493786 -0.0132733 -0.0174358 -0.000195448 0.017085 -0.00351629 0.00821452 -0.0175026 0.0336336 -0.00212324 0.0204963 -0.0152501 -0.0294272 -0.0150357 -0.0105225 0.0307516 -0.0391868 -0.0431094 0.00853792 -0.0140965 -0.055219 -0.0266878 0.00510752 -0.00292998 -0.033428 0.0325993
internal_weight=414.772 238.883 175.889 192.422 120.885 101.038 93.6489 38.4164 71.5365 126.161 62.507 20.0753 46.4615 29.7388 15.4824 26.3296 55.2325 63.6543 58.8331 41.7976 41.7431 39.8588 13.7722 55.9694 2.64416 14.2565 6.6793 9.89512 49.7275 12.0868
internal_count=13028 5663 7365 4427 2842 2460 2331 1053 1585 3932 1450 575 1236 1106 345 783 1278 2482 2136 479 953 887 208 2085 40 761 127 192 3433 270
is_linear=0
shrinkage=0.05


Tree=95
num_leaves=31
num_cat=0
split_feature=34 39 30 44 15 38 27 6 32 4 43 32 48 7 32 2 47 45 30 6 6 2 36 31 17 47 6 3 44 28
split_gain=16.0729 14.0148 10.5067 10.174 8.20144 8.0716 7.78899 11.021 8.59746 8.10845 8.68539 7.39552 7.24296 6.70305 7.09959 6.63361 6.19196 5.83278 6.3536 5.49382 5.43753 5.70157 5.38923 5.17877 5.74775 5.13498 5.06999 4.87189 4.44155 4.33555
threshold=0.9012073576450349 -0.51792365312576283 -0.31409589946269983 -0.96649003028869618 -0.65953087806701649 -0.23230076581239698 0.54775077104568493 0.72969585657119762 -0.53385427594184864 -0.16290950030088422 1.2557321786880495 0.18443517386913302 -0.79273551702499379 0.64020061492919933 -0.024890144355595108 1.5193653106689455 -0.55920627713203419 -0.96294814348220814 0.7033752202987672 -0.53485488891601551 -1.7221619486808775 -0.24580636620521543 -0.16467358171939847 0.95110526680946361 0.86061623692512523 0.038004364818334586 0.46608147025108343 -0.38072231411933893 1.0921491980552676 1.0000000180025095e-35
decision_type=2 2 2 2 2 2 2 2 2 2 2 2 2 2 2 2 2 2 2 2 2 2 2 2 2 2 2 2 2 2
left_child=1 2 11 -3 -4 12 7 9 -9 -5 19 26 -6 -14 -15 -13 -8 27 -19 22 21 -7 25 29 -25 -11 28 -10 -1 -18
right_child=-2 3 4 6 5 20 16 8 17 10 -12 15 13 14 -16 -17 23 18 -20 -21 -22 -23 -24 24 -26 -27 -28 -29 -30 -31
leaf_value=-0.023924412871757367 -0.050725748916423841 -0.046547392321314683 0.03583319577586818 -0.040168602529425751 0.052874758341550712 -0.074509611555875793 -0.044088869388032519 0.038737173582467699 0.029484174504599111 0.015071875723858272 0.056216978327959501 -0.065972880671185605 -0.030900509959291139 -0.033779900564194602 0.041127865251932988 0.021546591191323884 -0.028343566865904685 -0.015464136586831219 0.027957775881097144 0.021717185207621868 0.037662543895131941 0.042160020250908169 -0.047887402300505894 0.031528129749909893 -0.032235647222218104 -0.049148382141714915 0.02110113034833231 -0.071001096140781858 0.034326545192056031 0.015277667662503087
leaf_weight=17.415659337770197 14.304547875188289 14.028486311901359 55.522208936046809 34.182038384024054 4.7577550671994677 2.3832113509997725 4.7488191151060155 15.518978741019962 1.5744049921631811 10.209773216396568 4.769633288960903 7.8376897689886373 20.709706302266568 4.9431466972455391 8.7842385317198897 2.9914926635101438 10.176938049495222 19.391382105415687 14.895867257378994 7.7832513854373238 26.545272880233824 1.8679405041039014 13.968384085223079 37.841536873485893 3.8982679843902579 4.4778609452769169 22.220610352698714 5.1582552138715974 4.0295807961374512 12.937784549081696
leaf_count=321 2265 883 1237 2026 51 29 55 211 24 125 54 239 288 67 90 30 423 809 226 120 511 30 1012 567 89 460 247 75 43 350
internal_value=0.00134166 0.00322451 0.0135234 -0.00537575 0.021483 0.0100993 -0.00250984 -0.00964956 0.00703806 -0.0221643 -0.00723009 -0.00480918 -0.0049516 -0.0129408 0.014154 -0.0417962 0.0110231 -0.0049546 0.00340022 -0.0155348 0.0292548 -0.0232454 -0.0256529 0.0150586 0.0255729 -0.00450714 0.00436364 -0.047503 -0.012979 -0.00392787
internal_weight=409.875 395.57 180.009 215.562 125.513 69.9913 201.533 131.93 56.5389 75.3909 41.2089 54.495 39.1948 34.4371 13.7274 10.8292 69.6033 41.0199 34.2872 36.4393 30.7964 4.25115 28.656 64.8545 41.7398 14.6876 43.6659 6.73266 21.4452 23.1147
internal_count=12957 10692 3183 7509 2303 1066 6626 5142 1345 3797 1771 880 496 445 157 269 1484 1134 1035 1717 570 59 1597 1429 656 585 611 99 364 773
is_linear=0
shrinkage=0.05


Tree=96
num_leaves=31
num_cat=0
split_feature=30 39 26 24 7 45 17 20 7 21 4 42 6 16 47 42 45 38 42 17 47 48 32 46 2 42 20 25 44 27
split_gain=15.4494 12.8955 9.67635 8.90997 8.76174 9.34856 8.39666 8.15196 7.86196 9.43203 8.87508 11.9103 9.49404 7.49226 7.31367 7.03329 6.6243 6.61177 6.49796 6.14768 9.75441 5.88032 5.37172 6.12543 6.06307 5.32992 5.25059 5.21633 5.19122 4.93041
threshold=-0.24541483819484708 -0.58352574706077565 -0.71461310982704151 -0.33415435254573816 0.8063623607158662 -0.9544699192047118 -0.6223192811012267 -0.8336338698863982 -1.7483754158020017 0.311565712094307 -0.16290950030088422 0.57309466600418102 0.62938180565834057 -0.22275042533874509 -0.26646293699741358 0.52384424209594738 -0.42069497704505915 -0.37335412204265589 0.63012781739234935 0.039066325873136527 0.027767254039645198 -0.72764158248901356 0.16532649844884875 1.4231714606285097 1.6545249819755556 -0.088514272123575197 -1.9295294284820554 1.352127254009247 -0.95600152015686024 0.73655065894126903
decision_type=2 2 2 2 2 2 2 2 2 2 2 2 2 2 2 2 2 2 2 2 2 2 2 2 2 2 2 2 2 2
left_child=2 3 26 15 5 13 -7 -5 21 -10 11 -11 16 27 22 -2 -13 18 -16 -12 25 -8 23 -4 -24 -21 -1 -3 -15 -9
right_child=1 4 14 7 -6 6 8 29 9 10 19 12 -14 28 17 -17 -18 -19 -20 20 -22 -23 24 -25 -26 -27 -28 -29 -30 -31
leaf_value=0.016496885050060157 -0.060032673928530483 -0.043353411762187918 0.013792007060012924 0.0367299816818051 0.046429767468638437 -0.058230423131266473 0.031231922494371778 -0.014218340242010897 0.029171227924024257 -0.048400399132425873 0.048847047302947588 -0.05902694259743782 0.02739561905838583 -0.048303808548741445 -0.050982344082082111 0.044604931205972198 0.0054916395811705583 -0.040886733216931488 0.046085883341103917 0.042406514573374493 -0.047003768666497123 -0.045319218168229335 -0.071084119334348189 -0.05225490932026066 0.050992001066344245 -0.05569641374989362 -0.051596418489975204 -0.13761473063674867 0.0018500359455159686 0.02500139221205441
leaf_weight=3.2568682488054064 1.6783631592988957 11.151956052985039 45.958006527042016 18.450661238050088 9.3585626899730396 5.4001686272677025 3.1915523428469887 29.104039339348674 40.704601493198425 16.23796995612792 12.041624833364049 7.534685850609093 18.922564767301083 6.7289317920804015 2.6187834239099201 37.204083438497037 8.4290862809866649 22.362649663118646 5.0465472633950412 10.449480936862527 6.3933167015202335 11.723944075405596 4.3546219561249009 3.8008510703220955 1.3270887415856121 1.5959719293750847 21.649996551917866 1.6901405393145985 22.119880367768932 11.057988464832304
leaf_count=21 26 145 591 464 180 155 43 537 738 1404 203 71 170 212 274 923 98 2386 71 111 535 513 48 121 9 34 2274 20 334 268
internal_value=0.000660995 0.00669939 -0.0152683 0.0215301 -0.000766315 -0.00316268 0.00292545 0.00921893 0.0053321 0.00951145 -0.000294895 -0.0130269 0.00343789 -0.0239902 -0.00727644 0.0400882 -0.0249603 -0.0271504 0.0129235 0.0210602 0.00291376 -0.0289391 0.00348782 0.00874699 -0.0425706 0.0294083 -0.0426924 -0.0557591 -0.00984826 -0.0034198
internal_weight=401.545 291.17 110.375 97.4951 193.674 184.316 142.625 58.6127 137.225 122.309 81.6047 51.1243 34.8863 41.6909 85.4685 38.8824 15.9638 30.028 7.66533 30.4804 18.4388 14.9155 55.4406 49.7589 5.68171 12.0455 24.9069 12.8421 28.8488 40.162
internal_count=12979 7184 5795 2218 4966 4786 4075 1269 3920 3364 2626 1743 339 711 3500 949 169 2731 345 883 680 556 769 712 57 145 2295 165 546 805
is_linear=0
shrinkage=0.05


Tree=97
num_leaves=31
num_cat=0
split_feature=20 34 15 0 21 4 17 47 47 5 4 5 18 27 26 1 3 32 2 22 32 43 39 6 44 36 37 26 28 11
split_gain=14.8873 12.9738 10.2163 9.54619 8.50531 9.66515 15.1617 9.39828 8.78877 9.70668 8.30059 9.17768 8.11506 7.56718 7.30958 6.21769 6.06151 5.79805 5.77007 5.54924 6.13861 5.19402 5.02895 4.79734 5.89064 4.76751 4.85591 4.65941 4.57877 4.57787
threshold=-1.7735249996185301 0.88463771343231212 -1.1298549771308897 -1.1863840818405149 0.45415681600570684 -0.16290950030088422 0.039066325873136527 0.12176237255334856 -0.20287697762250897 1.3861455917358401 -0.16295672208070752 -0.76687875390052784 -1.7554268240928648 0.37562772631645208 -1.2408721446990965 -1.91206419467926 -0.3510520458221435 -0.15778753161430356 -0.86858314275741566 0.47609883546829229 0.80225464701652538 -1.1438034176826475 -0.60938081145286549 0.88481715321540844 0.96311140060424816 -0.29146301746368403 0.23279268294572833 0.83854866027832042 -4.7797460556030265 -0.30850027501583094
decision_type=2 2 2 2 2 2 2 2 2 2 2 2 2 2 2 2 2 2 2 2 2 2 2 2 2 2 2 2 2 2
left_child=18 2 29 -4 12 8 21 13 9 10 11 -6 22 19 -14 -12 27 -13 -1 20 -8 -7 28 24 -17 -18 -27 -16 -5 -2
right_child=1 -3 3 4 5 6 7 -9 -10 -11 15 17 14 -15 16 23 25 -19 -20 -21 -22 -23 -24 -25 -26 26 -28 -29 -30 -31
leaf_value=-0.046831285135781581 -0.012946296539016664 -0.050709875907910144 0.04596153300479839 -0.080992702156885241 -0.061041057192224482 -0.11122994464484032 -0.014584004654578023 -0.048876834181608091 -0.038186015427402721 -0.056434667294689912 0.074787650988135654 0.0030411177496933724 -0.045076994765925353 0.03372863643614156 0.046131414443889157 -0.044778569717774802 0.021747342655247769 0.045949249591815462 0.036209978039396927 -0.075597425821861172 0.069752821772320658 0.050951693637340235 -0.029398709680845049 0.005548767961522076 0.019809953071174568 -0.037829813082081137 0.0066215597280378088 -0.011007947519434593 0.021204783836773308 0.049110566285139885
leaf_weight=2.2305876421742132 3.7680302737280753 13.563276533968745 9.7108470043167454 1.2199554312974203 3.6771410447545341 0.50937023991719144 17.85909885796719 11.548953714547677 40.904346753610298 9.9056548476219159 1.666481930296867 17.456476628780369 5.0643589519895604 12.861437651328741 21.939679512754086 22.986077441833917 31.374324028147385 14.340942176524548 33.635868297889829 3.1624443437904111 2.4541121115908018 16.020186683628708 22.040281362133101 10.068530841264872 4.1706557776778928 8.6123862408567238 21.434962162747979 4.260655070655047 10.786271960474549 14.064277710858731
leaf_count=39 86 2297 229 13 119 10 320 1411 3325 81 10 205 371 228 263 418 438 107 886 45 16 197 383 115 31 204 393 72 152 503
internal_value=0.000336291 -0.00274523 -0.000853346 -0.00286889 -0.00436794 -0.0110712 0.00466614 -0.0095858 -0.0191695 -0.00993924 -0.00374601 0.0137447 0.00566005 0.002902 0.0133284 -0.0196999 0.0167041 0.0223931 0.0310455 -0.0139868 -0.00439497 0.0459539 -0.0152157 -0.0239299 -0.0348592 0.00811499 -0.00611941 0.0368395 0.0108205 0.0359977
internal_weight=393.298 357.431 343.868 326.036 316.325 189.592 64.4156 47.886 125.176 84.272 74.3663 35.4746 126.733 36.3371 92.6864 38.8917 87.622 31.7974 35.8665 23.4757 20.3132 16.5296 34.0465 37.2253 27.1567 61.4217 30.0473 26.2003 12.0062 17.8323
internal_count=12967 12042 9745 9156 8927 6638 2227 2020 4411 1086 1005 431 2289 609 1741 574 1370 312 925 381 336 207 548 564 449 1035 597 335 165 589
is_linear=0
shrinkage=0.05


Tree=98
num_leaves=31
num_cat=0
split_feature=34 27 31 6 41 4 42 23 25 15 39 43 9 37 2 2 14 1 31 38 0 25 20 39 46 27 23 46 32 43
split_gain=13.8508 12.7322 10.3197 9.31371 11.2095 7.52671 6.97473 5.77588 6.15993 5.51223 6.00855 6.72912 6.07183 6.15514 5.31628 5.08002 7.29228 8.8052 7.7677 5.01738 5.00868 5.43143 6.10982 5.00548 7.6152 5.90595 6.02264 4.9377 5.69073 4.91326
threshold=0.9012073576450349 0.2891520112752915 0.35390625894069677 0.79920241236686718 -0.23813481628894803 -0.16295392811298368 0.58048313856124889 0.82968720793724071 -1.3638918399810789 -1.0029196143150327 -0.66330042481422413 -0.78653714060783375 -0.83616337180137623 -2.1261492967605586 -0.87311980128288258 1.1407793164253237 0.93129771947860729 -1.1330025196075437 -1.2785255908966062 -0.37621748447418207 -0.66593128442764271 -1.1344569921493528 -1.4990165233612058 -0.13194165378808972 -0.49334864318370814 -0.40979753434658045 -0.1337466053664684 0.41840150952339178 0.27225828170776373 0.44808690249919897
decision_type=2 2 2 2 2 2 2 2 2 2 2 2 2 2 2 2 2 2 2 2 2 2 2 2 2 2 2 2 2 2
left_child=1 3 14 4 15 6 -5 -8 -9 -4 -11 -12 -13 -14 -3 16 23 -18 -19 -20 21 22 -15 24 29 26 -26 -16 -29 -1
right_child=-2 2 9 5 -6 -7 7 8 -10 10 11 12 13 20 27 -17 17 18 19 -21 -22 -23 -24 -25 25 -27 -28 28 -30 -31
leaf_value=-0.067583683245888412 -0.050641746759711205 -0.065297333110227992 0.046645249244039684 -0.031398607859013765 -0.041724640095154676 0.046175262975547644 0.023258506406642267 0.050660207650316771 -0.031726164127790023 0.040000574960911008 -0.054339554688335373 -0.046380385810493543 -0.043162413292168182 0.044516638635608112 0.0075177387020143524 0.018694720932724212 -0.032330172360791075 0.060349365296005791 -0.11485926390087194 0.0084229895462113614 0.042055563154361611 0.020310359695875715 -0.050638706942887884 -0.053072459867084733 -0.080739075264674748 0.02032077926726519 -0.0045786122588684424 -0.044292189047730871 0.057147786254486715 -0.0070826284873489222
leaf_weight=8.9633308288175559 12.670540549093856 3.4554481813684097 18.189334144815803 12.296762662241234 27.416413608239964 11.576579379383473 30.794334618840367 2.8345318380743256 11.368721513543276 21.231305841356516 3.8743152746465048 4.0054870927706352 3.9861451885662964 2.3256170209497213 37.989236787194386 17.475578665733337 11.447189942235125 8.3038834452163446 0.85860942769795912 21.278872232418507 19.279874344356358 33.515908541623503 6.1427756198681873 10.864511000458149 3.546741883270438 15.745841353666046 9.6813221869524551 9.8034195117652398 1.6095765207428474 5.3638251516968003
leaf_count=189 2283 126 659 759 2462 213 391 20 143 470 98 104 59 48 942 338 348 77 17 431 280 679 73 807 99 261 177 330 34 93
internal_value=0.000774327 0.00251054 0.0128838 -0.00566723 -0.013031 0.00940299 0.00197299 0.0110926 -0.0152844 0.0214425 0.0165843 0.00978607 0.0133734 0.0170415 -0.00534018 -0.00610178 -0.0106131 0.00505286 0.0191104 0.00364145 0.0209586 0.0112706 -0.0245068 -0.0227283 -0.0151148 -0.000369985 -0.0249989 -0.00114647 -0.0299861 -0.0449332
internal_weight=387.896 375.225 165.408 209.817 140.946 68.8709 57.2944 44.9976 14.2033 112.551 94.3614 73.1301 69.2558 65.2503 52.8577 113.53 96.0541 41.8886 30.4414 22.1375 61.2642 41.9843 8.46839 54.1656 43.3011 28.9739 13.2281 49.4022 11.413 14.3272
internal_count=13010 10727 3902 6825 5299 1526 1313 554 163 2470 1811 1341 1243 1139 1432 2837 2499 873 525 448 1080 800 121 1626 819 537 276 1306 364 282
is_linear=0
shrinkage=0.05


Tree=99
num_leaves=31
num_cat=0
split_feature=39 42 0 4 6 47 42 15 48 4 32 40 4 30 43 15 43 4 15 17 15 43 46 26 43 27 37 47 48 46
split_gain=13.5977 10.3873 9.92022 8.63575 13.9258 8.59703 7.94009 7.72704 8.18139 7.38035 8.07321 6.53325 6.45002 6.30446 6.22109 9.89626 7.03809 6.5565 6.38922 6.20753 6.07212 7.39584 5.49079 5.4554 5.96043 5.36874 5.2527 5.23605 5.21109 4.93728
threshold=-0.14777062088251111 0.7027442753314973 -1.1719459891319273 -0.16269773989915845 0.67127728462219249 -0.27851212024688715 0.53091511130332958 1.9795379638671877 -0.76047945022582997 -0.16295694559812543 -0.084044706076383577 1.0733241438865664 -0.16295412927865979 -0.12518287450075147 -0.14900210499763486 -0.80236974358558644 0.3677379190921784 -0.16295672208070752 -0.45943021774291987 -0.62821045517921437 -0.80236974358558644 0.38466995954513555 -0.36217682063579554 -0.92705360054969776 -1.8581145405769346 0.58267998695373546 0.4922757893800736 -0.44128341972827906 -0.7770833671092986 -0.7837582230567931
decision_type=2 2 2 2 2 2 2 2 2 2 2 2 2 2 2 2 2 2 2 2 2 2 2 2 2 2 2 2 2 2
left_child=1 2 -1 4 5 9 -6 11 -9 -4 -11 23 14 -2 18 16 19 29 -8 -16 -15 -22 -23 -5 27 28 -24 -25 -12 -18
right_child=13 -3 3 7 6 -7 12 8 -10 10 25 -13 -14 20 15 -17 17 -19 -20 -21 21 22 26 24 -26 -27 -28 -29 -30 -31
leaf_value=0.037954871883168324 -0.044357036172540762 0.039900026151865935 0.041061639257742893 -0.033932730808095952 -0.046973221853907898 -0.041266763145217537 0.043323099160241428 0.022949627187238614 -0.061807728668304251 -0.029428615832011909 0.026556789216600787 -0.056118982185487304 0.049225287392442738 0.014676300665159795 -0.064810111812310819 -0.031477774893742975 -0.0445709793362749 -0.060446900234693124 -0.059249176714580146 0.048054770907676403 -0.0474631888522698 0.031375778902172816 -0.039202736866532445 0.0077841880564065609 0.031717454454344055 0.029764734696666691 0.038996088069593399 -0.13076784129824348 -0.040247767669752674 0.017854359762024565
leaf_weight=17.805396131239831 19.37745703314431 19.084000288974494 6.555467178579419 3.8045228486880651 6.2230795866344115 30.496234627673402 15.464757557958366 5.157550323754549 6.3558053441811335 37.544415126089007 4.5707436650991431 2.6531246167141935 10.023849220015107 16.017729884944856 1.3289152905344952 18.411223349859938 3.8049570154398706 4.2237886060029295 1.6834645117633034 14.631174100562928 16.186851644422859 7.6246771309524801 9.9436674725729954 1.9475040882825854 53.981802222086117 12.864824591903014 2.7389496210962525 1.0492943082936097 8.0786725212819892 18.903998623602092
leaf_count=465 3147 881 63 141 506 1992 163 110 230 697 26 233 121 173 10 345 44 40 51 130 1553 143 253 13 862 130 66 23 138 189
internal_value=-0.000410122 0.00417826 0.00180762 -0.000578275 -0.00612723 -0.0191292 0.00761765 0.0138446 -0.0238396 -0.00943125 -0.0146804 0.0206841 0.0114574 -0.0199822 0.00663176 -0.000814964 0.0123467 -0.00324463 0.0332534 0.0386571 -0.0109876 -0.0222518 -0.0021559 0.0240365 0.0279072 0.00702172 -0.0223148 -0.0407282 -0.0161086 0.0073948
internal_weight=378.538 306.649 287.565 269.759 194.81 100.11 94.6992 74.9496 11.5134 69.6141 63.0587 63.4362 88.4761 71.8893 78.4523 61.3041 42.8928 26.9327 17.1482 15.9601 52.5119 36.4941 20.3073 60.7831 56.9786 25.5142 12.6826 2.9968 12.6494 22.709
internal_count=12938 7603 6722 6257 4645 3046 1599 1612 340 1054 991 1272 1093 5335 972 758 413 273 214 140 2188 2015 462 1039 898 294 319 36 164 233
is_linear=0
shrinkage=0.05


Tree=100
num_leaves=31
num_cat=0
split_feature=34 0 6 27 42 41 31 4 43 42 46 5 13 5 5 31 40 2 39 43 20 26 3 40 48 2 27 0 17 2
split_gain=12.226 11.4656 9.8906 10.4321 8.58256 7.30333 6.81963 6.1451 7.58734 7.9268 8.39237 6.99809 7.41604 5.81648 6.50625 7.42412 5.71378 5.21381 5.08055 8.30719 6.80967 7.27384 4.99295 4.83874 4.38495 4.65293 4.31228 4.27284 4.23871 4.21461
threshold=0.9012073576450349 -1.1381024122238157 0.79920241236686718 0.38716007769107824 0.6699253022670747 -0.21443914622068402 -0.29241180419921869 -0.16295392811298368 0.3767640888690949 0.59725430607795726 1.5092529058456423 0.25284613668918615 -0.39065885543823237 1.3861455917358401 -0.56881800293922413 -1.1429150104522703 -0.86011704802513111 -0.79417580366134632 -0.63385930657386769 -0.50632345676422108 -0.24523500353097913 0.81493234634399425 -0.27912351489067072 -0.83732596039772023 -0.79843291640281666 -0.87311980128288258 -0.2013457044959068 -0.63850218057632435 -0.43138188123702997 1.1077690720558169
decision_type=2 2 2 2 2 2 2 2 2 2 2 2 2 2 2 2 2 2 2 2 2 2 2 2 2 2 2 2 2 2
left_child=1 17 3 5 7 13 24 8 9 -4 23 -10 -13 14 -3 22 -17 -1 -8 -20 21 -21 -16 -11 25 -5 29 28 -22 -18
right_child=-2 2 4 6 -6 -7 18 -9 11 10 -12 12 -14 -15 15 16 26 -19 19 20 27 -23 -24 -25 -26 -27 -28 -29 -30 -31
leaf_value=-0.02799084182504985 -0.05064041979678291 -0.03203292710201356 -0.014375880204692347 -0.074953491779103362 0.048050932137247454 -0.040158691443402623 0.030396024502615644 0.04217523074459837 -0.047854001107051881 -0.058046112917508802 -0.048598767933460484 0.034727430644336303 -0.039021624467038267 -0.053018309759589238 0.059084261940083253 0.012274717963402888 -0.041987997178499582 0.036126435230848609 -0.061290326483582604 -0.016941924081857098 -0.03999054471442965 0.038320431002275036 -0.0011431935724084891 0.048718088447812724 -0.033649393651630603 0.032014977057467149 -0.0014546479103122636 0.047101364704372206 0.034325239973209687 0.020426686622484824
leaf_weight=3.5357847441919139 11.39298706804402 20.44176308135502 14.546917934436349 1.2282338840886948 14.815681657753883 24.605863517848775 25.57253909483552 10.3587339380756 12.153778356267141 1.1201873365789712 2.8262456674128762 8.1770282890647632 5.8456918052397659 7.3172566646244368 7.8493401890154928 23.681518805213273 19.472038662992418 30.700547688640654 4.5309111915994427 26.987711174646392 3.480887827463448 7.640215757302939 6.1275237246882153 20.173065575305372 15.813710019225253 5.9002938335761455 20.017997180810202 14.232121331384404 4.2753605400212136 3.1410323882009825
leaf_count=50 2226 1104 646 20 436 2419 505 122 439 7 20 73 64 89 72 454 559 882 197 521 91 145 92 155 707 48 386 251 78 84
internal_value=0.00036855 0.00195391 -0.000884315 -0.00614165 0.0132678 -0.0155743 0.00526867 0.00641512 0.000702401 0.0147749 0.0323563 -0.0200847 0.00398345 -0.00997568 -0.006849 -0.000437152 -0.00741739 0.0295047 0.011682 0.00385552 0.00906903 -0.00474898 0.0326803 0.0431015 -0.0189731 0.0135845 -0.0183563 0.03083 0.000973431 -0.0333184
internal_weight=377.963 366.57 332.334 242.316 90.0173 132.654 109.662 75.2016 64.8429 38.6664 24.1195 26.1765 14.0227 108.048 100.731 80.2895 66.3126 34.2363 86.7197 61.1472 56.6163 34.6279 13.9769 21.2933 22.9422 7.12853 42.6311 21.9884 7.75625 22.6131
internal_count=12942 10716 9784 7822 1962 5259 2563 1526 1404 828 182 576 137 2840 2751 1647 1483 932 1788 1283 1086 666 164 162 775 68 1029 420 169 643
is_linear=0
shrinkage=0.05


Tree=101
num_leaves=31
num_cat=0
split_feature=34 42 0 21 4 17 48 42 16 6 22 39 27 48 0 13 3 2 6 48 15 0 15 36 46 43 31 47 43 44
split_gain=11.9337 10.2337 9.75244 9.8648 10.3001 9.21957 10.7628 8.37675 10.5005 7.02625 6.65676 6.39292 6.35773 6.29953 5.79896 5.76269 7.20473 5.47279 5.3577 5.11269 5.07769 5.74969 5.06763 4.95479 4.78083 4.68061 4.53298 4.71678 4.25794 4.21565
threshold=0.9012073576450349 0.7027442753314973 -1.1863840818405149 0.44138310849666601 -0.1629255264997482 0.039066325873136527 -0.13470838218927381 0.57309466600418102 -0.46996068954467768 -1.7674273848533628 1.0000000180025095e-35 -0.60938081145286549 0.37562772631645208 -0.68963882327079762 2.0599678754806523 -0.99859133362770069 -0.3510520458221435 -0.55983781814575184 0.67127728462219249 -0.82761499285697926 -0.90684899687767018 -1.1635267734527586 -0.49945434927940363 -1.3765897154808042 -0.53361469507217396 0.078879449516534819 -0.53173592686653126 -0.5517141819000243 -1.1438034176826475 -0.93512073159217823
decision_type=2 2 2 2 2 2 2 2 2 2 2 2 2 2 2 2 2 2 2 2 2 2 2 2 2 2 2 2 2 2
left_child=1 2 -1 9 7 28 12 13 -9 -4 11 22 -7 14 -5 19 -17 -18 24 -11 21 -13 23 -10 -12 -14 -19 -28 -6 -21
right_child=-2 -3 3 4 5 6 -8 8 10 15 18 20 25 -15 -16 16 17 26 -20 29 -22 -23 -24 -25 -26 -27 27 -29 -30 -31
leaf_value=0.044715081806516219 -0.050594513633081706 0.039639936819964611 -0.042135899795355772 -0.016362876824452834 -0.088968613386120665 -0.0077163629603261953 -0.051863493608467204 -0.04572026198917678 -0.075675168042082519 0.031848354753506121 -0.054808826566023289 -0.27676087208488476 -0.006911737358323765 -0.049132145094360896 0.10878010590254035 0.035435012781235314 -0.012274350932160338 -0.010622385219781589 0.032798975396972206 -0.050596559685785518 -0.041655119465790647 0.00047440728722201845 -0.059992119093363466 0.045982038296501972 0.01181449314139432 0.053013524109166668 -0.015224489063993396 0.028722830540997113 0.044872727488960498 0.033990606493785901
leaf_weight=11.889074652455745 11.067520387005059 17.297996972221881 6.4737072167918077 4.8263420902658209 0.61750882398337381 24.634367106016725 9.3152749328874034 16.429792358307168 0.92999157402664323 3.6938056834042063 3.9609546149149528 0.18937464058399101 4.8131722582038483 26.881092703668404 1.1454087076708672 31.224496122915298 25.070760668255389 13.216931311879305 18.920105871045962 8.8201526873745006 19.152417995966974 15.040350391296665 1.7039032564498473 8.3637331901118142 8.4099068229552376 10.088440381688995 7.1403002329170624 42.128924852004282 15.767168642021714 1.7682816742453713
leaf_count=318 2267 824 210 98 15 604 1198 279 14 27 89 1 136 3003 3 451 603 222 225 287 385 246 27 97 128 191 111 662 251 18
internal_value=0.000544806 0.00211736 0.000222924 -0.0013765 -0.00875372 0.00737206 -0.00351381 -0.0171059 -0.00944613 0.00873153 -0.00167294 -0.0139068 0.00787811 -0.0388125 0.00764011 0.0112063 0.0148144 0.00746065 0.0160693 -0.0188012 -0.0245207 -0.00297289 0.0192754 0.0338082 -0.00951724 0.0336579 0.0153788 0.0223538 0.0398285 -0.0364704
internal_weight=370.981 359.914 342.616 330.727 191.189 65.2359 48.8513 125.953 93.1005 139.537 76.6707 45.3798 39.536 32.8528 5.97175 133.064 118.781 87.5569 31.291 14.2822 34.3821 15.2297 10.9976 9.29372 12.3709 14.9016 62.4862 49.2692 16.3847 10.5884
internal_count=12990 10723 9899 9581 6990 2395 2129 4595 1491 2591 1212 770 931 3104 101 2381 2049 1598 442 332 632 247 138 111 217 327 995 773 266 305
is_linear=0
shrinkage=0.05


Tree=102
num_leaves=31
num_cat=0
split_feature=40 42 27 39 31 6 41 4 11 47 3 42 43 15 43 39 14 39 4 40 9 37 16 15 24 14 23 0 41 36
split_gain=11.0631 9.31658 7.16641 6.83924 6.02379 5.7625 9.19929 7.34886 6.83734 7.6992 6.40918 5.6361 6.56716 8.30202 5.4792 6.07887 8.87086 5.40716 5.21388 4.99389 4.97629 5.26013 6.07628 5.35949 4.78084 4.59636 5.78158 4.56559 4.52542 4.40029
threshold=0.5082959532737733 0.70025524497032177 0.067975103855133071 -0.66681891679763783 -0.15488785505294797 0.72969585657119762 -0.23813481628894803 -0.16295392811298368 -0.29870268702507013 -0.52657020092010487 -0.2336177974939346 0.58048313856124889 0.3767640888690949 -0.92307841777801503 1.2046210169792178 -0.29838655889034266 -1.7294085025787351 -0.56764826178550709 -0.16295694559812543 1.1806320548057558 -0.83616337180137623 -2.1261492967605586 0.06848702579736711 -1.0504370927810667 -0.33948071300983423 0.84816849231719982 -0.4778300672769546 0.16291817277669909 0.043204172514379031 0.46744009852409368
decision_type=2 2 2 2 2 2 2 2 2 2 2 2 2 2 2 2 2 2 2 2 2 2 2 2 2 2 2 2 2 2
left_child=1 2 5 19 -4 6 8 10 9 18 11 -7 28 27 15 -10 -17 25 -1 -2 -19 -22 23 -23 -20 -6 -27 -14 -13 -25
right_child=3 -3 4 -5 17 7 -8 -9 14 -11 -12 12 13 -15 -16 16 -18 20 24 -21 21 22 -24 29 -26 26 -28 -29 -30 -31
leaf_value=0.073179014075982707 0.016019772555042788 0.039852712641728905 -0.0098103951785663054 -0.031343290411120328 0.043197520410210369 -0.051281976019121427 -0.0487366982571154 0.047069318429152282 0.011749272300984234 -0.044407874238634099 -0.030259863457457483 0.029048159420157663 0.050555191545468614 -0.045134752552172933 0.047625754284699874 0.056870874613105041 -0.050492111147800327 -0.039129340777961041 -0.063049706322929486 -0.052532616257481138 -0.032076362724948272 0.048931772287750315 0.040754558428158741 0.0084996555375508077 0.032905699414292937 -0.055244940753007933 0.035556511151774529 -0.016797433523623909 0.10643597573015724 -0.03161178281439652
leaf_weight=2.5807304079644382 16.45597451901995 17.818708091042936 28.896569078788161 38.326434100512415 25.067907356657088 3.4056642635259768 15.143634992418809 9.5384781877510232 27.452014717971903 18.080024374881759 13.50632309541106 13.369747097138314 6.3924141861498303 7.3679142049513819 6.6340335891582063 2.3713808872271285 10.197293829638516 5.0577985960990182 2.5273402861785144 3.1681050774641326 6.201567023061215 6.7277959501370779 18.294304485432804 37.180116807110608 2.6688840854913023 2.9934580903500319 4.2307642707601181 4.1492876468691975 2.199934860225766 8.3779924665577692
leaf_count=16 265 839 824 3679 611 395 1517 141 362 726 295 111 49 144 95 24 559 130 39 529 85 139 339 607 23 41 101 94 15 170
internal_value=0.00099219 0.00475828 0.00260649 -0.0190522 0.0105823 -0.00512303 -0.0132924 0.00682571 -0.00589002 -0.0265138 -0.000791934 0.00999846 0.0162322 -0.00441532 0.0055401 -0.00143624 -0.0302355 0.0157454 0.0150867 0.0049527 0.00890916 0.0120736 0.0159528 0.00727496 -0.0137651 0.0330709 -0.00206835 0.0240447 0.0399828 0.00112329
internal_weight=366.383 308.432 290.613 57.9505 143.028 147.585 87.6553 59.9298 72.5117 25.857 50.3913 36.885 33.4793 17.9096 46.6547 40.0207 12.5687 114.132 7.77695 19.6241 81.8396 76.7818 70.5802 52.2859 5.19622 32.2921 7.22422 10.5417 15.5697 45.5581
internal_count=12964 8491 7652 4473 3047 4605 3361 1244 1844 804 1103 808 413 287 1040 945 583 2223 78 794 1470 1340 1255 916 62 753 142 143 126 777
is_linear=0
shrinkage=0.05


Tree=103
num_leaves=31
num_cat=0
split_feature=39 4 43 47 7 4 43 15 43 39 24 1 15 15 18 15 37 47 20 31 17 46 3 17 29 16 26 6 32 6
split_gain=11.814 11.0995 16.7181 12.2098 9.36226 7.54361 9.80138 10.1429 8.71788 7.16592 7.14314 7.23385 6.91556 6.38089 6.09972 9.453 7.6123 5.80266 5.12673 5.32575 5.01697 4.85509 4.79403 4.77927 4.69824 4.22837 4.16149 4.0497 3.95641 3.90129
threshold=0.21651837229728702 -0.16295392811298368 -0.10461379215121268 -0.082723870873451219 -1.5614432692527769 -0.16295694559812543 0.54616001248359691 -0.77448248863220204 0.007003502221778036 -0.41194589436054224 -0.34205888211727137 -1.2058892250061033 -1.1298549771308897 -0.42729769647121424 -0.23248054087162015 -0.45943021774291987 -0.45858366787433619 -0.30599997937679285 0.29854005575180059 0.55351248383522045 -0.5831085443496703 0.97502520680427562 -0.35649438202381128 -0.5549207031726836 -1.5147143602371214 -0.28478452563285822 2.5859903097152714 -1.7849094271659849 0.0057283337228000173 0.3349358886480332
decision_type=2 2 2 2 2 2 2 2 2 2 2 2 2 2 2 2 2 2 2 2 2 2 2 2 2 2 2 2 2 2
left_child=1 3 13 5 9 10 7 21 14 24 17 -12 -8 -3 29 16 -16 -1 19 -18 -20 -7 23 25 -4 -5 -13 -15 -23 -9
right_child=-2 2 4 22 -6 6 12 8 -10 -11 11 26 -14 27 15 -17 18 -19 20 -21 -22 28 -24 -25 -26 -27 -28 -29 -30 -31
leaf_value=0.0019208731299567555 -0.029768385948443887 0.053929989643126723 -0.064109543259367963 -0.048475829984013265 0.039822545959707176 0.027534176379586075 0.051161225354833632 -0.015449419163410041 -0.042720867953664171 -0.028411551959445315 -0.045638215560791291 0.044557191313140038 -0.037080100321261467 -0.079483230166903618 -0.043180932468733745 -0.052657455477976234 -0.05938808964373915 -0.13494415860043049 -0.0087593178473142127 0.020923184992718488 0.061654060707017469 -0.046587816815242378 -0.051542447366654844 -0.037695611879279091 0.030096264461337004 0.069670864558152024 -0.08973607427276116 -0.011857422614265055 0.025080033112880113 0.043793701272071141
leaf_weight=2.3082385882735257 30.011983182979748 3.5758098829537621 1.4301928041968555 1.0525666347239169 54.655536528676748 38.731557158287615 2.416953916661444 3.8032340090721837 15.696325625758616 10.442695142002774 2.6724306032992962 22.909237673506141 27.29724027053453 2.3463379198219618 6.4040367912966785 9.881401505321266 3.3559901057742501 1.1654461054131413 3.624200599733741 5.3631865060888231 8.3766910796985012 4.4533772291615596 17.309909048257396 5.1391438120044786 17.738825470674783 2.6996546126902103 0.59177419543266196 39.19009083788842 3.3928333884105086 10.317702585831283
leaf_count=63 3241 53 29 108 1355 475 89 116 498 278 57 402 392 168 101 552 90 20 53 76 99 52 1994 693 459 69 2 1177 36 165
internal_value=0.000259779 0.00300449 0.0144047 -0.00440869 0.0275553 0.000414953 -0.00434042 0.00235759 -0.0101269 0.00491327 0.0233704 0.0323115 -0.0299025 -0.0101601 -0.000120261 -0.0107887 0.00446423 -0.0439983 0.0191901 -0.00998843 0.0403896 0.0202685 -0.0362141 -0.00637247 0.0230676 0.0365286 0.0411756 -0.0156775 -0.0155974 0.0278376
internal_weight=358.355 328.343 129.379 198.963 84.2672 172.762 143.115 113.401 66.8228 29.6117 29.6471 26.1734 29.7142 45.1122 51.1264 37.0055 27.1241 3.47368 20.7201 8.71918 12.0009 46.5778 26.2013 8.89137 19.169 3.75222 23.501 41.5364 7.84621 14.1209
internal_count=12962 9721 3519 6202 2121 3338 2794 2313 1750 766 544 461 481 1398 1252 971 419 83 318 166 152 563 2864 870 488 177 404 1345 88 281
is_linear=0
shrinkage=0.05


Tree=104
num_leaves=31
num_cat=0
split_feature=34 0 42 16 24 42 2 33 46 45 29 6 35 38 39 2 6 32 32 30 42 25 48 24 7 37 37 42 26 3
split_gain=10.6781 10.0212 9.83293 8.02235 8.54652 7.43491 8.29924 8.75186 7.26192 6.68195 5.9676 5.72556 5.15914 4.98589 4.89411 4.53323 4.67822 4.45193 6.11957 4.35908 4.24334 4.22682 4.60215 4.35892 8.47626 4.18705 4.5252 4.03488 3.9932 3.87262
threshold=0.9012073576450349 -1.1863840818405149 0.7027442753314973 -0.38691405951976771 -0.34176625311374659 0.61612418293952953 -0.78223818540573109 -0.05435476824641227 0.48554854094982153 -0.68665960431098927 1.1057156324386599 0.91097220778465282 -0.81909888982772816 2.4277124404907231 -0.60130965709686268 -0.46498107910156244 0.76681435108184826 -0.6548415720462798 -0.084044706076383577 -1.6534060835838316 0.58048313856124889 -2.0695878267288204 -0.82761499285697926 -0.30118380486965174 -1.5406731367111204 -0.57065415382385243 0.82769635319709789 0.65610682964324962 -1.1037148833274839 -0.3706963956356048
decision_type=2 2 2 2 2 2 2 2 2 2 2 2 2 2 2 2 2 2 2 2 2 2 2 2 2 2 2 2 2 2
left_child=1 -1 3 15 11 6 21 8 28 14 -10 -5 20 -14 -7 16 29 -16 -19 -4 -9 -6 -23 -24 -25 -12 -27 -13 -8 -3
right_child=-2 2 19 4 5 9 7 12 10 -11 25 27 13 -15 17 -17 -18 18 -20 -21 -22 22 23 24 -26 26 -28 -29 -30 -31
leaf_value=0.046992872553190512 -0.050547289301896975 0.039979690182043219 -0.065246915469155689 -0.056056864690560253 -0.17626074371495803 0.034484313557849131 -0.043912304635048707 -0.033208901681887434 -0.025859706735348233 0.037395336509801487 -0.038530801413484493 -0.039253185513941406 -0.033358536706994034 0.063411594872476704 0.040044969087817156 -0.0094269298037973105 0.038988283535303224 -0.029009479826049761 0.039322624041012541 0.046828943198060947 0.092030317521117289 0.046801700102238608 -0.054427527427137495 -0.041226298839675643 0.049088239048613869 0.039591897317908263 -0.038476798533120353 0.041306594018072115 0.023014034995300376 -0.055920749902102031
leaf_weight=11.832388144917784 10.034934114897622 1.1429276112467057 0.92504308838397342 9.8420697422698158 0.46664392156526702 10.157023719046263 2.3069331967271856 1.1077408455312281 19.387467552907765 29.240326735423878 2.9914764820132431 2.8264625279698512 23.352797822328288 1.4115221186075348 4.2643839321099213 62.755465456284583 1.7148664977867145 17.140635616146032 4.0508492146618691 13.966925107873973 1.7367098359391091 2.0773333851248053 10.443916306132456 7.4550892680417746 3.9874958302825636 11.346414381172506 2.2192514059133819 3.4532965645194054 65.788256380008534 13.334445206681266
leaf_count=389 2276 24 18 281 7 159 275 114 663 313 68 75 2122 11 51 1430 31 165 42 733 9 17 843 365 65 192 48 78 1525 578
internal_value=0.000291212 0.00177975 0.00016298 -0.00170813 0.00288938 0.00545397 -0.000458537 0.00450824 0.0111493 0.0196833 -0.00703254 -0.0322556 -0.0205176 -0.0278428 0.00514067 -0.0155129 -0.0391001 -0.00656759 -0.0159475 0.0398671 0.0432572 -0.027223 -0.0243208 -0.0310713 -0.00975362 0.015013 0.0268204 0.00504737 0.0207467 -0.0483498
internal_weight=352.761 342.726 330.894 316.002 237.054 220.932 156.079 131.649 104.04 64.8532 35.9446 16.1218 27.6088 24.7643 35.6129 78.9477 16.1922 25.4559 21.1915 14.892 2.84445 24.4305 23.9638 21.8865 11.4426 16.5571 13.5657 6.27976 68.0952 14.4774
internal_count=12967 10691 10302 9551 7488 7054 6324 5027 2771 730 971 434 2256 2133 417 2063 633 258 207 751 123 1297 1290 1273 430 308 240 153 1800 602
is_linear=0
shrinkage=0.05


Tree=105
num_leaves=31
num_cat=0
split_feature=34 0 21 27 4 37 20 42 4 44 39 4 43 42 35 17 4 43 15 11 1 0 47 27 20 29 31 0 30 27
split_gain=10.1202 9.32324 10.0821 7.70251 6.28833 6.24099 5.88658 7.84776 5.5219 6.60547 5.0037 6.13462 8.5414 8.32155 5.97942 5.26521 5.01925 5.14564 5.52113 5.1257 5.70842 4.96538 5.58163 5.68186 5.01598 5.5784 4.46748 4.35109 5.54897 4.61613
threshold=0.9012073576450349 -1.1863840818405149 0.45415681600570684 0.73655065894126903 -0.16294850409030912 -1.0714817047119138 -0.024157895706593987 0.67850416898727428 -0.16295688599348065 0.37074984610080725 0.20533316582441333 -0.16295392811298368 -0.50632345676422108 0.57309466600418102 -0.75451546907424916 0.29764714837074285 -0.16295694559812543 0.16173055768013003 -0.97177258133888234 -0.30850027501583094 0.095950469374656691 -0.2081910967826843 -0.5517141819000243 1.4712828397750857 -0.93584069609642018 0.046381603926420219 0.36642950773239141 -0.94306200742721547 -0.41888324916362757 -1.5986427664756773
decision_type=2 2 2 2 2 2 2 2 2 2 2 2 2 2 2 2 2 2 2 2 2 2 2 2 2 2 2 2 2 2
left_child=1 -1 6 5 8 -4 7 21 -5 -10 11 13 -13 -7 -15 -14 19 26 -19 -16 -21 22 -3 24 -24 -26 -18 -8 29 -29
right_child=-2 2 3 4 -6 10 27 -9 9 -11 -12 12 15 14 16 -17 17 18 -20 20 -22 -23 23 -25 25 -27 -28 28 -30 -31
leaf_value=0.045742872240964544 -0.050524311152639202 -0.03487583920989562 -0.03662926568045808 0.042747248191924186 0.034288463115463269 -0.047384369372480049 -0.030541270251009167 0.040118344141528331 -0.031717465289613063 0.03986127056181505 -0.040508946066862096 -0.05471149128031582 0.036993818414237954 0.025024740326495206 -0.068125594472863413 -0.0052262952551738046 -0.028931975232811682 0.010645733273734064 -0.058867407750094247 -0.016444860916272147 0.052013271872567102 -0.020128540503519445 0.016352254741918756 0.041832986797061829 0.066381557058682955 -0.04290874872198272 0.021810607767393922 0.066213278000725045 0.038710123853367362 -0.0063094783560137466
leaf_weight=11.689061168581246 9.4760204821359348 7.0325962128117672 23.080714259296656 4.8648746092803803 17.616615415085107 14.383515051566063 3.5341400264296672 11.857775850687174 15.454410284291955 4.0724460021592668 10.961850385414435 4.2272567034233353 19.490456491708759 12.965530541958286 1.7615972140338261 11.888790455646811 9.0591672607697564 3.6641741311177602 12.959114439319821 5.2863779200706613 7.1824866912793368 28.482244628947228 18.60738179134205 12.249463555170221 1.3545217409264321 8.4598332506138814 8.3227479399647546 2.564913709880785 33.752556616440415 15.179715582402423
leaf_count=397 2246 106 873 94 559 1736 72 575 483 95 1580 168 362 139 41 379 170 34 287 142 63 738 260 205 18 134 71 20 448 515
internal_value=0.000446022 0.00185826 0.000305304 -0.00733059 0.0115254 -0.0127846 0.0102984 0.00228022 -0.00491486 -0.0167893 -0.00827921 -0.00510183 0.0120094 -0.0131626 -0.00511979 0.0209977 -0.0132225 -0.0236563 -0.043545 0.0117102 0.0229893 -0.00360899 0.00625424 0.0133662 0.0010973 -0.0278251 -0.00463559 0.0231265 0.0268096 0.00417339
internal_weight=351.482 342.006 330.317 187.242 42.0083 145.234 143.075 88.0438 24.3917 19.5269 122.153 111.191 35.6065 75.5847 61.2012 31.3792 48.2357 34.0052 16.6233 14.2305 12.4689 76.186 47.7038 40.6712 28.4217 9.81435 17.3819 55.0313 51.4972 17.7446
internal_count=13010 10764 10367 7276 1231 6045 3091 2036 672 578 5172 3592 909 2683 947 741 808 562 321 246 205 1461 723 617 412 152 241 1055 983 535
is_linear=0
shrinkage=0.05


Tree=106
num_leaves=31
num_cat=0
split_feature=39 15 0 43 38 16 43 21 45 7 39 38 43 11 48 44 16 29 40 39 30 29 48 46 6 42 48 30 43 46
split_gain=10.4461 8.13235 6.93486 6.40795 6.60127 6.03289 6.01758 8.90962 6.35608 8.2762 6.85023 6.67398 6.35248 5.6909 5.31451 4.98044 4.93752 6.61372 6.11577 4.62316 4.61324 4.35546 4.88968 4.78896 5.64008 4.35145 5.53319 4.21067 5.99043 4.08788
threshold=0.044347239658236511 -1.1298549771308897 -1.1863840818405149 1.146700441837311 -0.376034066081047 -0.41861525177955622 -0.64556467533111561 -0.93429499864578236 -0.65196341276168812 -1.8106860518455503 -0.60130965709686268 2.4277124404907231 -2.1442940235137935 -0.30567906796932215 -0.7639138102531432 -0.71418792009353627 -0.22594466805458066 1.1674883961677553 0.3083993941545487 -0.45488303899765009 -0.64638197422027577 0.28870773315429693 -0.70825502276420582 -0.49334864318370814 -1.1362803578376768 -2.2497670650482173 -0.7044854164123534 0.19412461668252948 0.8339943289756776 -0.94339668750762928
decision_type=2 2 2 2 2 2 2 2 2 2 2 2 2 2 2 2 2 2 2 2 2 2 2 2 2 2 2 2 2 2
left_child=1 -1 -3 4 -4 19 7 12 10 11 20 14 -7 -5 -10 -11 17 -12 -18 21 -8 22 29 24 -23 -16 -27 -2 -29 -6
right_child=27 2 3 13 5 6 8 -9 9 15 16 -13 -14 -15 25 -17 18 -19 -20 -21 -22 23 -24 -25 -26 26 -28 28 -30 -31
leaf_value=0.038227637038857155 -0.044430131323627969 0.042256771059032278 -0.053000945095939014 -0.020663870361905021 0.026581879926037683 -0.050875472870823946 -0.026974079018100078 -0.048722737723750409 0.031879554714188442 -0.035757488250995749 -0.0070033744505523165 0.049494194111133025 0.033353874135685205 0.050352464171774407 -0.084523519021638086 0.02552619571627909 0.011671727930854928 -0.062373991702089675 -0.032069458653448429 -0.03958494140517814 0.034799497931398915 0.049347324776793107 -0.05492880112849579 0.034584709184733463 -0.030302799359711165 0.047877082962975943 -0.050931962330771054 -0.026784156893543565 0.024245111666359991 -0.029097121404997844
leaf_weight=16.060126184485853 14.825453256955369 10.151713991537688 6.1067165406420818 3.791376782115548 5.8545626003760844 3.0091525234747687 3.757633917033675 12.618707995861769 2.7152247363701472 3.4716627208981654 12.757927725790069 3.1825306308455756 8.7405686820857209 11.022078420966862 4.4368695227894932 73.591826832853258 27.926929145352915 9.3419299728702754 11.194381814915685 14.057250840589402 15.444791691843418 2.8908016304485491 7.6225602992344674 9.9556013992987555 9.6146514888387191 2.0441612331196666 4.6168915675953031 18.970003451686356 8.2534417714923602 7.5446693114936334
leaf_count=789 2811 343 173 84 41 126 89 1161 67 282 195 48 160 366 192 1861 528 86 525 541 278 42 310 199 161 15 170 1195 89 64
internal_value=0.000366297 0.00360193 0.00166744 0.000181564 -0.00162399 -0.000400298 0.00372545 -0.019549 0.00697598 0.0158003 -0.00334444 -0.0157818 0.0117824 0.0321764 -0.0308213 0.0227654 -0.011517 -0.0304093 -0.00084461 -0.0146583 0.0227113 -0.0066 -0.0229572 0.00870903 -0.0118906 -0.0461617 -0.0206092 -0.0229896 -0.0113134 -0.00476914
internal_weight=345.572 303.523 287.463 277.311 262.498 256.391 198.851 24.3684 174.483 94.0592 80.4236 16.9957 11.7497 14.8135 13.8131 77.0635 61.2212 22.0999 39.1213 57.5401 19.2024 43.4828 21.0218 22.4611 12.5055 11.0979 6.66105 42.0489 27.2234 13.3992
internal_count=12991 8896 8107 7764 7314 7141 5783 1447 4336 2635 1701 492 286 450 444 2143 1334 281 1053 1358 367 817 415 402 203 377 185 4095 1284 105
is_linear=0
shrinkage=0.05


Tree=107
num_leaves=31
num_cat=0
split_feature=39 20 34 48 44 21 20 31 33 38 42 42 27 3 43 42 46 4 43 24 5 25 48 2 6 23 31 40 42 0
split_gain=10.6805 8.64548 6.80358 7.0174 6.5865 6.25143 7.78886 6.91233 6.90046 6.63418 9.82585 6.61151 5.88843 5.56124 6.58066 5.46019 5.26462 5.48331 5.42027 4.95938 5.11376 4.88198 4.79762 4.76485 4.62772 6.12782 4.42672 4.2551 4.0136 3.92808
threshold=0.43757912516593939 -1.7325006723403928 0.9012073576450349 0.71353301405906688 -1.2002207636833189 0.45415681600570684 -0.024157895706593987 -0.57182919979095448 -0.62854990363121022 -0.33548542857170099 0.55190059542655956 0.67521971464157116 0.70927444100379955 -0.2587378174066543 -0.4220301210880279 0.53534570336341869 -0.5980849266052245 -0.16295675188302991 0.10799370333552362 -0.34188529849052424 -0.80293953418731678 -0.29497933387756342 -0.76047945022582997 2.3498611450195317 0.79161822795867931 1.1737705469131472 1.0006288290023806 -1.056215167045593 0.68091887235641491 -0.94306200742721547
decision_type=2 2 2 2 2 2 2 2 2 2 2 2 2 2 2 2 2 2 2 2 2 2 2 2 2 2 2 2 2 2
left_child=1 4 3 5 27 6 7 -3 11 10 -7 21 13 14 -11 -5 24 19 26 -18 -21 -9 -15 -24 -12 -26 -19 -1 -20 -8
right_child=-2 2 -4 15 -6 9 29 8 -10 12 16 -13 -14 22 -16 -17 17 18 28 20 -22 -23 23 -25 25 -27 -28 -29 -30 -31
leaf_value=-0.12830234134376561 -0.036599470311024083 -0.039280033707068326 -0.05042887430272025 -0.057142443682283564 0.034995941971090502 -0.046623315702026054 -0.028480851933973386 -0.029754270911905009 0.028513552788371938 -0.065959882716711646 -0.038886128244688678 0.051562313491416635 0.038634000312514155 0.045679448343973396 0.036352778132355164 0.053327799223661369 -0.045751163982259251 -0.016771797628756732 -0.049711394354876537 -0.04917849616183996 0.027766786495545388 0.019931821740781491 -0.036733208991509156 0.041276675748390196 0.020181788130542569 -0.085647858461709858 0.032221069988393268 -0.0047607098223483814 0.052354914184670621 0.026235489636992834
leaf_weight=0.93184756860137019 18.508988790679723 11.204694951418785 6.61025469622109 1.2669905859511335 28.772490731440485 18.845906572416425 3.5183472689241162 21.591609105933461 18.4139609169215 1.8101081603672362 19.294388087932024 3.8426913591101757 12.174905840540303 2.5803110692650071 11.929083628812801 9.5475600452627969 3.0077131907455614 11.809695498785009 10.778229374438522 2.3458871209295493 27.150776799768209 6.412037906702607 15.970128258690243 2.2308847424574187 8.4087899767328036 1.6335503968875844 7.5633906731382003 2.7653602724894872 1.0577032696455706 48.438390291295946
leaf_count=12 2472 374 1711 90 932 2043 65 300 332 109 431 142 268 48 230 379 96 214 246 125 419 100 670 33 165 15 73 53 38 758
internal_value=0.000335246 0.00245891 -0.00028557 0.000886381 0.0269235 -0.000684005 0.00827906 -0.00376758 0.00414933 -0.00709423 -0.0137005 -0.00993838 0.00873625 -0.00180827 0.0228733 0.0403855 -0.00703242 0.00103781 -0.0139317 0.0154107 0.0216473 -0.0183776 -0.0181261 -0.0271716 -0.0245593 0.00296687 0.00235537 -0.0358983 -0.0405904 0.0225303
internal_weight=340.417 321.908 289.438 282.828 32.4697 272.013 113.422 61.465 50.2603 158.591 111.896 31.8463 46.6954 34.5205 13.7392 10.8146 93.0501 63.7134 31.209 32.5044 29.4967 28.0036 20.7813 18.201 29.3367 10.0423 19.3731 3.69721 11.8359 51.9567
internal_count=12943 10471 9474 7763 997 7294 2071 1248 874 5223 3865 542 1358 1090 339 469 1822 1211 571 640 544 400 751 703 611 180 287 65 284 823
is_linear=0
shrinkage=0.05


Tree=108
num_leaves=31
num_cat=0
split_feature=15 39 4 17 21 4 38 36 30 43 32 26 46 22 41 47 4 45 31 1 4 27 43 46 38 43 21 34 20 21
split_gain=9.72777 8.37031 6.62127 9.87132 7.16157 7.27529 6.7645 6.63411 5.5391 5.2393 5.14966 5.63007 5.37763 5.1378 6.25591 4.88186 4.73902 6.10714 4.38491 4.38456 4.18348 4.08003 4.17116 4.66151 4.51506 4.07386 4.03532 8.94644 3.94459 4.44545
threshold=-1.0029196143150327 -0.15516287833452222 -0.16284327208995816 2.1635292768478398 0.3284087479114533 -0.16295672208070752 2.3394932746887211 1.0708709359169009 -0.12518287450075147 0.16173055768013003 -0.084044706076383577 -0.21480731666088101 -0.3982109129428863 0.0059102778322994718 -0.18858078867197034 -0.17554281651973722 -0.16295655816793439 -0.94534692168235768 -1.2993072271347044 -1.7340817451477049 -0.16295694559812543 -1.5726665258407591 0.53710144758224498 0.74163901805877697 -0.35976202785968775 0.41519781947135931 -3.610843181610107 -1.0356339812278745 -1.3686283230781553 -0.49974441528320307
decision_type=2 2 2 2 2 2 2 2 2 2 2 2 2 2 2 2 2 2 2 2 2 2 2 2 2 2 2 2 2 2
left_child=16 2 4 7 10 9 26 25 -3 -6 11 -2 -12 -7 19 20 17 28 -10 -15 -11 -13 23 24 -23 -4 -5 -28 -1 -30
right_child=1 8 3 6 5 13 -8 -9 18 15 12 21 -14 14 -16 -17 -18 -19 -20 -21 -22 22 -24 -25 -26 -27 27 -29 29 -31
leaf_value=0.049491656934265736 -0.032077397767646565 -0.049197149913142675 0.016203923955411963 -0.13857291824658299 0.024379582123819916 -0.039282932565923294 0.028333560818779087 -0.02634388312117715 0.074371500297853249 0.025096861618082195 -0.00293686085144084 0.088022854346844398 0.048238488445829938 0.084442709614126407 -0.054150429939434253 -0.058890339998392674 0.05201456953649633 0.026708241696477071 -0.014714112581017841 -0.0031728925349010771 -0.020180485103268687 0.034587019204154357 -0.031396680276354949 -0.033573521860950223 -0.03282728978536488 0.043578144638767226 0.046251970944699232 -0.068719283681329943 0.013445494258877949 -0.082255828573088552
leaf_weight=1.2882597455754874 11.177963399211874 12.829204635112545 34.471996414940804 1.0996120115742076 16.925330871483311 29.039696429623291 4.0985608396586022 6.4943510839948422 1.4290705467574287 8.7169020720757562 8.3923113131895679 1.5604579448699976 13.219795124838127 1.5325440353481123 6.1389430600684127 4.4801118839532128 10.875465386547146 19.662114728474993 41.31515150074847 20.915828987606805 12.301157765323298 16.895043138647459 6.2134500893298528 4.1550862342119208 2.9117516018450287 22.438048471696675 2.3442873251624388 6.0815390185452998 1.8874240587465463 3.3981588808819643
leaf_count=59 307 3020 760 12 597 952 72 271 7 78 189 3 198 11 705 348 594 598 2169 475 162 185 69 78 102 583 67 234 34 44
internal_value=0.0001269 -0.00288722 0.00113729 0.0132362 -0.00452549 -0.0129017 -0.0253773 0.0215333 -0.0203837 0.00281261 0.00846224 -0.00156179 0.0283663 -0.0244702 -0.00942299 -0.0115032 0.0242632 0.0127595 -0.0117357 0.0028086 -0.00140243 0.0091864 0.00510953 0.0145758 0.0246766 0.0269968 -0.0484878 -0.0367312 -0.0289607 -0.0480819
internal_weight=334.29 297.178 241.605 77.0284 164.576 100.051 13.624 63.4044 55.5734 42.4235 64.5259 42.9138 21.6121 57.627 28.5873 25.4982 37.1114 26.236 42.7442 22.4484 21.0181 31.7358 30.1753 23.9619 19.8068 56.91 9.52544 8.42583 6.57384 5.28558
internal_count=12983 11654 6458 1999 4459 3328 385 1614 5196 1185 1131 744 387 2143 1191 588 1329 735 2176 486 240 437 434 365 287 1343 313 301 137 78
is_linear=0
shrinkage=0.05


Tree=109
num_leaves=31
num_cat=0
split_feature=29 39 42 26 32 24 37 21 27 17 43 46 1 5 47 6 15 44 48 22 4 27 0 26 25 43 0 5 3 36
split_gain=8.85217 7.13243 6.89934 6.0581 7.88752 5.93457 6.00655 5.48961 5.95173 7.19446 6.2165 5.53149 4.97549 5.09999 5.40416 4.49042 4.61871 4.26572 4.49782 4.21481 4.18308 4.15898 4.15547 4.0531 4.02167 3.96625 3.82132 3.81474 3.72314 4.32384
threshold=-0.083046518266201005 0.018170827068388466 0.69054177403450023 -0.71461310982704151 0.45040053129196173 -0.3415857702493667 -2.183942317962646 0.46731172502040869 0.80312761664390575 -0.61991378664970387 -0.61639678478240956 2.5147664546966557 1.5916138887405398 1.2449011206626894 -0.13796447962522504 0.91097220778465282 -0.88561978936195362 -1.2002207636833189 -0.76047945022582997 0.53542667627334606 -0.16295688599348065 -0.93512809276580799 -1.1508126854896543 0.26549156010150915 -1.7684231400489805 0.65255272388458263 -1.106053292751312 -0.19320522248744962 -0.35270002484321589 -0.14042666554450986
decision_type=2 2 2 2 2 2 2 2 2 2 2 2 2 2 2 2 2 2 2 2 2 2 2 2 2 2 2 2 2 2
left_child=1 3 5 24 17 15 -7 20 9 -9 -11 12 13 14 -12 -2 -17 -5 -19 25 -8 -20 -15 -23 -1 26 -16 -10 -22 -30
right_child=2 -3 -4 4 -6 6 7 8 27 10 11 -13 -14 22 19 16 -18 18 21 -21 28 23 -24 -25 -26 -27 -28 -29 29 -31
leaf_value=0.02413044503746949 -0.048748036072401406 -0.050618921477353321 0.039551165607779132 -0.037397366692282434 -0.056996977338205204 -0.031976912418396883 0.053215709692418338 -0.052218264752600267 -0.01941154302602037 -0.048547863819826446 0.026148275811904431 -0.060408392192745811 -0.043357638220690393 0.022880553028428129 0.06015066730569768 0.052002738452578648 -0.051777450693540075 0.030186813569771938 0.018583259538787266 0.027807143644025534 0.035016234188300847 -0.040735748390562626 -0.042443218648360558 0.00021814873702352051 -0.047024271446279083 0.015944882092938928 -0.052446430940152999 0.029162579295636915 0.022509642696483863 -0.0066467358379404765
leaf_weight=2.3472221950069061 9.0545478919520956 10.700258208438752 14.205076579703016 5.840997537598013 5.8710381517885244 10.049822553293778 7.6855279896408311 7.4855048658791921 4.8716198592446771 6.3605912198545402 38.059043928049491 3.3034666951280078 4.8240464823320499 3.570501004345715 0.83265568758359965 2.7957702949643135 1.7389100836589921 15.924557929392895 17.328054765821427 6.1981940099503836 16.373393901623785 8.778380720061266 7.6521546384319645 19.376543328049593 12.897214432829058 4.5141359118279061 7.9291979295667527 23.734726225025952 24.874404375441372 26.014243316836655
leaf_count=48 178 2568 952 209 397 186 100 172 206 628 491 98 219 101 14 48 33 153 428 304 267 508 230 615 1225 129 727 681 410 653
internal_value=0.00044815 -0.0120648 0.00578826 -0.00739617 -0.0014184 0.00358746 0.00571531 0.00766504 0.00100439 -0.00526554 -0.00104344 0.00288662 0.00572833 0.0091723 0.0151866 -0.0284078 0.0122062 0.00343381 0.00731761 -0.00623605 0.0182705 -0.000689383 -0.0216604 -0.0125508 -0.0360684 -0.0221299 -0.0417461 0.0208905 0.0142776 0.00760492
internal_weight=331.192 99.0643 232.128 88.364 73.1196 217.922 204.333 194.283 119.336 90.7295 83.244 76.8834 73.5799 68.7559 57.5332 13.5892 4.53468 67.2485 61.4075 19.4742 74.9476 45.483 11.2227 28.1549 15.2444 13.276 8.76185 28.6063 67.262 50.8886
internal_count=12978 6151 6827 3583 2310 5875 5616 5430 4000 3113 2941 2313 2215 1996 1665 259 81 1913 1704 1174 1430 1551 331 1123 1273 870 741 887 1330 1063
is_linear=0
shrinkage=0.05


Tree=110
num_leaves=31
num_cat=0
split_feature=20 34 0 21 20 43 31 33 42 4 17 47 47 22 4 43 26 42 7 46 6 48 25 22 27 38 17 6 46 34
split_gain=9.45043 7.74775 6.70291 5.66122 7.27252 5.69718 6.59497 6.99762 5.34506 5.2945 7.98893 7.71176 7.20694 7.0497 6.09053 6.36574 5.42034 5.24457 5.0161 6.04388 4.59644 4.59141 4.47793 4.24424 4.10687 4.45887 5.4067 3.96299 4.35725 3.89887
threshold=-1.7735249996185301 0.9012073576450349 -1.1830742359161375 0.44138310849666601 -0.024157895706593987 1.146700441837311 -0.53173592686653126 -0.62854990363121022 0.67521971464157116 -0.16291869431734082 0.039066325873136527 0.12176237255334856 -0.13796447962522504 -0.015255189035087822 -0.16295645385980603 -0.02951532136648893 -0.5566144287586211 -0.088514272123575197 0.78559216856956493 0.88999685645103466 -1.7351661324501035 -0.79484766721725453 -0.29497933387756342 -0.51546764373779286 -0.30793526768684382 2.4277124404907231 2.263275265693665 0.76125264167785656 1.7923455834388735 0.10359749197959901
decision_type=2 2 2 2 2 2 2 2 2 2 2 2 2 2 2 2 2 2 2 2 2 2 2 2 2 2 2 2 2 2
left_child=20 2 -2 4 5 6 -4 8 22 12 21 16 13 14 15 -5 -12 24 19 -17 -1 -11 -8 -9 25 26 -18 28 -15 -29
right_child=1 -3 3 9 -6 -7 7 23 -10 10 11 -13 -14 27 -16 18 17 -19 -20 -21 -22 -23 -24 -25 -26 -27 -28 29 -30 -31
leaf_value=-0.062780696616327208 0.04414710935260216 -0.050475006822686345 -0.044892679734124974 0.030808904313270036 0.020312940598092702 0.036987619364810438 -0.034027936243100514 -0.029089664412186973 0.05167797566203064 -0.33944546362224559 -0.049563905925440521 -0.05136760075589291 -0.037082714978716132 -0.0091300613853132571 -0.048272440635072439 -0.012666075794734194 -0.0083369315372613922 -0.055023666824587883 0.041456333034377395 -0.067432627489041705 0.032509595350968888 0.039615359346158639 0.015957231242023341 0.03520627035865953 0.035512654997122237 0.059153059669907943 -0.13532032050758011 0.043850099303333771 0.066874294266778933 -0.045352510890086746
leaf_weight=1.3270462360233093 8.1158817997202259 8.0186901744455081 10.971054835012181 8.0432047268841398 52.346974851097912 7.2589730073232195 20.97450569737703 3.1385541700292405 2.6057112133130422 0.080345176160334542 4.0051117977127459 7.6985745331039643 26.093338050530292 20.147402388276536 13.056122748414053 20.669924005283981 5.5541865630075407 2.5695155779831067 3.0635549922008058 6.661020017694681 27.288854252314195 13.967034541070459 5.6977390232495955 14.086625672644006 15.421046826522797 1.9202790763229129 0.98726032045669843 10.658753059338776 2.0804304387420407 1.3840241718571622
leaf_count=28 292 2239 458 99 1051 278 281 105 109 1 150 1392 3129 384 297 398 104 53 48 127 905 272 65 229 239 14 23 96 18 27
internal_value=0.000647327 -0.00199437 -0.000650407 -0.0019436 0.00645532 -0.00475075 -0.0100223 -0.00179564 -0.0166727 -0.00793739 0.00521072 -0.00665739 -0.0140735 -0.00707313 -0.0187677 -0.00874586 0.00464381 0.0128513 -0.0192131 -0.0260136 0.0280906 0.0374473 -0.0233501 0.0234911 0.0201539 -0.00783657 -0.0275018 0.0104988 -0.00201638 0.0335984
internal_weight=325.892 297.276 289.257 281.141 117.08 64.7332 57.4742 46.5031 29.278 164.061 52.2034 38.156 111.858 85.7644 51.4938 38.4377 30.4574 26.4523 30.3945 27.3309 28.6159 14.0474 26.6722 17.2252 23.8828 8.46173 6.54145 34.2706 22.2278 12.0428
internal_count=12911 11978 9739 9447 2576 1525 1247 789 455 6871 2248 1975 4623 1494 969 672 583 433 573 525 933 273 346 334 380 141 127 525 402 123
is_linear=0
shrinkage=0.05


Tree=111
num_leaves=31
num_cat=0
split_feature=34 0 15 38 7 48 48 4 48 39 16 32 4 6 39 1 6 46 7 47 46 28 15 39 26 40 30 2 35 48
split_gain=8.13683 7.99907 6.71572 8.76496 10.4724 10.2554 9.81553 8.48411 7.6294 7.2499 7.70368 6.00557 6.18001 6.11742 5.72989 5.24104 5.90247 8.38892 7.66428 5.41986 5.17492 5.04913 4.31916 5.63267 4.04696 4.00747 3.96511 3.94873 3.92897 3.91284
threshold=0.9012073576450349 -1.1552844047546384 -0.80236974358558644 -0.30468586087226862 -1.5199029445648191 0.031847024336457259 -0.81816944479942311 -0.1629558131098747 -0.7639138102531432 -0.43085643649101252 -0.46996068954467768 -0.084044706076383577 -0.16295669227838513 0.53940176963806163 -0.65212500095367421 -1.3050677776336668 0.25400513410568243 0.97502520680427562 0.70251125097274791 -0.061027757823467248 0.32446487247943884 0.20799566060304644 1.9795379638671877 -0.25825265049934382 -0.63203275203704823 0.35493114590644842 -1.6534060835838316 -0.79417580366134632 10.159779548645021 -0.81000196933746327
decision_type=2 2 2 2 2 2 2 2 2 2 2 2 2 2 2 2 2 2 2 2 2 2 2 2 2 2 2 2 2 2
left_child=1 27 7 6 8 24 26 15 28 10 -8 13 -13 -12 -15 -3 -17 19 -19 -18 21 -14 23 25 -6 -10 -4 -1 -5 -26
right_child=-2 2 3 4 5 -7 9 -9 22 -11 11 12 20 14 -16 16 17 18 -20 -21 -22 -23 -24 -25 29 -27 -28 -29 -30 -31
leaf_value=-0.033398023046424502 -0.050443452033038676 -0.046910452015974533 -0.018011123575571893 0.031637959857652741 -0.025218867095299181 -0.054102954383567853 -0.046962269928012591 0.050780049319770384 0.01608651966128458 -0.035984583181223814 -0.041948665655026064 0.050246628976662794 0.0096945171580144207 0.033119627459494663 -0.020069993786950298 -0.028459115802301961 0.025893299238590819 -0.043976260341696639 0.039558349044922683 -0.030840073217237071 0.032798909659619055 -0.056110034284633341 -0.063136016636699321 -0.043372729461542421 -0.05092590366482716 -0.051350963511434825 0.055129549891972364 0.038815312254423806 -0.089740682311531345 0.045548483406115947
leaf_weight=2.1008843532763448 7.564225105685181 4.5654859321657559 2.5431531928479671 11.507417768239971 2.4285711846314397 3.4390099232550702 11.269989884574896 11.592431128956376 13.216266171773897 37.249204076826572 13.649041211465372 8.7023370868992078 6.2152034083846974 8.3791895853355545 12.794760708464308 9.7120511727407557 53.56008294806815 10.2748228861019 3.7472950208466491 4.5687892797868761 7.1584913551341733 5.4899093341082335 5.3030985299265003 9.7984479917213338 1.091734417714181 2.6436187834478906 6.8282762588933092 19.135862859431654 0.70770752988755781 28.177337568253279
leaf_count=33 2244 140 20 231 130 437 237 504 217 3594 397 104 145 88 179 243 835 167 58 295 96 137 265 883 29 89 53 729 7 408
internal_value=0.000808246 0.00202794 -9.44607e-05 -0.00538011 0.00763781 0.0279062 -0.013856 0.0106144 -0.00885642 -0.0180079 -0.00891719 -0.00204469 0.015391 -0.0158468 0.000978791 0.00522708 0.00813478 0.0130606 -0.0216523 0.0214342 -0.000688887 -0.021169 -0.0220581 -0.0135681 0.0368037 0.00484564 0.0352811 0.0316715 0.0246056 0.04195
internal_weight=325.415 317.85 296.614 198.593 78.3132 35.1367 120.28 98.021 43.1766 110.908 73.6589 62.3889 27.5659 34.823 21.174 86.4285 81.863 72.151 14.0221 58.1289 18.8636 11.7051 30.9614 25.6583 31.6976 15.8599 9.37143 21.2367 12.2151 29.2691
internal_count=12994 10750 9988 7746 2696 1004 5050 2242 1692 4977 1383 1146 482 664 267 1738 1598 1355 225 1130 378 282 1454 1189 567 306 73 762 238 437
is_linear=0
shrinkage=0.05


Tree=112
num_leaves=31
num_cat=0
split_feature=34 20 30 42 44 38 43 37 41 17 38 27 47 45 34 48 27 15 1 42 44 1 3 40 16 30 6 47 1 48
split_gain=7.91822 7.08949 5.34138 6.06031 5.24161 5.08722 5.66194 5.28462 6.863 5.20156 5.14313 4.58953 6.3507 4.46738 4.31124 4.29502 4.26949 4.98032 4.68349 4.09978 3.96799 3.94818 3.88557 3.85667 3.71887 3.68371 3.87092 3.76085 3.52443 3.48888
threshold=0.9012073576450349 -1.6888536810874937 -1.4397623538970945 0.70745801925659191 -0.51394349336624134 -0.37608680129051203 1.1657771468162539 -0.28949928283691401 -0.21443914622068402 0.86061623692512523 2.2988460063934331 0.067975103855133071 -0.47185002267360682 -0.22905506193637845 -1.3539445996284483 -0.10835365951061247 -0.40979753434658045 -0.89315509796142567 -2.0109305381774898 0.622818022966385 -0.84736338257789601 -1.287400424480438 -0.34363414347171778 -0.60799095034599293 -0.61651191115379322 -0.23167032748460767 0.52145579457283031 -0.47185002267360682 1.3978791236877444 -0.81000196933746327
decision_type=2 2 2 2 2 2 2 2 2 2 2 2 2 2 2 2 2 2 2 2 2 2 2 2 2 2 2 2 2 2
left_child=1 4 -3 5 19 15 7 8 10 16 11 12 23 -10 29 -4 17 22 -19 -1 -18 -22 -9 -7 -14 -16 27 -27 -29 -13
right_child=-2 2 3 -5 -6 6 -8 9 13 -11 -12 14 24 -15 25 -17 20 18 -20 -21 21 -23 -24 -25 -26 26 -28 28 -30 -31
leaf_value=-0.022427603211658029 -0.05043235573373013 -0.03071200354896178 -0.057383334665097555 0.049270310315712079 0.038657657658186399 0.021272437944290203 0.031232965881995409 0.058493247777914918 0.0070549282028057204 -0.03651551824160771 0.043968984718629214 0.04921263962437343 0.021506173642843157 -0.063559514913968579 -0.043590194780735017 0.03738125640942478 -0.014666094250281043 0.082610036308123067 -0.017734316738490748 0.043467615779643094 -0.03405942100357013 0.019237705317298653 -0.011734542612485091 -0.051865201991034775 -0.046885913566561056 -0.032875225874501396 0.041415056373741016 0.021947129521288303 -0.033020959607634529 -0.06714072600111641
leaf_weight=8.0954386005178076 7.2945524209644637 13.746634297887793 6.3697840998647735 6.4119691979140034 21.605027488898486 9.322638697922228 14.865110439015551 4.754622601903975 3.0050462530925879 7.0619814484380177 5.0779721182771018 0.79303015023469914 2.2345056462800121 8.7951819713925907 3.1917771841399363 1.4719810186652456 11.220795872504821 1.2055285142268974 32.847575901309028 3.3319551972672334 3.6295081200078121 81.515979827847332 3.3625029621180129 2.2345125605352214 17.99182022118476 5.72310478799045 8.7237738142721337 17.58076053287369 3.4960210914723566 3.4345518937334409
leaf_count=179 2247 793 175 418 854 88 541 55 118 459 72 10 83 874 165 71 502 12 1755 109 102 2013 78 30 622 72 140 253 90 53
internal_value=0.00106484 0.00226461 -0.000319275 0.00124949 0.0241723 6.48222e-05 0.00129863 -0.000577305 -0.00998615 0.00534236 -0.00472356 -0.00803242 -0.0224357 -0.0455768 0.00262793 -0.039595 0.00747609 -0.00579282 -0.014182 -0.00321413 0.0132826 0.0169658 0.0294015 0.00713167 -0.0393303 0.00786307 0.0124861 0.0030693 0.0128295 -0.0453146
internal_weight=320.396 313.101 280.069 266.322 33.0324 259.91 252.068 237.203 91.6047 145.598 79.8045 74.7265 31.7835 11.8002 42.943 7.84177 138.537 42.1702 34.0531 11.4274 96.3663 85.1455 8.11713 11.5572 20.2263 38.7154 35.5237 26.7999 21.0768 4.22758
internal_count=13033 10786 9644 8851 1142 8433 8187 7646 2670 4976 1678 1606 823 992 783 246 4517 1900 1767 288 2617 2115 133 118 705 720 555 415 343 63
is_linear=0
shrinkage=0.05


Tree=113
num_leaves=31
num_cat=0
split_feature=15 30 26 32 11 34 0 4 1 18 47 46 11 3 38 42 27 7 48 48 2 25 43 15 11 38 48 34 36 27
split_gain=7.51065 7.00026 7.99679 6.59039 6.36063 5.4982 5.38297 5.50283 6.05915 7.10773 6.0232 5.55126 7.57372 7.01844 4.78385 9.85055 5.01846 4.65104 6.22749 4.62588 4.54093 4.49058 4.38866 4.19019 4.16856 4.52164 4.267 4.00815 4.24293 3.97441
threshold=-1.154469311237335 -0.26266771554946894 -0.51377081871032704 0.17120720446109775 -0.30787456035614008 0.9012073576450349 -1.1863840818405149 -0.16295688599348065 1.313270688056946 -0.09297147765755652 -0.10111210867762564 0.8681313991546632 -0.30426529049873346 -0.35039331018924708 -0.24034670740365979 0.53534570336341869 -0.62260705232620228 -1.7276051044464109 -0.7044854164123534 -0.43944138288497919 -0.26798935234546656 0.040081467479467399 1.1026934385299685 -0.93888697028160084 -0.30124913156032557 -0.3687624186277389 -0.73842164874076832 -1.2952092289924619 -2.4243401288986202 1.1811261177062991
decision_type=2 2 2 2 2 2 2 2 2 2 2 2 2 2 2 2 2 2 2 2 2 2 2 2 2 2 2 2 2 2
left_child=-1 2 27 19 20 6 -6 10 11 -10 -8 13 -13 -9 15 22 -17 18 -16 24 23 -18 -15 -3 25 26 -4 28 -2 -11
right_child=1 4 3 -5 5 -7 7 8 9 29 -12 12 -14 14 17 16 21 -19 -20 -21 -22 -23 -24 -25 -26 -27 -28 -29 -30 -31
leaf_value=0.0386159506932158 -0.097570722141954086 0.031622123349451435 0.033479393201446044 -0.046208248274757356 0.04557476235472939 -0.050515832175510401 0.041989515901872651 0.040032135391642291 0.013896543822041051 -0.047756740824467347 -0.036343680456651699 -0.043009228324257014 0.008176305219146909 -0.045507479660194021 0.03756711100896673 -0.031508491638922158 0.027932608455564164 0.038725780946340445 -0.032727962275243758 -0.031021349291252873 -0.061474317614387652 -0.007686388650826919 0.051219204448676239 -0.034995076615269988 0.024395061803609133 -0.045667120875658877 -0.016982378384219232 -0.052891570721439546 0.028060284509827806 0.018344684085162662
leaf_weight=12.56841451441869 0.84393933136016119 4.2039512875489882 7.8155476422980472 8.1932086789747682 8.8142702062614244 4.1874566767364731 16.86238945112564 18.708112710737623 10.653250597417356 15.057531653088519 2.8719694480532771 11.952581608900802 18.27916071144864 13.539926638361058 5.7857532077468949 6.3810512751806518 26.932148938300088 18.165839636232711 6.9178107507759705 8.829070787294766 5.9207080709747961 13.178592443815431 1.2838748553767789 5.3829895077506071 21.455874538980424 5.5327315442264071 9.0289215825032443 15.478390502627006 3.300021474016833 2.6785161537118247
leaf_count=717 18 55 80 879 343 1167 194 413 179 522 155 242 478 858 178 103 431 359 272 1405 86 277 47 143 297 136 243 2530 60 86
internal_value=0.00075384 -0.000841767 -0.0134425 -0.00449267 0.00381515 0.0061814 0.0073801 0.00560118 0.0026921 -0.0183843 0.0305896 0.00693193 -0.0120607 0.0121097 0.00644311 -0.00163868 0.00967767 0.0224959 -0.000712541 0.00199747 -0.0270455 0.0162298 -0.0371301 -0.00578289 0.00864828 -0.00645017 0.00643103 -0.041199 0.00247487 -0.037774
internal_weight=310.804 298.236 80.4777 60.8554 217.758 202.25 198.063 189.249 169.514 28.3893 19.7344 141.125 30.2317 110.893 92.185 61.3156 46.4918 30.8694 12.7036 52.6621 15.5076 40.1107 14.8238 9.58694 43.8331 22.3772 16.8445 19.6224 4.14396 17.736
internal_count=12953 12236 5648 3040 6588 6304 5137 4794 4445 787 349 3658 720 2938 2525 1716 811 809 450 2161 284 708 905 198 756 459 323 2608 78 608
is_linear=0
shrinkage=0.05


Tree=114
num_leaves=31
num_cat=0
split_feature=39 15 12 43 4 7 21 25 43 32 43 42 47 48 48 4 29 24 7 7 31 33 1 41 6 22 36 20 33 2
split_gain=7.72359 6.94346 6.71432 5.48234 6.51711 11.3572 7.39106 5.72737 5.72344 5.44608 5.58092 6.94011 5.3845 5.19229 5.13565 4.87796 4.82726 4.82665 6.43214 4.75961 4.63975 4.58707 4.56044 4.45765 4.39949 4.73737 4.38455 4.38252 4.15345 3.90759
threshold=-0.57837483286857594 -0.69511395692825306 -0.91085758805274952 -0.64556467533111561 -0.1629558131098747 -1.5614432692527769 -0.63271600008010853 -1.6315758824348447 0.63457834720611583 -0.10588161647319792 0.16173055768013003 0.57309466600418102 0.29460720717906957 -0.77393397688865651 -0.72764158248901356 -0.16295688599348065 -1.6321915984153745 -0.2184842377901077 0.5778898596763612 0.6194303333759309 -0.58553487062454213 -1.0616940855979917 -1.9504678249359129 -0.32938440144062037 0.76125264167785656 -0.67928329110145558 -0.89288631081581105 -1.825243294239044 0.51891085505485546 -0.12630404531955716
decision_type=2 2 2 2 2 2 2 2 2 2 2 2 2 2 2 2 2 2 2 2 2 2 2 2 2 2 2 2 2 2
left_child=1 16 -2 -4 6 14 19 -8 12 24 11 -11 17 22 21 23 -1 18 -7 -5 -19 -6 -3 -12 -9 -26 -15 -16 -18 -21
right_child=2 13 3 4 5 8 7 9 -10 10 15 -13 -14 26 27 -17 28 20 -20 29 -22 -23 -24 -25 25 -27 -28 -29 -30 -31
leaf_value=-0.054693722683751139 -0.043291067219026612 -0.017890811137151012 -0.044730632230100854 -0.011300650318722121 -0.059137468497188164 -0.040277274830851736 0.06442195840060895 -0.049848167287099149 0.041558669242307063 -0.028710810363185419 0.038497497412619403 0.036197103006647337 -0.042664548435173984 -0.03871131238632549 0.062691084736785072 -0.047304729113186665 0.036276479707308844 -0.069333100430254591 0.033533048033376429 0.047013462568688283 0.048122490593360746 0.051700349195372447 0.034175925758821939 -0.051406945005619403 0.02539590707608946 -0.030063421618369574 0.00028266068358182592 -0.041003293570944267 -0.053802613916225865 -0.010754976636903663
leaf_weight=1.6465462464839209 10.923025603173299 5.4684994053095606 7.5224661132087922 11.049100188771265 1.244622587226331 6.2468577179824951 2.0928323122207066 18.609099253197201 22.990489599527791 6.2623221086105358 4.170317058917135 12.02830646233633 4.4255026179598635 8.5837510477285814 1.0922692287713331 10.270153312711043 34.027014932828024 0.90830742032267231 5.5954792005941272 11.163520703790708 11.310826481552795 3.7338963719084886 18.21030451497063 2.0597010003402856 5.1171951591968563 15.55689957551658 45.008925187517889 15.179905222728845 1.3296852270141233 3.9677141645224756
leaf_count=15 806 58 1198 310 12 222 33 1114 711 1047 82 172 711 150 13 449 1108 44 144 145 123 70 334 305 121 482 1606 1300 15 78
internal_value=0.000874147 0.0111813 -0.00521224 -0.00293436 -0.0011385 0.0103053 -0.00927052 -0.017148 0.0230003 -0.0194527 -0.00504643 0.013974 0.00802277 0.00265236 -0.0204469 -0.0261308 0.0289916 0.0173454 -0.00540205 0.0136477 0.0393914 0.0239911 0.0221514 0.00877427 -0.0322114 -0.0163363 -0.00596287 -0.0340428 0.0328888 0.0318654
internal_weight=307.796 114.275 193.521 182.598 175.075 72.7282 102.347 76.1668 51.4775 74.074 34.7908 18.2906 28.487 77.2715 21.2507 16.5002 37.0032 24.0615 11.8423 26.1803 12.2191 4.97852 23.6788 6.23002 39.2832 20.6741 53.5927 16.2722 35.3567 15.1312
internal_count=12978 3286 9692 8886 7688 3350 4338 3805 1955 3772 2055 1219 1244 2148 1395 836 1138 533 366 533 167 82 392 387 1717 603 1756 1313 1123 223
is_linear=0
shrinkage=0.05


Tree=115
num_leaves=31
num_cat=0
split_feature=30 26 39 15 45 16 15 24 48 7 39 17 39 34 16 48 37 16 42 15 34 15 2 2 21 47 29 42 10 36
split_gain=8.83994 8.52561 6.55072 7.97817 6.15031 5.60032 6.70869 5.84128 6.46122 5.12905 5.12663 5.05035 5.08252 5.12686 4.86694 4.29532 4.25471 4.21889 4.18033 4.03139 4.0225 4.02118 3.95555 3.93667 4.01294 3.87988 3.76522 3.72968 4.69678 3.336
threshold=-0.15792120248079297 -0.19019068777561185 -0.54357796907424916 -0.69511395692825306 -0.91876778006553639 -0.39077316224575037 -0.80236974358558644 -0.33955895900726313 -0.069384519010782228 -1.5614432692527769 -0.16075217723846433 -0.38711650669574732 -0.43608653545379633 -0.85817214846611012 -0.2167653143405914 -0.78973218798637379 -1.8289716243743894 -0.41165243089199061 0.69823575019836437 -0.78879058361053456 -1.3310502171516416 -0.43307285010814661 1.6545249819755556 0.064527872949838652 -0.71955534815788258 -0.32133017480373377 0.11239108443260194 0.66445833444595348 0.7281509041786195 -2.4243401288986202
decision_type=2 2 2 2 2 2 2 2 2 2 2 2 2 2 2 2 2 2 2 2 2 2 2 2 2 2 2 2 2 2
left_child=1 20 3 -2 14 25 16 -8 9 -9 17 12 21 -14 -4 -5 -7 18 22 -16 29 -11 -3 24 26 27 -17 -6 -29 -1
right_child=2 10 4 15 5 6 7 8 -10 11 -12 -13 13 -15 19 23 -18 -19 -20 -21 -22 -23 -24 -25 -26 -27 -28 28 -30 -31
leaf_value=-0.066629215479966877 0.039132932972007678 -0.057672330998342181 -0.046640542279096614 0.041973188366321482 -0.044931783078388382 -0.044788772646215988 -0.046324975706367615 -0.01732858400086924 -0.050343374651832806 0.051079101840575306 -0.047703362093869342 0.04813894063962449 0.062212639430053833 -0.042780149916127441 0.022392212797617092 -0.058325316231731553 0.040015332399666717 0.0099010776712007541 0.045014964042572811 -0.022735077416371163 -0.042914766140065785 -0.058345483112873332 0.025868096082376158 0.017789320438212596 -0.023505826850810294 0.0042794958458425509 0.039445386877029878 0.057960208816853792 -0.080868237520656736 0.027820862458988578
leaf_weight=1.2232065021526066 27.919890763238072 6.7393147059483436 10.972822915762665 7.1668077670037738 11.148107344750317 1.5821148790419126 5.4964140299707642 9.1373539678752405 4.185562905855476 6.1064716338878497 5.4669546515215179 13.294037482468413 1.4343970213085375 6.1387217137962633 7.9933112249709692 1.2050271887565056 22.699430517852306 43.614262570510618 1.7356673018075515 12.994284366606733 24.415476403548382 0.97341894649434468 1.7941703438991679 18.76513606950175 19.678350959671661 16.040640190592967 5.386206143302843 2.1206587161868806 0.85480624251067627 3.9663680077064809
leaf_count=24 1082 225 179 236 132 13 278 306 792 48 1292 213 13 602 103 23 281 1184 44 436 3217 71 24 480 527 876 100 34 4 85
internal_value=0.000739834 -0.012501 0.00626199 0.0175589 -0.000534615 0.00550349 0.0131671 0.00209611 0.00854493 0.0151914 -0.00156854 0.0258239 0.00557842 -0.0228938 -0.0196561 0.00602002 0.0344897 0.00311226 -0.0257206 -0.00554795 -0.0344177 0.0360342 -0.0401079 0.000298448 -0.0121958 -0.012547 0.0215707 -0.0316575 0.0180769 0.00555855
internal_weight=302.249 88.9554 213.294 80.1214 133.173 101.212 71.0479 46.7664 41.27 37.0844 59.3504 27.947 14.653 7.57312 31.9604 52.2015 24.2815 53.8834 10.2692 20.9876 29.6051 7.07989 8.53349 45.0347 26.2696 30.1642 6.59123 14.1236 2.97546 5.18957
internal_count=12924 6095 6829 2448 4381 3663 2617 2323 2045 1253 2769 947 734 615 718 1366 294 1477 293 539 3326 119 249 1130 650 1046 123 170 38 109
is_linear=0
shrinkage=0.05


Tree=116
num_leaves=31
num_cat=0
split_feature=34 39 15 12 32 48 31 4 47 35 30 0 1 3 47 25 32 25 45 46 17 37 5 43 48 44 17 39 33 1
split_gain=6.95636 6.11068 7.65656 5.77761 6.48894 4.95473 5.03243 4.96879 5.2552 4.69932 4.00419 3.94685 4.29978 4.45958 3.66401 4.01764 3.64563 4.00858 3.44871 3.9872 3.91645 3.72049 3.42295 3.13151 4.95109 6.0013 4.67444 3.54587 3.11237 3.07433
threshold=0.88463771343231212 -0.54357796907424916 -0.75411760807037342 -0.91085758805274952 -0.87114655971527089 1.1109592318534853 -0.052195362746715539 -0.16295694559812543 -0.5517141819000243 -0.81343927979469288 -0.30100154876708979 -1.1381024122238157 1.4160581827163699 -0.36996644735336298 0.29460720717906957 -1.1753299236297605 -0.41494424641132349 -1.6315758824348447 -0.75976788997650135 0.77796661853790294 -0.62665560841560353 0.1986121088266373 0.13687772303819659 -2.7172762155532832 -0.82761499285697926 -1.2406351566314695 -0.58205273747444142 -0.75292429327964772 -0.86452192068099964 -1.9504678249359129
decision_type=2 2 2 2 2 2 2 2 2 2 2 2 2 2 2 2 2 2 2 2 2 2 2 2 2 2 2 2 2 2
left_child=1 2 10 -3 -5 6 9 -8 -9 -6 -1 -4 23 -14 15 -10 22 -18 19 21 -20 -17 -11 -13 -25 -26 28 -28 -27 -16
right_child=-2 3 11 4 5 -7 7 8 14 16 -12 12 13 -15 29 18 17 -19 20 -21 -22 -23 -24 24 25 26 27 -29 -30 -31
leaf_value=0.002427981939318227 -0.050400140056720569 -0.045043336960628795 0.039159652733263155 0.045066344890015021 0.027745605580876461 0.045800170091041488 0.034661472882341171 -0.03554532075899474 -0.026641465441791107 -0.025362089329466125 0.041636785463253785 -0.039089776071058811 0.032260353535332839 -0.060080581725819794 0.067337614366969667 -0.01681508428205988 0.033637393827708591 -0.046375199177278656 -0.05186716877577964 -0.040546771094376724 0.017505994946000355 0.035712991409890517 0.025165469157307604 0.044568053238752341 -0.073206220592367838 0.058347487520402197 -0.08732044776909903 0.013585762958820994 -0.026578635665777613 -0.043470363805238964
leaf_weight=9.0588329993188363 6.6859328655991694 8.5401471877703425 6.7003200799226752 6.7709092077566302 4.3497634599916628 4.6653514910722143 9.0177689919946697 11.720799929462371 9.8786816063802672 9.8348062862642021 23.157385622616857 4.2285783919505766 1.7229460892267523 5.4226996460929504 0.68921650946140278 7.7998351659625715 1.6966729046544013 20.225342431804179 2.125236761290572 6.9684995140414676 47.629890983342207 5.9368040442932397 5.0848351754248133 7.1858272561803451 2.6262699570506802 1.168022678233682 0.88722097408025646 46.520378647372134 14.125870506395584 6.8204586368519804
leaf_count=129 2307 677 261 168 237 291 224 112 196 677 1037 54 29 85 2 132 45 2667 36 167 1033 137 72 113 79 6 16 857 286 873
internal_value=2.80587e-05 0.00118051 0.00967646 -0.00496565 -0.00284258 -0.00494294 -0.0065235 -0.000878704 -0.00409749 -0.0214041 0.0306117 0.00223118 -0.000718389 -0.0378155 9.82876e-05 0.00322026 -0.027207 -0.0401826 0.00740693 -0.00974077 0.0145428 0.00588689 -0.00814155 0.00273581 0.00517484 0.000841722 0.00394324 0.0116973 -0.0200927 -0.0333007
internal_weight=299.245 292.559 122.804 169.755 161.215 154.444 149.779 108.587 99.5694 41.1914 32.2162 90.5881 83.8878 7.14565 87.8486 80.3389 36.8417 21.922 70.4603 20.7051 49.7551 13.7366 14.9196 76.7422 72.5136 65.3278 62.7015 47.4076 15.2939 7.50968
internal_count=13005 10698 2952 7746 7069 6901 6610 2912 2688 3698 1166 1786 1525 114 2576 1701 3461 2712 1505 436 1069 269 749 1411 1357 1244 1165 873 292 875
is_linear=0
shrinkage=0.05


Tree=117
num_leaves=31
num_cat=0
split_feature=30 20 26 5 6 24 1 27 42 32 48 42 7 48 27 15 42 41 4 33 46 26 25 16 27 30 38 26 40 48
split_gain=7.60608 5.9492 5.48386 5.04887 4.69364 5.49881 5.59818 5.11147 4.29521 4.26161 4.0904 5.05508 8.14946 5.59699 5.51108 5.92794 4.95924 4.76031 4.75733 4.44007 5.07395 4.15232 4.06442 3.84239 3.5884 4.71645 3.58124 3.5505 3.51694 3.43359
threshold=-0.24541483819484708 -1.5384421944618223 -0.71461310982704151 0.33264376223087316 0.81476402282714855 -0.34154251217842096 1.313270688056946 1.5450425148010256 0.55190059542655956 0.16532649844884875 -0.069384519010782228 0.031657965853810317 -1.623754024505615 -0.7044854164123534 0.20288322865962985 -0.88561978936195362 0.53534570336341869 1.5067873001098635 -0.16295688599348065 -0.62063759565353382 -0.57506531476974476 1.0433672070503237 -1.7684231400489805 -0.16903760284185407 -1.5986427664756773 -1.670515179634094 -0.36925557255744929 -0.63203275203704823 -0.27490912377834315 -0.79273551702499379
decision_type=2 2 2 2 2 2 2 2 2 2 2 2 2 2 2 2 2 2 2 2 2 2 2 2 2 2 2 2 2 2
left_child=2 3 22 28 5 -3 10 -8 29 24 11 12 13 -7 15 -13 -12 23 -16 20 -20 -15 -1 -17 -4 -26 -11 -14 -2 -6
right_child=1 4 9 -5 8 6 7 -9 -10 26 16 14 27 21 18 17 -18 -19 19 -21 -22 -23 -24 -25 25 -27 -28 -29 -30 -31
leaf_value=0.027074058589383894 0.022712447648547615 -0.043878638535270922 0.05464732026784376 0.043612383809313308 0.058776171058601771 0.029597986090838371 -0.033775932767506837 0.034624660398005699 0.021788485413766035 0.027015011791563088 -0.046696031017481446 0.031042164770780672 -0.021263120778156189 -0.05277107337173699 0.050165117219927252 -0.054806174056152339 0.02802394573055271 0.076564298952839449 0.027414692048046637 0.018624547685073208 -0.040095563978910974 0.022166932022424812 -0.048993631783190876 -0.0043433225712646486 -0.067211870474669103 -3.6425929018045026e-05 -0.052671957882782339 0.047803635589400158 -0.027991304697583888 -0.053165316124549215
leaf_weight=2.0185689361533141 9.1833729143254441 7.5277523659169665 2.7842131496872744 17.52934038406238 0.85523819131776679 6.528951598564162 18.02648411097471 3.2190042650327078 38.937286698725075 1.7410530778579412 7.5519909294089285 4.4912868409883258 2.0483875959180322 6.4189910485874844 6.330581462825644 11.978449042537255 3.1456287587061524 0.9404220535652702 4.003779031103476 18.214026592089802 9.1296740160323662 2.5961673746351153 13.503061865805646 5.5062502063810816 2.7604615323943937 48.903895368566744 7.4135193519759905 20.31506087561138 5.4494165563955894 3.4419320366578168
leaf_count=57 266 203 31 890 5 183 728 79 629 99 1277 72 53 211 118 411 207 38 54 523 143 55 2243 260 136 2327 888 252 178 369
internal_value=0.000785019 0.00569502 -0.0124554 0.0255125 0.00217766 -0.00232693 7.09415e-05 -0.0234122 0.016553 -0.00595281 0.00463974 0.00782881 0.0221495 -0.00565772 -0.00113015 -0.0204651 -0.0247247 -0.0330204 0.0106297 0.00264554 -0.0195148 -0.0311906 -0.0391011 -0.0389145 -0.000645882 -0.00362566 -0.0375168 0.0414774 0.0038298 -0.0308863
internal_weight=292.494 213.369 79.1248 32.1621 181.207 137.973 130.445 21.2455 43.2345 63.6031 109.2 98.502 37.9076 15.5441 60.5945 22.9164 10.6976 18.4251 37.6781 31.3475 13.1335 9.01516 15.5216 17.4847 54.4486 51.6644 9.15457 22.3634 14.6328 4.29717
internal_count=12985 7204 5781 1334 5870 4867 4664 807 1003 3481 3857 2373 754 449 1619 781 1484 709 838 720 197 266 2300 671 2494 2463 987 305 444 374
is_linear=0
shrinkage=0.05


Tree=118
num_leaves=31
num_cat=0
split_feature=39 49 9 7 24 17 32 7 4 21 48 39 33 47 48 26 39 37 30 22 46 48 26 37 42 43 24 36 6 4
split_gain=7.06819 8.46825 6.06505 5.42323 5.37814 6.57383 4.58639 4.46874 7.37994 5.41606 6.32693 5.20247 4.25699 5.87105 3.96985 4.83314 5.64335 4.5889 3.69253 3.57374 4.68302 3.4232 3.38195 3.323 3.2609 3.16606 3.59794 3.15172 3.15019 3.02752
threshold=-0.58352574706077565 -0.38208919763565058 -0.92220395803451527 0.8063623607158662 -0.33471226692199701 -0.42160126566886896 -0.87114655971527089 -1.8106860518455503 -0.1629255264997482 -0.63271600008010853 -0.72421011328697193 0.15049506723880771 -0.84015715122222889 -0.20287697762250897 -0.70825502276420582 1.0433672070503237 -0.72025942802429188 0.71158549189567577 -0.12518287450075147 0.013503882568329574 0.83320841193199169 -0.78038838505744923 0.54210808873176586 0.35059539973735815 0.52384424209594738 0.52840870618820202 -0.25656354427337641 -3.1797264814376827 0.46608147025108343 -0.12611768394708631
decision_type=2 2 2 2 2 2 2 2 2 2 2 2 2 2 2 2 2 2 2 2 2 2 2 2 2 2 2 2 2 2
left_child=4 2 -2 6 5 24 -4 29 9 10 21 25 23 19 27 16 -16 -18 -12 20 28 -9 -21 -11 -1 26 -10 -6 -14 -8
right_child=1 -3 3 -5 14 -7 7 8 11 12 18 -13 13 -15 15 -17 17 -19 -20 22 -22 -23 -24 -25 -26 -27 -28 -29 -30 -31
leaf_value=-0.05726280680847165 -0.040312867008897434 -0.036810013686817529 0.040152265882061493 0.041951324674250043 -0.072969939426209482 -0.052912908655797536 0.047015510288274116 0.018743218986742201 -0.038822660081811844 -0.057555744337609349 -0.021277415871658933 -0.013174790972312545 -0.030369760269469939 -0.03358244656725095 -0.05413919120324065 0.022728248766678203 0.0086563795958620564 -0.042490248696046645 0.047660671540926361 0.035676181885536812 -0.054770484401291668 -0.036514444428369576 -0.023489924216353514 -0.0014104298793520529 0.035001572427787848 0.04279027474913543 0.024376671939110653 0.017651722518886654 0.015948025984086369 -0.043744232877064165
leaf_weight=0.98769478732719918 9.8442474746843782 19.894671035697684 6.198038143105804 7.3931437925202763 0.98829343263059755 2.4393167739035553 1.0164147373288859 4.5262406663969159 2.97445916943252 9.4935702561633573 2.3784868112998092 10.409928885521365 5.3583889234578228 17.811527498881347 7.9837032997747874 9.5490637682378274 16.257320885430097 6.0054290173575273 10.595141574507576 10.339837864157742 4.7537225778214625 7.3607337593566644 3.151359765790402 3.648072164040058 31.487413003109396 16.033300589770079 9.2718309953343141 32.877554233418778 11.657229827018453 9.5716622541658563
leaf_count=30 740 3842 135 198 19 80 32 58 83 104 137 597 86 1724 490 229 423 325 133 117 83 88 37 34 1045 443 174 598 177 735
internal_value=-2.78956e-05 -0.00600615 -0.00226451 0.000168578 0.0100858 0.0262493 -0.00193928 -0.00379807 -0.00124956 -0.0090213 0.0108777 0.0170449 -0.0164926 -0.0101839 0.00242446 -0.00828335 -0.018074 -0.00514054 0.0350221 0.00163565 -0.0108955 -0.0154738 0.0218558 -0.04197 0.0321955 0.0281691 0.0090264 0.0150071 0.00136209 -0.0350316
internal_weight=292.258 183.682 163.787 153.943 108.576 34.9144 146.55 140.352 129.764 91.0743 24.8606 38.6895 66.2137 53.0721 73.6614 39.7955 30.2465 22.2627 12.9736 35.2605 21.7693 11.887 13.4912 13.1416 32.4751 28.2796 12.2463 33.8658 17.0156 10.5881
internal_count=12996 9757 5915 5175 3239 1155 4977 4842 4075 2778 416 1297 2362 2224 2084 1467 1238 748 270 500 346 146 154 138 1075 700 257 617 263 767
is_linear=0
shrinkage=0.05


Tree=119
num_leaves=31
num_cat=0
split_feature=34 0 21 6 5 4 42 43 37 5 47 4 37 3 45 17 43 7 39 43 47 12 25 43 20 22 6 23 36 5
split_gain=6.07739 5.5253 5.0493 6.94555 5.2627 4.13409 6.44843 5.51634 5.10556 4.6219 4.58279 4.73666 4.20442 4.08202 4.07046 4.01989 3.99856 3.88348 3.79209 4.68239 4.29124 3.73479 3.36248 3.27281 3.21316 3.20464 3.59543 3.12574 3.80074 3.59717
threshold=0.9012073576450349 -1.1863840818405149 0.44138310849666601 -1.7674273848533628 -0.62897163629531849 -0.1629451587796211 0.55190059542655956 0.093294322490692153 0.46311755478382116 1.3861455917358401 -0.20287697762250897 -0.16295672208070752 0.70415481925010692 -0.3634816706180572 -0.65196341276168812 1.0000000180025095e-35 -1.1438034176826475 0.45326848328113561 -0.46902503073215479 -2.1442940235137935 -0.4456359446048736 -0.25373710691928858 0.43139290809631353 0.84583035111427318 -0.95549079775810231 0.88087120652198803 0.68379151821136486 1.1049539446830752 0.35469834506511694 0.22032144665718081
decision_type=2 2 2 2 2 2 2 2 2 2 2 2 2 2 2 2 2 2 2 2 2 2 2 2 2 2 2 2 2 2
left_child=1 -1 3 -3 -4 6 17 15 22 10 11 14 25 21 23 16 -7 -6 19 20 -5 -12 24 -8 -9 26 -13 28 -20 -29
right_child=-2 2 4 18 5 7 9 8 -10 -11 13 12 -14 -15 -16 -17 -18 -19 27 -21 -22 -23 -24 -25 -26 -27 -28 29 -30 -31
leaf_value=0.042106478956198554 -0.050346608843941189 -0.048614367866896525 -0.029554224188173602 0.0022029104236491802 0.085994369026931361 -0.087078513983182379 0.016323918174392743 0.032570841038858864 0.052381964772643577 -0.036353992086899545 -0.030627057322834928 -0.050290196825306714 0.030467903012394649 -0.040422976030886452 0.039163749266308896 -0.026987855024546276 0.048372570186514835 -0.049245341193256006 0.018825447081632224 0.023950951504970692 -0.094020197683391468 0.053053046070078859 0.031603637887815096 -0.042009299505108177 -0.023910391069745941 0.044497874608125321 -0.0038866067899853136 -0.03254227433803801 -0.02363772737406598 0.011412752115930597
leaf_weight=8.2222949955612403 5.7181112054968244 5.1286971691297358 19.664651874103583 4.5910056456923485 0.55726534128188987 0.6382521220948546 9.1048649135045689 3.4949518481735167 9.7183711839606968 9.1879959243815374 2.5393045058008283 7.9687340063974395 5.5369496878702185 10.422667617676778 15.895284002646802 12.87741002824623 3.7232902555260834 11.188600943540221 26.42806779849343 55.015898858197033 1.5498274329584081 2.807790571358054 9.279553121305069 3.2674227553652591 9.0085186715004983 1.7848325967788685 8.7666532516013813 11.620770534151236 6.5821239522192618 7.7647039103321722
leaf_count=395 2263 214 2255 34 1 18 109 137 261 125 103 127 69 455 193 758 56 1653 720 1289 33 49 367 61 347 11 113 264 342 153
internal_value=0.000689613 0.00171597 0.000513197 0.00830071 -0.00535742 -0.00190364 -0.00831226 0.00980224 0.0222457 -0.00306619 0.00142534 0.00854629 -0.00776073 -0.0222023 0.0224244 -0.0129362 0.0285512 -0.0428291 0.0108713 0.0193287 -0.0220819 0.0133138 0.00880061 0.000918579 -0.00812284 -0.0191899 -0.0259822 0.000999779 0.0103584 -0.0149364
internal_weight=290.055 284.337 276.114 118.681 157.433 137.769 89.0284 48.7403 31.5014 77.2825 68.0945 52.3247 24.0572 15.7698 28.2676 17.239 4.36154 11.7459 113.552 61.1567 6.14083 5.3471 21.783 12.3723 12.5035 18.5202 16.7354 52.3957 33.0102 19.3855
internal_count=12975 10712 10317 3049 7268 5013 3069 1944 1112 1415 1290 683 320 607 363 832 74 1654 2835 1356 67 152 851 170 484 251 240 1479 1062 417
is_linear=0
shrinkage=0.05


Tree=120
num_leaves=31
num_cat=0
split_feature=6 4 47 43 42 26 32 4 39 4 48 4 42 43 1 11 7 39 34 5 21 9 28 38 22 48 1 46 4 47
split_gain=6.19722 5.91967 7.38313 6.03608 5.63743 5.55264 5.52682 5.96955 5.36981 5.20626 5.38276 4.69285 5.06337 6.3644 7.93128 4.50862 4.4605 7.23326 5.12514 4.28367 4.24341 4.52537 4.021 3.81915 3.47599 3.45776 3.43978 3.43271 3.82939 3.42677
threshold=0.79920241236686718 -0.16287872940301892 -0.26646293699741358 0.13788416981697085 0.67850416898727428 -0.86073958873748768 -0.18126589059829709 -0.1629567667841911 -0.41194589436054224 -0.16295696049928662 -0.82761499285697926 -0.16295392811298368 0.60110139846801769 0.38466995954513555 0.49672304093837744 -0.30831070244312281 -1.5614432692527769 -0.066179595887660966 -1.0469499230384824 1.0495598316192629 -0.98385441303253163 0.41431201994419103 0.36633661389350897 2.3394932746887211 -0.10259022936224936 -0.84872978925704945 -0.094547078013420091 1.5092529058456423 -0.16295623034238813 -0.41964434087276453
decision_type=2 2 2 2 2 2 2 2 2 2 2 2 2 2 2 2 2 2 2 2 2 2 2 2 2 2 2 2 2 2
left_child=1 2 6 8 11 -5 9 -8 -3 15 -11 12 26 27 24 -1 17 18 -7 23 -9 -22 -16 -20 -15 -18 -2 28 -14 -12
right_child=4 3 -4 5 -6 16 7 20 -10 10 29 -13 13 14 22 -17 25 -19 19 -21 21 -23 -24 -25 -26 -27 -28 -29 -30 -31
leaf_value=-0.058556515345392607 -0.054816163027518287 0.00047370601140767971 -0.031369025015948473 -0.043026629369713541 0.050682461082515375 0.055780845313722953 0.037163395418321178 0.03088052650333006 -0.043488149022487294 0.033640387078279495 -0.04059931937465161 0.040249768422650434 0.048478350071141388 -0.055800016207784069 -0.04379060100462881 0.045013405563720708 -0.12743371076643531 -0.05090976183161227 -0.039251167588615944 0.042964926115135575 -0.036189850397476318 0.012690041838890331 0.037146291529570268 0.056326771071145136 0.018325206649485972 0.036001862848367885 -0.0054757346011939413 -0.024993563121805701 -0.012247483036958036 -0.008519595006454099
leaf_weight=1.3026162863243369 5.310158080537799 29.284656029311009 34.285313132451847 3.6941003662068388 8.4865734325721842 6.0700858244672444 13.278007259475997 6.5140773359453297 9.1061332421377283 3.8444642247632137 22.322651582886461 9.3275726154679415 15.197025410365317 7.8476866758428514 1.883852645754813 5.435416742344386 0.32756106369197624 4.7439655314665314 6.1907543073175457 3.6566006396897137 11.31945531640668 8.1404556646011752 8.2760522952303273 1.2574786366894839 1.9807455472182498 26.931159376748838 10.550895730033519 2.4427641266956917 3.1309731053188452 13.275230183498936
leaf_count=28 639 782 4230 428 517 192 261 112 1420 47 737 201 186 127 26 106 6 387 128 120 254 115 69 18 40 830 590 26 33 357
internal_value=-7.97967e-05 -0.00445599 -0.0117685 0.0051365 0.0123243 0.0160938 -0.00390247 0.00989166 -0.00995386 -0.0156271 -0.022566 0.00738811 0.0019745 0.0113018 -0.00883885 0.024991 0.0205348 0.00374204 0.0188377 -0.00135608 -0.00404976 -0.0157424 0.0221389 -0.0231148 -0.0408614 0.0340379 -0.0219945 0.0306838 0.0381046 -0.0286361
internal_weight=285.414 210.98 119.718 91.2625 74.4343 52.8717 85.4324 39.252 38.3908 46.1804 39.4423 65.9477 56.6202 40.7591 19.9883 6.73803 49.1776 21.9189 17.1749 11.1048 25.974 19.4599 10.1599 7.44823 9.82843 27.2587 15.8611 20.7708 18.328 35.5979
internal_count=13012 10558 6247 4311 2454 2109 2017 742 2202 1275 1141 1937 1736 507 262 134 1681 845 458 266 481 369 95 146 167 836 1229 245 219 1094
is_linear=0
shrinkage=0.05


Tree=121
num_leaves=31
num_cat=0
split_feature=34 39 15 12 10 4 6 48 42 47 6 31 33 48 36 18 30 32 30 26 13 39 17 32 32 4 21 32 21 6
split_gain=5.87331 5.53177 5.64267 5.52491 5.78977 5.37544 6.29363 6.96923 5.79684 5.924 4.33873 4.37126 4.18595 4.16095 4.0636 3.90936 4.61668 3.43073 3.42096 4.08141 3.99072 4.27249 3.56435 3.46446 3.27341 3.21297 3.48362 3.36916 3.195 3.52942
threshold=0.88463771343231212 -0.53117471933364857 -0.99250522255897511 -0.91085758805274952 1.2157573699951174 -0.16293168067932126 -0.66324210166931141 -0.069384519010782228 0.5564381778240205 -0.34325823187828058 0.72969585657119762 0.14431591331958774 -0.8469012677669524 -0.57291698455810536 0.12545827031135562 0.28619974851608282 -0.47588844597339625 1.0607344508171084 0.6538122594356538 0.95691394805908214 -0.45282976329326624 -0.49526458978652949 -0.54269218444824208 -0.61263835430145253 -0.99559378623962391 -0.16295694559812543 0.33117555081844335 -0.42082223296165461 -2.1543940305709834 0.8578779697418214
decision_type=2 2 2 2 2 2 2 2 2 2 2 2 2 2 2 2 2 2 2 2 2 2 2 2 2 2 2 2 2 2
left_child=1 2 -1 -3 5 8 7 12 9 14 11 24 -7 25 -5 16 -4 28 20 -20 22 -22 -12 -24 -10 -13 27 -27 -17 -30
right_child=-2 3 15 4 -6 6 -8 -9 10 -11 18 13 -14 -15 -16 17 -18 -19 19 -21 21 -23 23 -25 -26 26 -28 -29 29 -31
leaf_value=0.045070759780671113 -0.050349768019479171 -0.046081049938517464 -0.0046775167499730789 0.04568917576652403 -0.046376422930689311 -0.023766155703722206 0.039081188691670037 -0.055024117632212294 0.055578539394998197 -0.052635007190073628 0.053753566620340788 0.046422154313646422 0.023901741573155794 0.029085495657056246 -0.051843453733472461 0.046396235050726958 0.030235006096671874 -0.058416341157889053 0.038243014521583199 -0.015522329076387734 0.036164069986110034 -0.039558623697204448 0.031205830757681102 -0.046780020809322302 -0.056795910993858584 -0.04304284459945186 -0.044816975340391307 0.020948576358215006 -0.0068142346680646467 0.023393581915299909
leaf_weight=10.27319931425154 5.5207651923410586 7.6485590921947724 14.321170273236929 3.2011412798892698 7.1346306529594576 6.290917128557342 16.096460160100833 4.7937206330243489 0.71187434438615937 11.89790113666095 4.28025776182767 1.8650805735960663 17.191054663970139 6.8667864691233254 1.6026039012940598 3.7138003460131577 27.948301645694301 2.4931041051167986 14.584714917931707 4.6567872399464241 2.3440602086484423 9.0733496804023144 2.9362540524452925 2.7653209230629745 7.2275942855048925 3.1208650502376258 8.8843464576639182 6.0336015741340869 52.893768439884298 11.832631313707678
leaf_count=767 2298 681 186 56 442 116 525 1042 15 2551 58 27 484 123 91 32 669 70 173 60 21 224 71 153 507 27 93 52 1198 171
internal_value=0.000711403 0.00173766 0.00958969 -0.00467428 -0.00246821 -0.000171933 0.0141234 -8.43487e-05 -0.0070627 -0.0337136 -0.00115548 -0.014138 0.0111313 -0.00447505 0.0131508 0.00636976 0.0184064 -0.000802932 0.00993255 0.0252308 -0.00382317 -0.0240123 0.0192696 -0.00661809 -0.0467201 -0.0160533 -0.0225128 -0.00086685 0.00129578 -0.00129194
internal_weight=280.205 274.684 123.476 151.208 143.559 136.425 44.3722 28.2757 92.0525 16.7016 75.3509 34.7101 23.482 26.7707 4.80375 113.203 42.2695 70.9333 40.6407 19.2415 21.3992 11.4174 9.98183 5.70157 7.93947 19.9039 18.0388 9.15447 68.4402 64.7264
internal_count=12983 10685 3093 7592 6911 6469 2167 1642 4302 2698 1604 844 600 322 147 2326 855 1471 760 233 527 245 282 224 522 199 172 79 1401 1369
is_linear=0
shrinkage=0.05


Tree=122
num_leaves=31
num_cat=0
split_feature=34 0 15 2 16 38 47 39 15 12 6 46 4 24 4 48 5 48 33 39 17 48 36 2 2 24 11 45 43 21
split_gain=5.57207 5.46587 4.681 4.67923 4.57763 6.0394 4.87617 4.70616 4.08379 4.60781 4.17661 4.01301 5.30175 5.62294 4.34867 4.99934 3.94102 4.20802 3.8795 3.71578 3.68044 3.60188 3.54887 3.30875 3.07909 3.07041 3.75065 3.02283 4.15418 5.74281
threshold=0.9012073576450349 -1.1601777076721189 -1.2392413616180418 -0.78639191389083851 -0.38691405951976771 -0.376034066081047 -0.055769192054867738 -0.42595286667346949 -0.82820749282836903 0.89953133463859569 0.45621421933174139 0.77796661853790294 -0.16295682638883588 -0.33435690402984614 1.0000000180025095e-35 -0.76047945022582997 0.065127979964017882 -0.27294333279132837 -0.61184087395668019 -0.68167853355407704 1.223424553871155 -0.027333036996424195 -2.4243401288986202 1.5193653106689455 -0.81147083640098561 -0.1075022555887699 -1.0000000180025095e-35 -0.70557865500450123 -0.50632345676422108 -0.98385441303253163
decision_type=2 2 2 2 2 2 2 2 2 2 2 2 2 2 2 2 2 2 2 2 2 2 2 2 2 2 2 2 2 2
left_child=1 3 -3 -1 7 21 11 8 10 -10 -4 14 23 -14 27 24 18 -18 -8 22 -17 -6 -11 -13 -16 -9 -27 -7 29 -29
right_child=-2 2 4 -5 5 6 16 25 9 19 -12 12 13 -15 15 20 17 -19 -20 -21 -22 -23 -24 -25 -26 26 -28 28 -30 -31
leaf_value=-0.042468792661296967 -0.050326021732805648 0.048971757834230238 -0.021039159479015905 0.040587435353419292 -0.056100221084616847 0.0088571447782797279 0.025600287986559857 -0.042207429298645543 -0.03261932041531309 -0.049531972882378039 0.0353282030746127 0.037834298490151512 -0.041936754839213858 0.0042859666244356468 -0.063554975741106065 0.0031804838859735354 -0.02950520271422577 0.02330619674263899 -0.043248051256595976 -0.05498581726187729 -0.071816863848795473 0.030069743521583803 0.02848938882071636 -0.061529622136623344 0.053257849673856321 0.044755526387631694 -0.050830617180708207 0.058691792470471571 0.031619770329382554 -0.052358021327687965
leaf_weight=1.9254317111335719 5.0909854795318088 4.9173084609210482 4.7371749510057262 14.217735135229303 6.2531994654564187 48.108244949020445 2.4698359154863274 15.627557031461039 15.357513315975668 1.6954811690375198 10.730039554182438 8.2905905432999099 11.810587068903258 14.854929479886779 0.69718988705426488 2.742039133096112 5.8742656674003255 10.539321859483605 11.926526299095714 2.0686814191285512 4.0550817041657865 1.504480406641959 10.382990163518114 0.93199597811326462 2.9559107962995768 2.5137365243863314 1.7343099550344039 1.7430959094781426 43.370097760576755 3.5055069478694341
leaf_count=30 2262 413 94 690 233 1039 129 987 332 15 301 123 359 320 9 55 300 639 2758 69 94 118 106 10 107 100 176 30 908 126
internal_value=0.00149237 0.00247842 0.000667418 0.0306811 -0.000296258 0.00377519 0.00570101 -0.0117001 -0.00274546 -0.0136546 0.0180645 0.00958671 -0.00488481 -0.0161868 0.0144325 -0.0162089 -0.0123421 0.0044055 -0.0314364 0.00693259 -0.041562 -0.0393889 0.0175374 0.027793 0.0309643 -0.0319614 0.00573147 0.0177429 0.0265354 -0.0154776
internal_weight=272.632 267.541 251.398 16.1432 246.48 181.633 173.875 64.8475 44.9719 29.5047 15.4672 143.065 35.8881 26.6655 107.177 10.4502 30.8099 16.4136 14.3964 14.1472 6.79712 7.75768 12.0785 9.22259 3.6531 19.8756 4.24805 96.7269 48.6187 5.2486
internal_count=12932 10670 9950 720 9537 7357 7006 2180 917 522 395 3180 812 679 2368 265 3826 939 2887 190 149 351 121 133 116 1263 276 2103 1064 156
is_linear=0
shrinkage=0.05


Tree=123
num_leaves=31
num_cat=0
split_feature=27 31 21 26 20 2 42 24 26 43 39 16 40 38 41 26 25 22 1 5 49 39 48 31 34 38 26 1 25 14
split_gain=6.43273 4.47192 4.41524 3.46676 3.39576 3.08317 3.07127 3.82723 2.99196 3.32759 2.89169 4.22025 4.26907 3.3478 2.84402 3.43872 3.06313 2.94892 3.75097 3.01146 3.14954 2.98202 2.76615 2.74167 3.06168 2.70657 3.35012 3.15734 3.38461 2.67964
threshold=0.2891520112752915 0.35390625894069677 0.48350192606449133 -0.80929759144783009 -0.63301971554756153 0.34809029102325445 0.68091887235641491 -0.34154251217842096 -0.58052057027816761 -2.1442940235137935 -0.49526458978652949 -0.31369689106941218 0.23005508631467822 -0.37476485967636103 -0.23813481628894803 0.79985308647155773 1.6980043649673464 0.0059102778322994718 0.66900017857551586 -0.80293953418731678 -0.38208919763565058 -0.57837483286857594 -0.76047945022582997 0.26150928437709814 -1.2628399729728697 -0.3687624186277389 -0.29386951029300684 0.60378894209861766 0.37788039445877081 -1.3846207857131956
decision_type=2 2 2 2 2 2 2 2 2 2 2 2 2 2 2 2 2 2 2 2 2 2 2 2 2 2 2 2 2 2
left_child=2 4 8 -4 5 22 7 -3 23 -10 -11 13 -13 -12 16 -16 17 18 19 -5 21 -21 -2 24 -1 -19 -27 -28 -29 -6
right_child=1 6 3 14 29 -7 -8 -9 9 10 11 12 -14 -15 15 -17 -18 25 -20 20 -22 -23 -24 -25 -26 26 27 28 -30 -31
leaf_value=0.0024216366373506467 -0.0079179287868578804 -0.039695705048459089 -0.04165587316960391 -0.049499896574888291 -0.051010894558070057 0.018889448484372399 0.04809045863030742 0.015487550067656026 -0.077584928185597479 0.029061516958225338 0.033205833764027984 0.025887791593853817 -0.053447782008110324 -0.051494087854026531 -0.042260369821976444 0.00088732691642467673 0.033339521617355081 0.032358457702554279 -0.042886424671249257 0.028278434766244157 -0.060193967579912425 -0.0084848034479422848 -0.051161786171030947 0.017381450062110192 -0.052043823024319626 -0.067780723819493072 0.025430140160184012 -0.056717411602754148 0.020596335031804577 0.014885217330794129
leaf_weight=4.5657685615587971 7.0918862419202933 3.2907488299533716 9.3841836551437137 3.7174307110253713 1.6806059797527293 4.0230636681662864 6.8169405057560644 69.524779557483271 1.0146480185212556 17.89046382415108 1.5213925749994812 13.753536095144232 1.9341083029285062 5.0030621464829883 12.511899638164325 7.3187124942196524 4.8828590115299439 7.1011954771820482 9.702857904834671 8.1408735236618721 2.111873009765989 17.107373234583065 7.7273432878428148 4.7622679510386652 5.933256348303984 1.8667302662506724 7.3981000508647359 3.3309297852683812 2.4617976963054389 18.808570061752107
leaf_count=95 106 84 1718 230 92 98 704 2086 45 379 23 216 135 125 2069 636 165 196 274 141 154 497 484 119 665 115 237 82 42 960
internal_value=0.00045934 0.00918519 -0.006307 -0.0127725 -0.00460862 -0.0199288 0.0159981 0.0129937 0.00482118 0.0118386 0.0141011 0.0020514 0.0161066 -0.0317435 -0.00968021 -0.0263362 -0.00481012 -0.0077698 -0.0157477 -0.00727458 -0.0015374 0.00336889 -0.030467 -0.0140851 -0.0283581 0.0069125 -0.0050879 0.00378422 -0.0238606 0.00948015
internal_weight=272.379 118.964 153.415 97.0368 39.3315 18.8423 79.6325 72.8155 56.3785 41.1172 40.1026 22.2121 15.6876 6.52445 87.6526 19.8306 67.822 62.9392 40.7804 31.0776 27.3601 25.2482 14.8192 15.2613 10.499 22.1588 15.0576 13.1908 5.79273 20.4892
internal_count=12972 4614 8358 6556 1740 688 2874 2170 1802 923 878 499 351 148 4838 2705 2133 1968 1296 1022 792 638 590 879 760 672 476 361 124 1052
is_linear=0
shrinkage=0.05


Tree=124
num_leaves=31
num_cat=0
split_feature=27 6 31 41 27 4 42 23 13 29 38 43 39 46 0 27 39 43 4 4 43 33 26 32 5 36 47 42 7 47
split_gain=5.49514 4.98499 4.49222 4.44072 4.11254 4.10107 3.73505 3.88742 3.83056 5.85785 3.72272 3.50522 3.43887 3.39899 3.48246 3.11068 2.93857 3.29139 2.88268 3.11109 2.77215 3.90243 2.75459 2.75955 2.80605 2.75052 2.72031 3.28863 3.40817 3.15607
threshold=0.38716007769107824 0.79920241236686718 1.0241726040840151 -0.23813481628894803 1.4712828397750857 -0.16295105963945386 0.63558214902877819 0.82968720793724071 -0.16687903553247449 -0.067288883030414567 -0.37493170797824854 1.3260998129844668 -0.61387506127357472 0.41840150952339178 -0.91347014904022206 -1.0182734727859495 -0.43085643649101252 0.40847934782505041 -0.16295627504587171 -0.16295693069696424 -2.4562816619873042 -0.89310508966445912 0.89138501882553112 0.76904535293579113 0.81421399116516124 -3.1797264814376827 -0.53209701180458058 -0.24841122329235074 -1.5822135210037229 -0.066182609647512422
decision_type=2 2 2 2 2 2 2 2 2 2 2 2 2 2 2 2 2 2 2 2 2 2 2 2 2 2 2 2 2 2
left_child=1 3 13 11 16 6 8 -8 9 -3 -11 12 20 14 -2 -12 -4 -18 19 -19 -1 -22 -5 24 -24 -16 -14 28 -28 -30
right_child=2 5 4 22 -6 -7 7 -9 -10 10 15 -13 26 -15 25 -17 17 18 -20 -21 21 -23 23 -25 -26 -27 27 -29 29 -31
leaf_value=-0.080700754525668883 -0.040608291976132659 -0.0416122478928765 0.020644472236328669 -0.046172816579346118 0.037624992250323924 0.043016279112280176 0.037820139835185285 -0.0082159517342027637 -0.037284260955374827 -0.054866670415243561 -0.065667025111496954 0.032455337131212889 0.0085882296745029476 -0.02444455340976177 -0.071280279956038903 0.037381753644907617 -0.031476458574401817 0.049533601767504674 0.035645354273696771 -0.064596671249300561 0.040743222998341405 -0.0035412186124414388 -0.054509732781853629 0.070459400683546405 0.02481577137591183 0.012070713378039133 -0.030433170704127696 -0.032484906064245762 0.040114159170906515 -0.04626386864346381
leaf_weight=0.98109657794702698 3.7830897168023503 5.3228068496682708 21.740038674557582 13.674884962500075 18.397529245354235 6.6871742436196646 10.801903744228186 7.9685326167382291 9.0540443504578452 1.4453650983050454 0.78640493308193882 5.1432290407828978 7.8265559808351091 12.832052883692084 1.0178984133526672 10.651209876756182 7.564673831453546 0.88447491219267282 5.3703393116593343 1.8377893688157199 6.0916483500041059 27.13301063462859 2.6380792281124732 1.0067640639608724 1.9307607945520429 35.81556337676011 5.5569048799807206 29.717206283763517 5.2585578542202711 1.3236971703590805
leaf_count=20 156 615 851 3019 752 204 151 114 418 38 28 189 190 617 20 223 390 18 105 23 104 572 345 49 89 1348 522 1593 71 171
internal_value=-0.000308202 -0.00618129 0.00834739 -0.0123202 0.0182711 0.00642801 0.00111255 0.0182766 -0.0107062 0.00251149 0.0207419 -0.00761183 -0.0100684 -0.00201194 0.00507523 0.0302965 0.00874999 -0.00776542 0.0143988 -0.0275153 0.00213222 0.00457821 -0.0340957 -0.00447515 -0.0209873 0.0097673 -0.0184682 -0.0235274 -0.00159904 0.0227435
internal_weight=270.243 161 109.243 108.282 55.7948 52.7174 46.0303 18.7704 27.2598 18.2058 12.883 89.0319 83.8887 53.4486 40.6166 11.4376 37.3973 15.6573 8.0926 2.72226 34.2058 33.2247 19.2505 5.5756 4.56884 36.8335 49.6829 41.8564 12.1392 6.58226
internal_count=13005 8725 4280 6934 2139 1791 1587 265 1322 904 289 3432 3243 2141 1524 251 1387 536 146 41 696 676 3502 483 434 1368 2547 2357 764 242
is_linear=0
shrinkage=0.05


Tree=125
num_leaves=31
num_cat=0
split_feature=34 0 15 27 24 3 34 26 4 43 48 17 42 48 42 7 43 1 21 25 14 43 37 47 48 5 40 47 46 16
split_gain=4.73512 4.60617 4.35331 3.50112 4.95951 4.50728 4.90067 4.88799 4.44869 4.64388 3.78297 3.78287 4.13639 6.7607 5.52699 4.95806 4.31132 4.48692 5.03143 4.98371 5.84236 4.10396 3.90234 3.77438 5.59689 3.6799 3.48448 3.37857 3.28066 3.22758
threshold=0.9012073576450349 -1.1863840818405149 -1.2392413616180418 -0.40979753434658045 -0.34176625311374659 -0.26898416876792902 -0.72863283753395069 -0.71461310982704151 -0.16295392811298368 -0.098346244543790803 -0.027333036996424195 2.057157158851624 -0.088514272123575197 -0.095897249877452836 0.55190059542655956 -1.5614432692527769 0.65255272388458263 0.71374592185020458 -1.9199356436729429 -1.6315758824348447 -0.95463386178016651 0.86916351318359386 0.19094795733690265 -0.23300753533840177 -0.15359032154083249 1.3861455917358401 -0.87293714284896839 -0.20817796885967252 -0.11084848642349242 0.93790695071220409
decision_type=2 2 2 2 2 2 2 2 2 2 2 2 2 2 2 2 2 2 2 2 2 2 2 2 2 2 2 2 2 2
left_child=1 -1 -3 5 10 7 -7 -4 28 -10 -5 12 13 15 16 26 17 -14 -19 -20 -21 -13 23 -16 -25 -24 29 -27 -9 -6
right_child=-2 2 3 4 11 6 -8 8 9 -11 -12 21 14 -15 22 -17 -18 18 19 20 -22 -23 25 24 -26 27 -28 -29 -30 -31
leaf_value=0.040953227965917889 -0.050279575037633785 0.048751846103906156 -0.043202398160045064 -0.050092077848883178 -0.0026145262388519493 -0.0041192512971801312 -0.043301261098324585 -0.024963948005055234 -0.053286481310807689 0.043401701564509301 0.039805781755436226 -0.053067843595697196 -0.042823421864791635 -0.048585587545369388 0.0052876037307830427 0.048590830374121916 0.026654200005597751 0.058568136157241074 0.063633285092081729 0.045033899855361798 -0.054519467244785513 0.038801729046663062 0.025460634818062947 -0.056031441377669133 0.043970857601641877 -0.047929410337496189 -0.028090488799576336 0.051998761623602577 0.0097862189361491089 0.046914674981031218
leaf_weight=7.1211316557601085 4.5280716868583104 4.5312482430599621 5.6060650763101867 6.8033506155479699 6.3800977464998123 15.785164136090318 16.140198218054138 11.376779496902598 1.4063069551484666 10.620462575228881 1.4133478282019476 5.1672185444622292 14.163222493254581 3.1435647285543373 40.085453666280955 15.671091935713774 5.1206175101688123 2.7035393724218002 1.57819413836114 1.8812230678740869 6.8034525742987171 1.5895883755292741 36.108677559765056 5.9939884267514572 1.8252118442906056 3.3396860253997147 4.4888876923359957 1.1327543270308513 16.852833139942963 6.7895486152265221
leaf_count=386 2244 440 825 198 165 410 1431 560 48 238 132 235 1272 576 597 289 252 18 15 53 477 56 668 216 110 39 143 62 629 148
internal_value=0.000414 0.00129139 0.00018162 -0.000698818 0.0032785 -0.00950257 -0.0239281 0.000539215 0.00663063 0.0320958 -0.0346288 0.00517811 0.00675259 0.0215088 0.00229489 0.0281199 -0.0154252 -0.0233675 -0.00211584 -0.0181018 -0.0329548 -0.0314549 0.0087533 -0.00091097 -0.0326882 0.0201617 0.00995289 -0.0226202 -0.0042184 0.02292
internal_weight=266.151 261.623 254.502 249.971 172.183 77.7878 31.9254 45.8624 40.2564 12.0268 8.2167 163.966 157.209 36.4732 120.736 33.3296 32.2502 27.1296 12.9664 10.2629 8.68468 6.75681 88.4858 47.9047 7.8192 40.5811 17.6585 4.47244 28.2296 13.1696
internal_count=12932 10688 10302 9862 5721 4141 1841 2300 1475 286 330 5391 5100 1321 3779 745 2087 1835 563 545 530 291 1692 923 326 769 456 101 1189 313
is_linear=0
shrinkage=0.05


Tree=126
num_leaves=31
num_cat=0
split_feature=30 20 0 27 6 39 33 40 6 14 29 4 7 10 4 2 3 9 27 46 30 48 16 15 14 3 0 46 17 6
split_gain=5.16423 4.9621 4.7857 5.88936 5.09084 4.36651 5.43911 5.36315 4.52263 4.27009 4.92785 3.69054 6.31828 3.64445 3.62765 4.78128 3.62545 3.62415 3.97409 3.52458 3.98147 4.00781 3.53055 3.77898 5.25114 3.29289 3.83784 3.20412 3.06882 3.04786
threshold=0.7033752202987672 -1.5384421944618223 -0.85735070705413807 1.5450425148010256 0.67127728462219249 -0.41687601804733271 0.48105856776237493 -0.061005609109997742 0.84110146760940563 -0.69438442587852467 0.82506865262985241 -0.16295469552278516 -1.4991326928138731 -0.52948147058486927 -0.16295533627271649 -0.13828974962234494 -0.35803626477718348 -0.83616337180137623 -0.40979753434658045 0.83320841193199169 -1.4397623538970945 -0.83335977792739857 -0.18634702265262601 -0.87876516580581654 0.96801984310150158 -0.075021926313638673 -0.96199670433998097 0.63185247778892528 0.039066325873136527 0.80739298462867748
decision_type=2 2 2 2 2 2 2 2 2 2 2 2 2 2 2 2 2 2 2 2 2 2 2 2 2 2 2 2 2 2
left_child=5 -2 3 4 14 6 8 11 19 10 -4 13 -13 16 -3 -16 -7 -11 29 20 21 -1 23 -22 -25 -14 -27 -23 -17 -19
right_child=1 2 9 -5 -6 7 -8 -9 -10 17 -12 12 25 -15 15 28 -18 18 -20 -21 22 27 -24 24 -26 26 -28 -29 -30 -31
leaf_value=0.016757748105360085 0.030493598718154116 -0.044139527092712461 -0.063806619552858532 0.036615732539444383 0.010392662360931022 -0.045046141674395954 -0.052447276752293853 -0.044766016000702541 0.0242258604956881 -0.025425900068370678 0.0064752922216466877 -0.037453844567209855 0.047168146615561131 -0.043875918846666709 -0.038624780926772601 0.049647214695659289 0.030108363151437612 -0.040370119174446363 0.036350661020438414 -0.030898462713284981 0.031239341409689359 -0.050165168425243073 0.024685699114985794 -0.036704818854073284 0.018030675818118149 0.06776865599847301 -0.054968939404614038 0.066156099328675874 -0.0093790803233811046 0.043306041925053218
leaf_weight=4.3703976701945058 20.394263616763055 13.887105128786059 3.1061483918456334 6.7010842006420708 14.894876208330968 2.4859757992671803 4.6471631494350722 13.776996359578332 19.558324218261987 3.3797183591523199 12.657054021838121 4.9108740676310836 8.0830387996975315 9.6720327164512145 7.6820652686292314 3.7471449223812705 4.5266282059019423 3.268961087451312 27.577570775116332 9.7480191898648609 5.8119664462283245 8.2044458432937937 19.578916918893814 11.067243611207234 7.253828775486908 0.94502693996764753 1.9533862908720028 0.6380521247629084 5.3401959640905261 1.6313417358323929
leaf_count=31 1127 494 121 250 409 199 562 3712 309 138 429 605 201 593 293 118 246 108 810 269 125 196 617 418 114 7 159 7 242 34
internal_value=0.000560981 0.00794489 0.00351773 -0.00714945 -0.0135878 -0.00612535 0.000244399 -0.0186134 0.00308405 0.0143154 -0.0073738 -0.00755335 0.00969012 -0.023978 -0.025239 -0.00958704 0.00346601 0.0238502 0.0289779 -0.00311784 0.00163941 -0.0224121 0.0089095 -0.00388959 -0.0150335 0.0307728 -0.0149504 -0.0417717 0.0149603 -0.0125138
internal_weight=261.5 124.268 103.873 52.2525 45.5514 137.232 90.8784 46.354 86.2312 51.6208 15.7632 32.577 15.8923 16.6846 30.6565 16.7694 7.0126 35.8576 32.4779 66.6729 56.9249 13.2129 43.712 24.133 18.3211 10.9815 2.89841 8.8425 9.08734 4.9003
internal_count=12943 4573 3446 1806 1556 8370 2648 5722 2086 1640 550 2010 972 1038 1147 653 445 1090 952 1777 1508 234 1274 657 532 367 166 203 360 142
is_linear=0
shrinkage=0.05


Tree=127
num_leaves=31
num_cat=0
split_feature=15 30 26 39 37 47 37 24 31 14 25 37 43 1 17 16 38 47 45 16 39 16 39 10 24 5 10 25 17 35
split_gain=5.01937 5.02449 5.91957 5.13172 5.18376 4.43381 4.40606 4.19811 3.67265 3.46512 3.44476 3.33749 3.69734 3.31716 3.46159 4.47938 3.24875 3.10913 3.97584 4.01248 3.78367 3.62186 3.80678 4.64879 3.66954 3.12488 2.9816 2.92716 2.87817 2.76443
threshold=-1.1298549771308897 -0.15792120248079297 -0.51377081871032704 -0.6410173475742339 0.87925717234611522 -0.27851212024688715 0.21586903929710391 -0.33223973214626307 -0.65718531608581532 1.0763621330261233 -0.20466908812522885 -0.64969152212142933 0.071944408118724837 -1.1146470308303831 2.1635292768478398 -0.35679702460765833 -0.37476485967636103 0.08961277082562448 -0.60368812084197987 -0.22024187445640561 -0.34834454953670496 -0.42187024652957911 0.044347239658236511 -0.47751331329345698 -0.060026386752724641 1.4123913645744326 -0.88629484176635731 -1.7684231400489805 -0.40966033935546869 -0.59488657116889943
decision_type=2 2 2 2 2 2 2 2 2 2 2 2 2 2 2 2 2 2 2 2 2 2 2 2 2 2 2 2 2 2
left_child=-1 2 27 7 6 9 17 28 -8 29 -9 12 -12 14 15 -11 -10 18 19 -5 -21 24 -23 -24 25 -20 -17 -2 -3 -4
right_child=1 3 5 4 -6 -7 8 10 16 13 11 -13 -14 -15 -16 26 -18 -19 21 20 -22 22 23 -25 -26 -27 -28 -29 -30 -31
leaf_value=0.033877489333181229 0.019674992783940026 0.044597647980654166 0.015740707375990839 -0.038245573225946752 -0.034062706988114734 -0.028032649169921143 -0.057353692974231874 0.02060078154675616 -0.029265448602698904 -0.056164953348368934 -0.073407357768070711 0.008183051571655971 0.03243143552628544 0.031619739229685272 -0.072733307923844179 -0.050535978171057566 0.021739149294302318 -0.037189414526329803 -0.044141217861158835 0.020032252024154727 -0.030949084211549502 0.023854079477470355 0.046932921207207295 -0.053411229801664274 0.039713234669857371 0.028916114199789983 0.034822845575197735 -0.047159085298402043 -0.055567673526559759 -0.029729919531740936
leaf_weight=10.564369388623161 1.8548528470564623 14.262608218006788 4.912009874591603 12.506020437926056 11.275710262649225 15.077422280621247 1.7104961613076728 17.484886288177222 3.4091502007795489 2.2756127220345634 3.4420941011048853 6.3328109215945023 1.0853508636355398 13.745755477226341 1.5985915040364478 1.1900956188328526 37.070406615210231 7.1004849279997861 7.7212805160088447 9.2456771440338326 6.0019875720608971 25.941896317177459 1.672832913813181 3.7232486439170307 2.329661019146438 1.8060414283536372 7.2880843606544694 14.031949698692186 0.75513965170830388 10.461799884564241
leaf_count=815 70 441 68 144 691 2549 103 545 180 36 36 268 57 164 25 73 1479 1037 122 175 182 428 45 165 24 24 74 2676 18 248
internal_value=0.000126248 -0.00131548 -0.0123889 0.00327123 -0.00164696 -0.00481286 0.0013929 0.0181876 0.0144111 0.00362886 0.00686356 -0.0152532 -0.0480349 0.0147216 -0.00408272 0.00612245 0.0174436 -0.00564419 -0.00248717 -0.0172534 -3.56962e-05 0.00700042 0.0159062 -0.0223037 -0.0165375 -0.0302921 0.0228409 -0.0393559 0.039561 -0.0152018
internal_weight=257.878 247.314 72.4362 174.878 131.515 56.5494 120.239 43.3629 42.1901 41.4719 28.3451 10.8603 4.52744 26.0981 12.3524 10.7538 40.4796 78.0491 70.9486 27.7537 15.2477 43.195 31.338 5.39608 11.857 9.52732 8.47818 15.8868 15.0177 15.3738
internal_count=12962 12147 5983 6164 4799 3237 4108 1365 1762 688 906 361 93 372 208 183 1659 2346 1309 501 357 808 638 210 170 146 147 2746 459 316
is_linear=0
shrinkage=0.05


Tree=128
num_leaves=31
num_cat=0
split_feature=0 15 34 38 48 39 16 0 26 4 15 47 33 30 48 17 7 4 22 4 4 34 25 32 39 17 4 46 38 6
split_gain=4.52157 4.22563 3.89762 3.86453 4.5659 3.83457 4.13843 4.04308 4.71103 3.66113 3.46466 3.45185 3.6911 3.8118 3.63659 3.6098 3.80828 3.27833 3.10771 3.05901 5.16545 5.22445 7.24123 5.07764 5.63793 5.31963 4.2729 4.41201 4.19836 4.01382
threshold=-1.1910374164581297 -1.2392413616180418 0.9012073576450349 -0.376034066081047 -0.027333036996424195 -0.14777062088251111 -0.46996068954467768 -0.41653697192668909 1.0433672070503237 -0.16295526176691053 -0.94782933592796315 -0.014504904393106697 -0.95878246426582325 -0.12518287450075147 1.1109592318534853 -0.57747977972030629 -1.4991326928138731 -0.16295696049928662 1.3540828824043276 -0.16273730248212812 -0.12958700209856031 -1.0469499230384824 -1.7342607975006101 -0.084044706076383577 -0.6410173475742339 -0.41768169403076166 -0.16295621544122693 0.33471967279911047 2.4277124404907231 0.79920241236686718
decision_type=2 2 2 2 2 2 2 2 2 2 2 2 2 2 2 2 2 2 2 2 2 2 2 2 2 2 2 2 2 2
left_child=-1 -2 3 4 -3 6 7 8 9 10 -5 12 -7 -14 -13 -15 -17 -8 19 23 -21 22 -22 24 25 -19 -25 -28 -23 -26
right_child=1 2 -4 5 -6 11 17 -9 -10 -11 -12 14 13 15 -16 16 -18 18 -20 20 21 28 -24 26 29 -27 27 -29 -30 -31
leaf_value=0.040559307492101473 0.048401554456496028 -0.055393095545557325 -0.050267088925511384 0.030726223270724919 0.035686879523157786 -0.05494452626083255 0.031707569551999951 -0.036007424314996553 0.034156985365770262 0.011345175914012594 -0.050559469811385961 -0.048344658617971485 -0.050734549569151813 -0.053321961259105967 0.036206075270191401 -0.033859142804239725 0.02469420898662578 0.024412569436358868 -0.062696074639185986 0.034309131858536214 -0.13383348320789343 -0.023810339423491492 0.053376659924750804 0.024761965472504009 -0.031551759895385355 -0.062061968066574859 -0.042096373173763135 0.024692389719729712 0.050108028962660013 -0.0016382074461458282
leaf_weight=6.6051334976218632 4.1965697347186497 6.2837790318299085 4.1458626011153674 1.589526850264521 1.7618042513495291 3.28186588874087 11.621738515095783 12.2372138062492 6.8961994709679848 7.2537032477557686 7.478728692047298 9.9527858362416719 3.0822472178260858 2.1312586718704578 1.4580501690506924 3.3218754772096935 16.927665019291446 16.242707747500393 1.7197226902353566 20.45494683063589 0.5640335977077483 15.09735060867388 6.1326390951871899 27.716412403329741 24.724042008339893 1.9971377068431966 5.7262375566060708 4.3519307740498334 2.2009961712174109 20.522286797990091
leaf_count=360 445 245 2253 107 160 95 259 376 128 191 154 2820 691 46 130 102 377 270 106 521 4 500 190 764 839 50 325 113 46 347
internal_value=-0.000275904 -0.00135019 -0.00219591 -0.00137484 -0.0354486 -0.0002067 0.00269712 -0.0127502 -0.000492394 -0.0151321 -0.0363113 -0.0142738 -0.00503743 0.00139497 -0.037541 0.00857416 0.0150887 0.00614016 0.00412499 0.00491352 0.0158484 0.000111179 0.0376087 0.000114451 -0.00852354 0.0149442 0.0146243 -0.0132558 -0.0144052 -0.0179839
internal_weight=257.676 251.071 246.875 242.729 8.04558 234.683 194.528 35.4554 23.2182 16.322 9.06826 40.1557 28.7449 25.463 11.4108 22.3808 20.2495 159.072 147.45 145.731 44.45 23.995 6.69667 101.281 63.4862 18.2398 37.7946 10.0782 17.2983 45.2463
internal_count=13014 12654 12209 9956 405 9551 5290 956 580 452 261 4261 1311 1216 2950 525 479 4334 4075 3969 1261 740 194 2708 1506 320 1202 438 546 1186
is_linear=0
shrinkage=0.05


Tree=129
num_leaves=31
num_cat=0
split_feature=20 48 44 4 47 7 43 4 43 15 43 4 31 38 36 15 1 30 32 27 22 36 33 48 16 16 16 2 11 42
split_gain=5.74403 4.19923 4.6086 4.42391 6.92239 6.70014 7.43821 5.33181 5.83976 6.16002 5.80891 5.16771 4.59732 4.26628 3.93709 3.86912 3.683 3.62684 3.50239 3.92182 3.44295 3.38986 3.33002 3.26069 3.26052 3.23136 3.22641 3.87589 3.1773 2.75108
threshold=-1.7735249996185301 -0.81816944479942311 -1.0417380928993223 -0.16295496374368665 -0.082723870873451219 -1.5614432692527769 -0.4220301210880279 -0.16295672208070752 0.10799370333552362 -0.80236974358558644 0.53710144758224498 -0.16295694559812543 -0.15488785505294797 0.22020297497510913 -1.2330026626586912 1.9795379638671877 -1.2442623972892759 -0.17407064139842984 0.17120720446109775 0.44103373587131506 -0.29806399345397944 0.80779239535331737 0.30879795551300054 -0.76047945022582997 3.3714007139205937 -2.4856467247009273 -0.7536359131336211 2.444756388664246 -0.29895217716693873 0.68461090326309215
decision_type=2 2 2 2 2 2 2 2 2 2 2 2 2 2 2 2 2 2 2 2 2 2 2 2 2 2 2 2 2 2
left_child=24 25 -3 4 7 13 28 10 9 -9 16 12 17 -5 20 -15 -4 -12 -11 -20 -13 22 -18 -17 -1 -2 27 -8 -7 -10
right_child=1 2 3 5 -6 6 26 8 29 18 11 14 -14 15 -16 23 21 -19 19 -21 -22 -23 -24 -25 -26 -27 -28 -29 -30 -31
leaf_value=0.027879999518931994 -0.1001268623978394 -0.036008014708568348 -0.038480385785191931 -0.038376004386683503 -0.03854433318242273 0.032334888483168664 -0.044009425588330695 0.049558474979598699 -0.043336276208706365 -0.027934579142234295 0.0087295941814312678 0.034745472908612234 0.043997746969539168 0.017038520603391224 -0.047281819060055137 0.030658102335451048 0.036729419652354468 -0.070246242122153177 -0.025044782506573906 0.033947139876163816 -0.058653485458480127 -0.013914378430359886 -0.037832520773488504 -0.051232129567337727 -0.11267724172220017 0.035836600139764023 0.031048482266248619 0.059355591106200228 -0.032420970222448019 0.051241223028827658
leaf_weight=20.982393478392627 0.45784291438758273 10.322835322062017 2.4472104530432253 10.19112512242282 15.930919534526764 2.4001457200502037 3.1287308977916828 4.7667625746689763 16.533963754423898 15.16366660629865 4.7584502848330885 3.3865069393068552 6.2113588086213003 13.153748485899998 10.415756986534687 1.6314014885574577 24.724058290768888 2.0931916257832199 4.9321630175109004 6.5706817806931213 1.3923942075343791 4.6930936516728243 1.5939916251227249 4.7692055691732085 0.42086790688335796 9.5991577159147692 39.756752656889148 1.2770975647727025 8.9872405215864983 0.80639567971229453
leaf_count=924 5 1091 91 1034 3471 48 356 55 361 599 160 48 184 519 206 54 483 33 201 114 22 152 41 272 9 236 1482 12 712 43
internal_value=0.000331419 -0.00195416 -0.00338549 -0.00179489 -0.00773166 0.00700429 0.0172589 -0.00328894 -0.0156442 -0.00279405 0.00647534 -0.0102164 0.0128444 -0.0121462 -0.0300421 0.00152393 0.0205726 -0.0153977 -0.0121523 0.00865272 0.00753249 0.0252327 0.0322135 -0.0303598 0.0251161 0.0296469 0.0265495 -0.0140475 -0.0187722 -0.038938
internal_weight=253.499 232.096 222.039 211.716 126.421 85.2954 55.55 110.49 48.7736 31.4333 61.716 28.2577 13.063 29.7455 15.1947 19.5544 33.4584 6.85164 26.6665 11.5028 4.7789 31.0111 26.318 6.40061 21.4033 10.057 44.1626 4.40583 11.3874 17.3404
internal_count=13018 12085 11844 10753 6264 4489 2610 2793 1373 969 1420 653 377 1879 276 845 767 193 914 315 70 676 524 326 933 241 1850 368 760 404
is_linear=0
shrinkage=0.05


Tree=130
num_leaves=31
num_cat=0
split_feature=39 15 4 42 17 42 17 38 36 34 2 48 16 32 14 44 39 15 4 44 34 28 23 4 43 42 43 38 12 23
split_gain=5.49092 4.29326 4.60535 6.43804 4.91989 8.06211 4.16919 4.2447 4.03462 3.96213 3.76117 3.73051 4.61286 4.3099 4.13043 4.04123 4.36256 5.02782 4.69336 3.78299 3.67947 3.36398 3.21984 3.14845 3.74816 2.99308 3.75323 2.83762 2.99808 2.90768
threshold=0.16264390945434573 -1.1298549771308897 -0.16269773989915845 0.4609800279140473 0.29764714837074285 -0.24841122329235074 2.057157158851624 2.4277124404907231 -2.8432272672653194 -0.92201822996139515 -0.7711576223373412 -0.81816944479942311 -0.47585760056972498 -0.084044706076383577 -0.19066539406776425 -1.2212939858436582 -0.59486195445060719 -0.81351318955421437 -0.1629558131098747 0.87698990106582653 0.61811041831970226 0.28716614097356802 -0.61546343564987172 -0.16295672208070752 0.13788416981697085 0.66445833444595348 0.57653942704200756 -0.3563701063394546 0.92819777131080639 -1.0283635854721067
decision_type=2 2 2 2 2 2 2 2 2 2 2 2 2 2 2 2 2 2 2 2 2 2 2 2 2 2 2 2 2 2
left_child=1 -1 3 -3 8 6 20 9 -4 10 -8 -5 19 14 25 -16 22 21 -19 -13 -6 -18 -17 24 -15 -14 -27 29 -29 -25
right_child=-2 2 4 11 5 -7 7 -9 -10 -11 -12 12 13 23 15 16 17 18 -20 -21 -22 -23 -24 27 -26 26 -28 28 -30 -31
leaf_value=0.036001472525260841 -0.024672913096995007 -0.049793201806741488 -0.10075518922048095 0.030566378933771666 0.027883046943407586 -0.043075341358750567 -0.090335777727299615 0.041922122718907801 0.03632494438873058 -0.059777192809829661 0.039294798708923474 -0.047813085267328442 -0.034566646813651618 0.050735561478552099 -0.061594244494102751 -0.032410323491534783 -0.023882553331857018 -0.042037158876959926 0.019600847207555342 -0.0057501765006850898 -0.064787637889882926 0.023670333928620762 0.038263708891876747 -0.058247052236162514 0.0062266756686909621 0.051570583076831024 -0.031633682011306272 -0.03471703763978589 0.054193780331944413 0.018795871327966687
leaf_weight=9.1363776698708516 20.365681087423582 7.1991431365604504 0.55173806846142071 8.6094643832184357 24.436418996076103 7.8442491445457554 0.71420026896521482 2.6357016251422456 19.795767339295708 4.8585948531981549 2.5843611657619467 9.6805945916567016 17.478158302488733 9.3864406797220017 2.4553344913292596 1.8723854129202653 4.9551425698446048 11.778537617705288 4.1859045486199085 11.93620492541231 1.1202301013399836 14.909733278676867 11.570560437394297 1.3265771793667251 9.5348589931381849 2.5834059575572601 2.8512259949930012 7.1022007653373276 1.0942212325753642 15.94298785866704
leaf_count=780 3513 1762 8 124 676 343 13 55 733 319 83 300 623 260 164 38 62 646 65 315 210 215 198 82 332 55 30 413 18 575
internal_value=0.000211625 0.00241381 0.00102522 -0.00361071 0.0122631 0.00289602 0.0128167 -0.0132407 0.0326079 -0.0310646 0.0112274 -0.00138314 -0.00333891 0.00052001 -0.00681705 0.00101109 0.00413084 -0.00498229 -0.0258756 -0.0245871 0.023821 0.0118086 0.02842 0.0128578 0.0283066 -0.0244897 0.00791829 0.00137932 -0.0228475 0.0128777
internal_weight=250.496 230.131 220.994 156.453 64.5413 44.1938 36.3495 10.7929 20.3475 8.15716 3.29856 149.254 140.644 119.028 74.6404 51.7276 49.2723 35.8293 15.9644 21.6168 25.5566 19.8649 13.4429 44.3873 18.9213 22.9128 5.43463 25.466 8.19642 17.2696
internal_count=13010 9497 8717 6277 2440 1699 1356 470 741 415 96 4515 4391 3776 2096 1388 1224 988 711 615 886 277 236 1680 592 708 85 1088 431 657
is_linear=0
shrinkage=0.05


Tree=131
num_leaves=31
num_cat=0
split_feature=39 40 33 15 27 43 3 5 46 16 11 0 34 43 9 23 45 16 42 33 27 6 0 20 31 29 5 6 21 31
split_gain=4.38858 4.21898 4.06596 3.82506 4.76811 4.01585 3.7247 3.47417 3.37973 4.33208 3.80222 3.34056 3.17043 3.27545 3.14538 3.02923 2.83372 4.0297 4.28755 3.0846 2.95771 6.23001 3.88664 3.98616 3.79544 3.49798 2.71813 2.69463 2.76577 3.85772
threshold=-0.58352574706077565 0.49025307595729833 0.48105856776237493 -0.4900445938110351 1.0000000180025095e-35 -0.075525876134634004 -0.36079506576061243 0.95623171329498302 0.8681313991546632 -0.50416493415832508 -0.30406108498573298 -1.1005337238311765 -0.72863283753395069 -0.3410742580890655 -0.92220395803451527 -0.61546343564987172 1.3473826050758364 0.06342062354087831 0.55497291684150707 -1.0920723676681516 1.1401047706604006 0.68379151821136486 -0.51518115401267994 -1.473447799682617 0.55351248383522045 -0.029162980616092678 0.81421399116516124 -1.7849094271659849 -1.1190288662910459 -0.53173592686653126
decision_type=2 2 2 2 2 2 2 2 2 2 2 2 2 2 2 2 2 2 2 2 2 2 2 2 2 2 2 2 2 2
left_child=2 8 3 4 6 27 -1 -4 9 11 -10 -2 -8 -14 -11 -7 17 18 -16 -19 21 22 23 -20 -24 -23 -3 -5 29 -29
right_child=1 26 7 5 -6 15 12 -9 10 14 -12 -13 13 -15 16 -17 -18 19 20 -21 -22 25 24 -25 -26 -27 -28 28 -30 -31
leaf_value=0.038432787982414049 0.029252212718056898 -0.04338289569017912 -0.050302726146939869 -0.089595455264650584 0.039487175599368762 -0.029475835925634866 0.034547564099462955 0.033488901460131025 -0.032182940167505468 -0.032786389856613217 0.00415941420356194 -0.041663144716346141 0.030898108265936194 -0.032008625636590286 -0.026377438179953874 0.033682992334029681 -0.044561723722601108 -0.045203832423908206 0.026954403637038223 0.033589081165694548 0.034166566442432593 -0.0069692805835330192 -0.023434628584836942 -0.057401017977315671 0.049123860632524927 0.029304493637957753 0.00050341334400857626 -0.0079439347503676028 -0.019970953034802817 0.047112549550820178
leaf_weight=6.379968483583073 2.0519608759786925 10.986915379937274 4.9467724582646033 0.99282817862695338 20.514416086836718 2.2615567789180195 3.6037866524420723 1.6495746422442605 17.429310408479072 5.116748825646936 12.259074496803803 8.7081986595294421 2.6233955832431137 9.7964872508309693 10.42035658250097 11.824992376670705 2.537622175354044 1.3285207888111497 1.7098116064444182 19.099839913542382 9.3815591956954432 9.9957031904486957 4.423235897847916 7.7402262672549131 3.0416431648191065 19.833565430017188 5.1971170851029447 9.7512400757404958 16.395002552832011 4.7225461811758604
leaf_count=79 69 2918 523 26 940 60 159 46 601 456 506 652 36 202 1436 410 504 29 40 663 216 340 362 119 25 312 482 124 601 66
internal_value=0.000132197 -0.0051654 0.00852629 0.0113377 0.022071 0.00131215 0.00612347 -0.0293486 -0.00227497 0.00192277 -0.0171763 -0.0281396 -0.00674078 -0.0187211 0.00534113 0.023543 0.0075206 0.00904019 0.00307717 0.0284649 0.00854574 0.00340364 -0.0208366 -0.0421384 0.00613009 0.0171493 -0.0292899 -0.00851648 -0.00590875 0.01002
internal_weight=246.724 151.261 95.4626 88.8662 42.9181 45.9482 22.4036 6.59635 135.077 105.389 29.6884 10.7602 16.0237 12.4199 94.6288 14.0865 89.5121 86.9745 66.5461 20.4284 56.1257 46.7442 16.9149 9.45004 7.46488 29.8293 16.184 31.8616 30.8688 14.4738
internal_count=13002 9730 3272 2703 1416 1287 476 569 6330 5223 1107 721 397 238 4502 470 4046 3542 2850 692 1414 1198 546 159 387 652 3400 817 791 190
is_linear=0
shrinkage=0.05


Tree=132
num_leaves=31
num_cat=0
split_feature=26 1 4 42 43 39 43 15 20 16 45 1 39 4 7 39 34 6 43 25 5 43 15 22 46 10 16 35 16 48
split_gain=4.40547 6.44544 3.77299 6.7183 5.4967 5.91538 4.95271 6.02334 3.79235 3.46335 4.98348 4.02925 3.9286 3.79964 3.30295 5.35204 3.6737 3.02066 3.00575 3.07939 2.91145 2.86943 4.40208 2.86915 2.82526 2.80401 2.77149 2.76355 2.67483 2.59995
threshold=-0.58052057027816761 0.99160975217819225 -0.16295496374368665 0.55190059542655956 0.11507132649421693 -0.48197372257709498 -0.27427436411380762 -0.70786830782890309 -1.7132604718208311 -0.22594466805458066 -0.65196341276168812 0.60378894209861766 -0.45488303899765009 -0.16295666247606275 -1.5614432692527769 -0.066179595887660966 -0.86833101511001576 0.12507356703281405 -2.1442940235137935 0.28621862828731542 1.0495598316192629 0.53710144758224498 -1.0029196143150327 -0.88635817170143116 0.74163901805877697 -0.090403936803340898 -0.49306829273700709 -0.27228559553623194 -0.36283980309963221 -0.84872978925704945
decision_type=2 2 2 2 2 2 2 2 2 2 2 2 2 2 2 2 2 2 2 2 2 2 2 2 2 2 2 2 2 2
left_child=1 -1 3 17 5 18 -5 8 -8 10 11 12 -10 21 15 16 -6 25 23 24 -18 26 -23 -4 -20 -2 -12 -26 -3 -16
right_child=2 28 4 6 14 -7 7 -9 9 -11 13 -13 -14 -15 29 -17 20 -19 19 -21 -22 22 -24 -25 27 -27 -28 -29 -30 -31
leaf_value=-0.024227144817571801 -0.051755159332225943 -0.055966226625550723 0.018560478948031322 0.025718844262783688 0.050937031001116496 -0.039466088170683644 0.048199231892587041 -0.03302671625594307 0.027934407714996608 0.020326785820007992 -0.0072427971086500209 -0.046675880268445102 -0.03243426643846236 -0.025936404272940274 -0.093777345988503125 -0.05355834749723834 -0.024333328452135018 -0.048225307044134219 0.028883842784143091 -0.030014363712800141 0.039658109911805503 0.032605769678383287 -0.040064761016982239 -0.064956617013170348 0.018957482892867902 0.064960391945347418 0.048433824013740329 -0.061904881265422054 0.03435167701745203 0.033105765707943206
leaf_weight=32.286557032319251 0.87040859658736769 0.91863993724109594 1.7268985894042996 18.278337711584754 5.2227987512014815 8.4289678260101919 4.3571853521279982 13.923432164418044 5.2224923158064485 15.736183943459762 2.9966328431619322 10.54632119159214 5.5684953569434565 6.3538857356179568 0.40868251072242756 3.2204730753437607 5.3272771893534818 10.204252660972996 18.921645672176972 3.4570701238699248 2.6675259878393263 4.1325787227833626 4.2037143473280594 2.542235235101546 2.4447552128694952 1.2588044227450144 8.7960130539722758 1.8608683499041934 7.6162081161164661 33.356085124192759
leaf_count=3732 214 51 21 333 218 1168 255 516 92 278 99 138 91 99 9 336 118 2193 343 118 91 158 171 202 48 54 112 41 253 1442
internal_value=0.000969566 -0.0140121 0.00399665 -0.00210212 0.0116519 -0.00233159 0.00218746 -0.00306829 0.0030737 -1.99339e-05 -0.00671543 -0.0246977 -0.00321776 0.00777291 0.0226215 0.00424072 0.0183235 -0.0369222 0.00778054 0.0140126 -0.00298211 0.0184136 -0.00403955 -0.0311733 0.0205655 0.0172478 0.0342858 -0.0159908 0.0246304 0.03157
internal_weight=242.855 40.8214 202.034 112.449 89.5853 39.3824 100.115 81.8369 67.9135 63.5563 47.8201 21.3373 10.791 26.4828 50.2028 16.4381 13.2176 12.3335 30.9535 26.6843 7.9948 20.1289 8.33629 4.26913 23.2273 2.12921 11.7926 4.30562 8.53485 33.7648
internal_count=12994 4036 8958 4803 4155 1941 2342 2009 1493 1238 960 321 183 639 2214 763 427 2461 773 550 209 540 329 223 432 268 211 89 304 1451
is_linear=0
shrinkage=0.05


Tree=133
num_leaves=31
num_cat=0
split_feature=34 0 42 38 3 47 4 17 39 20 36 25 44 16 17 44 4 46 2 17 43 0 27 6 43 1 35 4 7 29
split_gain=3.86658 4.09532 3.91427 3.63731 3.97065 3.46919 5.93641 6.49462 4.95518 3.35903 5.24249 3.37309 3.13885 3.05182 3.02925 2.93355 2.69746 3.66829 3.99371 5.69834 3.41998 3.26948 3.18201 3.61441 3.56282 3.14234 2.81242 3.20814 2.51143 2.66891
threshold=0.9012073576450349 -1.1863840818405149 0.70745801925659191 -0.376034066081047 -0.35039331018924708 -0.055769192054867738 -0.16293168067932126 0.86061623692512523 0.27727694809436804 -1.6460427641868589 -2.4243401288986202 -1.512006878852844 -1.1167935729026792 -0.35046072304248804 -0.55298256874084462 -0.079968433827161775 -0.16295694559812543 0.55934876203536998 -0.76348200440406788 -0.57086184620857228 0.23032191395759585 1.1069127917289736 -0.29888826608657831 -1.6384047865867613 -0.06168547831475734 -1.2058892250061033 -0.4320202767848968 -0.16295682638883588 0.68174096941947948 -0.37807987630367274
decision_type=2 2 2 2 2 2 2 2 2 2 2 2 2 2 2 2 2 2 2 2 2 2 2 2 2 2 2 2 2 2
left_child=1 -1 3 -3 12 9 -7 8 15 10 11 -6 -5 -14 -15 -8 25 18 -18 20 28 22 -21 24 -24 -11 27 -22 29 -20
right_child=-2 2 -4 4 5 6 7 -9 -10 16 -12 -13 13 14 -16 -17 17 -19 19 21 26 -23 23 -25 -26 -27 -28 -29 -30 -31
leaf_value=0.04067074208889971 -0.050277024536967779 -0.035900453152453084 0.040053033681482442 -0.025567543992044795 -0.066118248101444801 -0.051086879105343 -0.015289371372162939 -0.052126608578812052 -0.050972015235031837 -0.050829107347160785 0.041802612081650169 0.037694204952083726 -0.02393050302074877 0.043341306298449844 0.012445095467035969 0.046523985181560833 -0.032149901042627764 -0.021313952472286197 -0.054822480134399235 -0.015858194703307443 0.05608616193062415 0.04602156633937915 -0.083043409564575871 0.023968700613818558 0.012938777886094108 0.037609410500125437 -0.056524864125075194 -0.03569544458222914 0.043415195380299247 -3.3095812846874202e-05
leaf_weight=6.3913039099425069 3.7064438196248366 7.2096916003501965 5.9721492095850399 5.1634575215284704 2.2390244468115275 9.8476093185017799 2.554559305717703 4.7638010242371811 2.2364152538357294 1.1750102343503384 9.894473984371869 1.2028260249644507 4.5160497297765678 10.113498350605367 36.805239622830413 7.7199610417592393 8.751727417286018 26.705966545967385 2.594614227069548 9.7003936654073097 1.4522239649668334 7.0297797183739013 1.6640309663489463 25.75395728449805 2.3075908150058195 6.9177628855686617 6.4961517937481386 2.7646324498346075 2.7477196292020372 15.506580942426803
leaf_count=392 2274 353 660 353 18 1949 124 1092 564 39 363 21 184 212 1636 223 291 612 68 274 15 111 24 501 71 155 93 40 36 234
internal_value=0.000398917 0.00118745 9.88313e-05 -0.000957749 0.000194572 -0.00378796 -0.0201049 -0.00244343 0.0164745 -0.000507449 0.0233133 -0.0298388 0.0115956 0.0153263 0.0191049 0.0311553 -0.00312065 -0.00510965 -0.000122275 0.00347046 -0.0129236 0.0146085 0.00900748 0.0171219 -0.0272759 0.0247688 -0.0358843 -0.0040872 -0.00112541 -0.00788657
internal_weight=241.905 238.198 231.807 225.835 218.625 162.027 27.1223 17.2747 12.5109 134.904 13.3363 3.44185 56.5982 51.4348 46.9187 10.2745 121.568 113.475 86.7694 78.0177 31.5619 46.4558 39.426 29.7256 3.97162 8.09277 10.713 4.21686 20.8489 18.1012
internal_count=12982 10708 10316 9656 9303 6918 3952 2003 911 2966 402 39 2385 2032 1848 347 2564 2370 1758 1467 486 981 870 596 95 194 148 55 338 302
is_linear=0
shrinkage=0.05


Tree=134
num_leaves=31
num_cat=0
split_feature=0 42 17 26 28 7 43 18 36 39 37 17 32 12 37 36 5 47 24 6 33 37 34 40 25 36 4 42 27 17
split_gain=3.73739 3.52383 3.37576 3.19997 3.08742 2.99903 2.95365 3.43717 3.22334 4.55939 4.20936 3.18309 3.29508 3.03246 3.27938 3.77914 3.99213 3.23221 3.41916 3.05421 2.80161 2.68905 2.73929 2.62495 2.57664 2.78774 2.51458 4.28052 3.82577 3.19435
threshold=-1.1863840818405149 0.7027442753314973 -0.58846962451934803 -1.1960657238960264 0.049654711037874229 0.74405163526535045 -0.64556467533111561 -0.83501705527305592 0.87745481729507457 -0.6052754521369933 -1.8289716243743894 2.7384688854217534 -0.85316190123558033 -0.91827473044395436 0.21586903929710391 -0.16467358171939847 0.24322907626628879 0.033617906272411353 -0.34009781479835505 -1.1362803578376768 -0.39109453558921808 -2.0146425962448116 -0.46765488386154169 -0.62057361006736744 -1.1073088645935056 -0.60408976674079884 -0.16288840025663373 0.57632228732109081 0.33720548450946813 0.46188201010227209
decision_type=2 2 2 2 2 2 2 2 2 2 2 2 2 2 2 2 2 2 2 2 2 2 2 2 2 2 2 2 2 2
left_child=-1 2 4 -4 21 -6 7 11 9 10 20 12 -5 -11 15 17 19 18 -15 -17 -8 -2 -23 -3 25 -20 27 28 -16 -28
right_child=1 23 3 6 5 -7 8 -9 -10 13 -12 -13 -14 14 26 16 -18 -19 24 -21 -22 22 -24 -25 -26 -27 29 -29 -30 -31
leaf_value=0.038200966225934892 -0.061176314870178918 0.044443493348256258 -0.030413264935605974 -0.036064506454136183 -0.035978569811604341 0.028541766353752024 0.040082155933321803 -0.040745475207600294 -0.017080718374159223 -0.038451134658764125 0.031864418514018812 -0.09169568458406735 0.028229199075763052 -0.0086120284638233451 -0.055506390379351282 -0.0598215804665988 -0.047834811799745088 -0.039687256506136206 -0.048611169589171083 0.014924548887522716 -0.052956825581742611 0.032806687586965436 -0.010061856129628944 -0.044068886388674053 0.025450384626265501 0.032666687817881887 0.050694931846096969 0.020316375477582478 0.011858782379301687 -0.016870972332071146
leaf_weight=6.3692701049149028 1.6485117374686549 6.5304444204084575 7.7606834918842642 2.7677896938985205 17.404538777482234 2.0089453536784267 1.1660745441913607 8.1566192116588336 15.381601951259652 4.3628441745531736 25.553553150501102 0.8303766638273381 7.1173395483056092 18.823451559292145 4.2430806677439268 1.6924581131897865 8.2852095085545425 3.8657541601569383 2.6464007992763072 7.0996350913774311 2.6432757535949376 5.9378316447837287 10.006294092396271 0.96087721985531871 23.697758787311621 1.7543670904706186 8.3112843036651594 20.376426955859642 4.1876854477450252 2.2156468239263623
leaf_count=417 26 699 1425 119 722 55 53 1375 850 374 639 24 133 370 1125 328 397 791 64 459 31 131 435 128 561 30 263 389 257 221
internal_value=0.000425347 -0.000632543 -0.00178114 0.00100486 -0.0155537 -0.0293019 0.00239673 -0.016288 0.00465269 0.00702484 0.0245551 0.00232895 0.0102273 0.00241091 0.00407393 -0.00258389 -0.0229315 0.00425797 0.00787848 0.000536088 -0.0244768 -0.000382613 0.00590303 0.0330904 0.0189256 -0.0162097 0.015561 0.00791878 -0.0220451 0.0364741
internal_weight=233.806 227.437 219.945 182.939 37.0061 19.4135 175.179 18.8721 156.307 140.925 29.3629 10.7155 9.88513 111.562 107.199 67.865 17.0773 50.7877 46.922 8.79209 3.80935 17.5926 15.9441 7.49132 28.0985 4.40077 39.3341 28.8072 8.43077 10.5269
internal_count=12891 12474 11647 10278 1369 777 8853 1651 7202 6352 723 276 252 5629 5255 3000 1184 1816 1025 787 84 592 566 827 655 94 2255 1771 1382 484
is_linear=0
shrinkage=0.05


Tree=135
num_leaves=31
num_cat=0
split_feature=15 0 43 39 47 14 14 38 16 44 33 26 35 4 2 27 42 24 26 26 0 32 13 26 23 2 4 47 24 15
split_gain=4.80266 3.87535 3.76198 3.20233 3.51402 3.91861 3.09047 3.08281 2.82193 4.24167 3.21488 3.10706 3.18203 2.89315 2.86759 2.75862 2.68167 2.97274 2.65782 3.10873 3.13875 2.84188 3.8849 2.59499 4.05796 2.58285 2.40206 2.35327 2.32442 2.69071
threshold=-1.1298549771308897 -1.1830742359161375 1.3260998129844668 -0.14777062088251111 0.11090959981083871 -1.5130824446678159 0.083926275372505202 -0.37588708102703089 -0.46996068954467768 0.31060923635959631 0.83289414644241344 1.0433672070503237 -0.3717337548732757 -0.16295696049928662 -0.37087032198905939 -0.40979753434658045 0.69295188784599315 -0.31936426460742945 -0.095964025706052766 0.81493234634399425 1.3067915439605715 0.45948402583599096 -0.36522531509399409 0.37843592464923864 0.62323707342147838 -0.59894573688507069 -0.16294366866350171 -0.47564958035945887 -0.3415857702493667 -1.0171381831169126
decision_type=2 2 2 2 2 2 2 2 2 2 2 2 2 2 2 2 2 2 2 2 2 2 2 2 2 2 2 2 2 2
left_child=-1 -2 3 7 5 -5 -7 -3 9 -9 13 16 14 -10 -13 18 17 -11 -15 20 21 22 -20 24 25 -8 -4 -19 -17 -30
right_child=1 2 26 4 -6 6 23 8 10 11 -12 12 -14 15 -16 28 -18 27 19 -21 -22 -23 -24 -25 -26 -27 -28 -29 29 -31
leaf_value=0.034734873523574954 0.035476275041270745 -0.042993683755791406 -0.052939773392238987 0.04165555791549426 -0.05063167045454519 -0.036653865301274458 -0.018919921037151413 -0.054551104613948721 0.028539073935252741 -0.045576629030738017 -0.055020452359896804 -0.09164596546452837 -0.039762470929973558 -0.034248658943855058 0.049687979907763268 -0.035748232233916426 0.027592056757936891 0.02994158674873373 0.015500857584717821 -0.033091558553776844 0.043587722630187675 0.049129466311044374 -0.039334162839721049 -0.029332709283833847 -0.053843354796702603 0.050196117761337082 0.044475548167783083 -0.02615462144333687 0.052998540959471735 0.0054485275143444818
leaf_weight=8.9626590730622393 6.4897800274193278 4.4924027787055811 0.71077978657558549 3.1592430484015521 6.8947014306904739 11.442232592264192 1.8322603173437535 5.4736390622565549 10.296038394386413 8.2843175135785767 2.4252923458698197 0.38568295730510715 1.6206269784015592 9.065985127061138 5.1666035630041733 3.2799151330254963 2.881706624175421 3.2472580745816231 6.2656172243296195 6.3930528580676755 4.523884199676103 2.1648527613142496 6.6668558823294033 5.2566049866145468 1.7111571024288421 5.1537231885013144 5.7682777568697921 4.4067025559488675 3.0838907384313634 84.354330158617813
leaf_count=819 400 197 123 78 3037 904 376 212 248 251 539 9 56 796 65 72 104 30 192 207 83 67 190 354 225 179 299 220 72 2605
internal_value=-0.00115172 -0.00259471 -0.00373641 -0.00489455 -0.0185949 -0.0108595 -0.0173924 -0.00211097 -0.00103052 -0.0145471 0.00203995 -0.00612302 0.0218784 0.0030568 0.0398704 0.000971194 -0.0167953 -0.0248207 -0.0109356 -0.00281096 0.00705518 -0.00389173 -0.0127673 -0.00159772 0.0151655 0.0320686 0.0337887 -0.00235533 0.00557548 0.00712559
internal_weight=231.86 222.897 216.408 209.929 35.4499 28.5552 25.396 174.479 169.986 31.4665 138.52 25.9929 7.17291 136.094 5.55229 125.798 18.82 15.9383 35.0802 26.0143 19.6212 15.0973 12.9325 13.9537 8.69714 6.98598 6.47906 7.65396 90.7181 87.4382
internal_count=13009 12190 11790 11368 5153 2116 2038 6215 6018 947 5071 735 130 4532 74 4284 605 501 1535 739 532 449 382 1134 780 555 422 250 2749 2677
is_linear=0
shrinkage=0.05


Tree=136
num_leaves=31
num_cat=0
split_feature=48 44 20 3 43 18 1 27 14 49 39 44 20 31 17 30 34 21 30 23 27 27 46 37 2 17 39 0 13 5
split_gain=3.73653 5.66417 4.58843 3.23003 3.50457 3.03301 3.73631 4.25731 3.44206 3.37252 3.34433 3.34336 2.76434 3.22227 2.59733 2.44109 2.48571 2.38848 2.36481 2.35626 2.3098 2.30848 2.29077 2.53549 2.78059 2.9062 2.44241 2.43115 2.24569 2.40396
threshold=-0.81816944479942311 -1.2002207636833189 -1.7325006723403928 -0.35425135493278498 1.2557321786880495 -1.56743848323822 1.3978791236877444 -0.48397830128669733 1.0287357568740847 -0.38208919763565058 -0.35413642227649683 -0.81907325983047474 -0.48203133046627039 -0.25135663151741022 -0.61130091547965992 -1.4975249171257017 -0.94442239403724659 -1.972791254520416 0.87085264921188366 1.8619376420974734 1.1811261177062991 -0.35935346782207483 2.3884978294372563 0.12492286786437036 -0.35024499893188471 1.6719903945922854 -0.46902503073215479 -1.1676679849624632 0.31724157929420477 -0.60311025381088246
decision_type=2 2 2 2 2 2 2 2 2 2 2 2 2 2 2 2 2 2 2 2 2 2 2 2 2 2 2 2 2 2
left_child=-1 -2 -3 17 5 12 7 8 -7 11 15 -9 -5 -14 21 16 -10 19 -11 -4 -8 -13 23 24 25 -16 -26 -28 29 -19
right_child=1 2 3 4 -6 6 20 9 10 18 -12 14 13 -15 22 -17 -18 28 -20 -21 -22 -23 -24 -25 26 -27 27 -29 -30 -31
leaf_value=0.024963166793613538 -0.055645071624584 0.027827848334777416 0.051203208085826415 -0.03572779993467462 0.02956034133938832 -0.030778289414986278 -0.042910678182754569 -0.037915258461342888 0.035581524352081534 -0.049523273999814633 -0.052385378125328487 0.051843908538839967 -0.065185580706021581 0.045079630437251744 0.038093611846829446 0.024322529975866456 -0.061661441320279731 -0.028778368200305202 -0.00053685904842969514 -0.031362868260342881 0.016955523888159973 -0.021610479592462636 -0.042555246639945726 0.029596262177466609 0.01938669543112953 -0.035794380932075834 0.04959486562396876 -0.026224700481186677 -0.058919154737175475 0.011282301991505017
leaf_weight=14.811499118339269 4.6400836871471247 14.028275923919862 5.3620093319914295 14.613233092648445 6.8113849056535392 18.692174373718444 9.0030651210108754 3.6274146793293758 1.0039965622127058 4.4410830564447661 2.4088775755953966 1.2234515183372412 0.91357208724366534 2.4114254745654753 9.3495283013325992 9.4612268199562077 1.9023302537389088 4.1722176543553351 5.5332510553998873 1.0300895472173577 1.9623993205022987 8.5070333658950243 1.6387162061873812 23.755645031109452 6.8075763592496434 1.5516809907858249 1.1784848058596153 10.279693759977864 1.3269075078424055 36.557043519511353
leaf_count=356 592 872 87 446 474 1953 430 238 6 1174 635 25 23 39 285 180 94 858 638 28 71 348 28 690 193 116 15 466 113 1478
internal_value=0.000675525 -0.00100396 0.000205936 -0.00177584 -0.00546424 -0.00716505 -0.00434953 -0.00160749 -0.0165217 0.00480072 0.00151284 0.00878768 -0.0263652 0.0147833 0.0114227 0.0120108 -0.0280687 0.00942125 -0.0223481 0.0378976 -0.0321969 -0.0123748 0.0156668 0.0174696 0.00759274 0.0275764 -0.00433372 -0.0184266 0.00509313 0.00717857
internal_weight=229.005 214.194 209.554 195.526 147.077 140.266 122.328 111.362 33.4686 77.8936 14.7764 67.9192 17.9382 3.325 64.2918 12.3676 2.90633 48.4483 9.97433 6.3921 10.9655 9.73048 54.5613 52.9226 29.167 10.9012 18.2658 11.4582 42.0562 40.7293
internal_count=12951 12595 12003 11131 8567 8093 7585 7084 2868 4216 915 2404 508 62 2166 280 100 2564 1812 115 501 373 1793 1765 1075 401 674 481 2449 2336
is_linear=0
shrinkage=0.05


Tree=137
num_leaves=31
num_cat=0
split_feature=30 42 4 43 47 7 26 39 41 43 4 42 48 15 43 43 16 18 26 15 38 39 36 37 43 42 37 35 17 41
split_gain=3.69924 3.42236 3.257 6.04269 5.68412 5.02105 4.14095 3.66988 3.48739 3.44965 4.76617 3.11038 2.96361 3.44125 6.28285 5.11049 4.79959 3.90066 2.96336 2.68053 3.15597 4.49145 3.05809 2.88346 2.6872 2.6545 3.46284 2.50807 2.47696 3.57696
threshold=-1.4127417802810667 0.70745801925659191 -0.16295496374368665 0.35067877173423773 -0.071036703884601579 0.72328144311904918 -0.5566144287586211 0.19325519353151324 1.5067873001098635 0.84583035111427318 -0.16295688599348065 0.58048313856124889 -0.82203787565231312 -0.78879058361053456 0.14634946733713153 -0.18335819989442823 -0.22594466805458066 -0.23248054087162015 0.072721712291240706 -0.45943021774291987 -0.28869822621345514 -0.67553454637527455 -2.3391258716583248 0.9810050129890443 -1.6072765588760374 0.66445833444595348 -1.2057693004608152 0.092048645019531264 1.223424553871155 -0.23813481628894803
decision_type=2 2 2 2 2 2 2 2 2 2 2 2 2 2 2 2 2 2 2 2 2 2 2 2 2 2 2 2 2 2
left_child=-1 2 4 7 5 9 -5 19 -6 10 18 -10 -12 14 -14 17 25 -15 -2 -4 21 24 -22 27 -21 -16 -27 28 -24 -30
right_child=1 -3 3 6 8 -7 -8 -9 11 -11 12 -13 13 15 16 -17 -18 -19 -20 20 22 -23 23 -25 -26 26 -28 -29 29 -31
leaf_value=-0.022769502409554013 0.045908025157064852 0.044502406821676971 0.037586723262272692 -0.016552488082604021 -0.04460734111040876 0.023571845842675809 0.029787147941314554 -0.051083888429215456 -0.052776003258306718 -0.035249960488119174 0.036066735710888913 0.07161663598888561 0.03704396500887841 0.033898305403818114 -0.043588574038420078 -0.041926228556300821 0.03180455050009813 -0.018067242241937172 0.002164567265942695 0.041196918330434013 -0.071287173617728128 -0.058205704669012849 0.033187716512173802 -0.043027464367887021 -0.031256736700049907 -0.052072848797548137 0.029068998236465249 -0.033173709940094248 0.014406329117904943 -0.072901716063105582
leaf_weight=16.055389857210685 7.4007512811222105 4.659586770751047 4.3765052127419031 5.6319056987413196 11.875454798748249 18.45395487442147 33.481673316506203 3.7482369028730309 0.80647914949804489 8.5650370453367923 3.6336921639740458 1.3334035632433368 8.9440064408117852 5.1469370482955119 9.3092465581139567 15.794489729101779 4.4863194969948372 12.102311084396204 8.1191962416633014 2.6979173696599901 1.2394744937773783 5.4994825739413482 13.241376533755114 2.3990025171951848 2.4345351620577276 2.0590119692496955 3.6381936823017886 2.4571893086831542 5.878092264290899 1.4656361663364794
leaf_count=1129 164 754 126 404 2866 487 1313 1103 436 291 42 15 143 157 141 738 59 630 201 21 37 315 471 224 39 30 49 183 175 167
internal_value=0.00036617 0.00212762 0.00117015 0.00870793 -0.00406808 -0.000168651 0.0231148 -0.00369381 -0.03402 -0.0050802 -0.00187554 0.0247355 -0.00781029 -0.0104036 0.00234802 -0.0213773 -0.0135718 -0.00256144 0.0230238 0.000566985 -0.00377516 -0.0268108 0.00540425 0.00914058 0.00682914 -0.0271374 -0.000256261 0.014572 0.0202712 -0.00301831
internal_weight=226.934 210.879 206.22 84.551 121.668 107.653 39.1136 45.4374 14.0153 89.1992 80.6342 2.13988 65.1142 61.4805 28.4368 33.0437 19.4928 17.2492 15.5199 41.6892 37.3127 10.6319 26.6808 25.4413 5.13245 15.0065 5.69721 23.0423 20.5851 7.34373
internal_count=12910 11781 11027 4578 6449 3132 1717 2861 3317 2645 2354 451 1989 1947 422 1525 279 787 365 1758 1632 375 1257 1220 60 220 79 996 813 342
is_linear=0
shrinkage=0.05


Tree=138
num_leaves=31
num_cat=0
split_feature=15 4 43 48 38 7 39 4 48 28 26 15 43 3 43 4 21 15 15 17 41 43 11 33 2 36 21 17 33 1
split_gain=3.67308 5.49981 5.48289 4.78405 4.75682 5.40516 5.04744 3.86876 3.59336 3.34937 3.25738 3.17802 7.3969 3.62519 3.1432 3.35418 4.17818 3.33434 3.01826 2.96108 3.3831 2.90712 3.09488 3.54677 2.89221 2.81863 3.28622 2.61749 2.57887 2.54535
threshold=-0.80236974358558644 -0.1629558131098747 0.24643782526254657 -0.069384519010782228 -0.24034670740365979 -1.5199029445648191 -0.43085643649101252 -0.16295666247606275 -0.76735520362853993 -5.4131097793579093 1.0881937146186831 -0.45943021774291987 -0.13541486859321591 -0.38240846991538996 0.84583035111427318 -0.16295694559812543 -0.63271600008010853 -1.0029196143150327 -1.2392413616180418 -0.58519524335861195 -0.23813481628894803 0.52840870618820202 -0.30124913156032557 -0.99532169103622425 -0.57132932543754567 -2.8432272672653194 -0.037476846948266022 -0.38711650669574732 0.14085844904184344 0.63754126429557811
decision_type=2 2 2 2 2 2 2 2 2 2 2 2 2 2 2 2 2 2 2 2 2 2 2 2 2 2 2 2 2 2
left_child=1 2 -1 4 6 8 11 14 9 -6 -5 12 19 -14 15 -4 -17 -18 -16 20 29 -8 -23 -24 -19 -13 -27 -7 -10 -2
right_child=3 -3 7 10 5 27 21 -9 28 -11 -12 25 13 -15 18 16 17 24 -20 -21 -22 22 23 -25 -26 26 -28 -29 -30 -31
leaf_value=0.030544469258692641 0.03807606032562269 0.04876210680268725 0.038981861026819095 -0.0480592560922736 -0.037341639067752334 -0.090281981235189809 -0.039034292814743715 -0.042740862770291384 -0.019649514567414365 0.040724362203014945 0.01269086788844772 -0.094639866728222166 0.023235871619882716 -0.026374745432993136 0.047563057516319923 0.03034094936437931 0.026054783565746992 0.018100459200278488 -0.025372945267979331 0.043025684262723421 -0.062330653953284382 -0.051427444980260931 -0.045684544582602959 0.041373582027698433 -0.046357404337511218 0.0053407772406019287 -0.032401004691562992 0.035344289179531183 0.020496360346009324 -0.023275183509288897
leaf_weight=15.955885197035967 5.4978493688395247 8.1276909424923343 7.9494108219514628 9.3138213396014162 1.6951764049008486 0.42423304414842533 16.746572202537212 5.4969876427203479 18.974414005584553 7.2512901592999679 2.8916088630212462 1.0656661954708422 4.849979571823499 15.294806245714424 1.5955428951419826 7.5793020861456215 3.4356431290507361 2.2724240685929571 12.779493497160733 12.827230243710799 1.5147417542175405 2.3157678554998711 1.626037305453792 4.1706493344972824 7.4314535657176561 12.934853017446587 10.408715262659824 18.323314238281455 5.068892730108927 2.441304306150414
leaf_count=307 87 721 223 3295 21 110 2417 121 757 284 396 20 59 375 151 127 79 33 746 206 68 400 30 137 144 261 666 450 229 39
internal_value=0.000716676 0.0100018 0.00511726 -0.00361597 -0.00105876 0.0110633 -0.00789846 -0.00324103 -0.00111976 0.0259324 -0.0336668 -0.000744042 0.00752599 -0.0144307 0.00180343 0.0113711 0.000777418 -0.0162758 -0.0172775 0.0273774 0.00614559 -0.0271336 -0.00256693 0.0169528 -0.0312629 -0.0151183 -0.011488 0.0325015 -0.0111858 0.0192104
internal_weight=228.261 72.6238 64.4961 155.637 143.431 51.7373 91.6942 48.5403 32.9898 8.94647 12.2054 66.8351 42.4259 20.1448 43.0433 28.6682 20.7188 13.1395 14.375 22.2811 9.4539 24.859 8.11245 5.79669 9.70388 24.4092 23.3436 18.7475 24.0433 7.93915
internal_count=12959 2652 1931 10307 6616 1851 4765 1624 1291 305 3691 1781 834 434 1503 606 383 256 897 400 194 2984 567 167 177 947 927 560 986 126
is_linear=0
shrinkage=0.05


end of trees

feature_importances:
noisefloor_var=314
subband_ratio_5k_8k=274
mean_energy_db=273
comfort_noise_score=251
spec_tilt=222
flux_std=159
bandedge_drop_3400=156
flux_mean=153
subband_ratio_0_300=132
dyn_range_db=122
hf_void_frac=115
spec_kurtosis=115
f0_std=114
thd3_ratio=108
dead_floor_frac=108
thd2_ratio=105
f0_mean=98
thd_proxy=96
qnoise_flatness=96
srmr_band1=83
subband_ratio_1k_3k4=74
bandedge_drop_300=74
spec_skew=69
srmr_band4=68
resonance_peak_db=63
subband_ratio_300_1k=59
crest_factor_mean=53
gap_flatness=52
hbcorr_4k_8k=52
zcr_std=48
crest_factor_std=47
zcr_mean=38
subband_ratio_3k4_5k=37
mod_syllable_ratio=36
gating_drop_rate=34
hbcorr_3k4_4k=33
silence_frac=30
spec_flatness=29
spec_spread=26
env_decay_t12=24
plateau_frac=23
spec_crest=21
env_decay_slope=20
spec_centroid=18
srmr_mean=14
spec_rolloff85=13
voiced_frac=11
spec_rolloff95=10

parameters:
[boosting: gbdt]
[objective: binary]
[metric: auc]
[tree_learner: serial]
[device_type: cpu]
[data_sample_strategy: bagging]
[data: ]
[valid: ]
[num_iterations: 500]
[learning_rate: 0.05]
[num_leaves: 31]
[num_threads: 2]
[seed: 0]
[deterministic: 0]
[force_col_wise: 0]
[force_row_wise: 0]
[histogram_pool_size: -1]
[max_depth: -1]
[min_data_in_leaf: 10]
[min_sum_hessian_in_leaf: 0.001]
[bagging_fraction: 0.9]
[pos_bagging_fraction: 1]
[neg_bagging_fraction: 1]
[bagging_freq: 1]
[bagging_seed: 7719]
[bagging_by_query: 0]
[feature_fraction: 0.9]
[feature_fraction_bynode: 1]
[feature_fraction_seed: 2437]
[extra_trees: 0]
[extra_seed: 11797]
[early_stopping_round: 0]
[early_stopping_min_delta: 0]
[first_metric_only: 0]
[max_delta_step: 0]
[lambda_l1: 0]
[lambda_l2: 0]
[linear_lambda: 0]
[min_gain_to_split: 0]
[drop_rate: 0.1]
[max_drop: 50]
[skip_drop: 0.5]
[xgboost_dart_mode: 0]
[uniform_drop: 0]
[drop_seed: 21238]
[top_rate: 0.2]
[other_rate: 0.1]
[min_data_per_group: 100]
[max_cat_threshold: 32]
[cat_l2: 10]
[cat_smooth: 10]
[max_cat_to_onehot: 4]
[top_k: 20]
[monotone_constraints: ]
[monotone_constraints_method: basic]
[monotone_penalty: 0]
[feature_contri: ]
[forcedsplits_filename: ]
[refit_decay_rate: 0.9]
[cegb_tradeoff: 1]
[cegb_penalty_split: 0]
[cegb_penalty_feature_lazy: ]
[cegb_penalty_feature_coupled: ]
[path_smooth: 0]
[interaction_constraints: ]
[verbosity: -1]
[saved_feature_importance_type: 0]
[use_quantized_grad: 0]
[num_grad_quant_bins: 4]
[quant_train_renew_leaf: 0]
[stochastic_rounding: 1]
[linear_tree: 0]
[max_bin: 255]
[max_bin_by_feature: ]
[min_data_in_bin: 3]
[bin_construct_sample_cnt: 200000]
[data_random_seed: 38]
[is_enable_sparse: 1]
[enable_bundle: 1]
[use_missing: 1]
[zero_as_missing: 0]
[feature_pre_filter: 1]
[pre_partition: 0]
[two_round: 0]
[header: 0]
[label_column: ]
[weight_column: ]
[group_column: ]
[ignore_column: ]
[categorical_feature: ]
[forcedbins_filename: ]
[precise_float_parser: 0]
[parser_config_file: ]
[objective_seed: 8855]
[num_class: 1]
[is_unbalance: 0]
[scale_pos_weight: 1]
[sigmoid: 1]
[boost_from_average: 1]
[reg_sqrt: 0]
[alpha: 0.9]
[fair_c: 1]
[poisson_max_delta_step: 0.7]
[tweedie_variance_power: 1.5]
[lambdarank_truncation_level: 30]
[lambdarank_norm: 1]
[label_gain: ]
[lambdarank_position_bias_regularization: 0]
[eval_at: ]
[multi_error_top_k: 1]
[auc_mu_weights: ]
[num_machines: 1]
[local_listen_port: 12400]
[time_out: 120]
[machine_list_filename: ]
[machines: ]
[gpu_platform_id: -1]
[gpu_device_id: -1]
[gpu_use_dp: 0]
[num_gpu: 1]

end of parameters

pandas_categorical:null
